time_s,direct_x_m,direct_y_m,direct_z_m,direct_vx_mps,direct_vy_mps,direct_vz_mps,iter_x_m,iter_y_m,iter_z_m,iter_vx_mps,iter_vy_mps,iter_vz_mps,analytic_x_m,analytic_y_m,analytic_z_m,analytic_vx_mps,analytic_vy_mps,analytic_vz_mps
0.000000000000000000e+00,4.000000000000000000e+04,0.000000000000000000e+00,0.000000000000000000e+00,0.000000000000000000e+00,-5.833727889436835845e+00,0.000000000000000000e+00,4.000000000000000000e+04,0.000000000000000000e+00,0.000000000000000000e+00,0.000000000000000000e+00,-5.833727889436835845e+00,0.000000000000000000e+00,4.000000000000000000e+04,-0.000000000000000000e+00,0.000000000000000000e+00,-0.000000000000000000e+00,-5.833727889436835845e+00,0.000000000000000000e+00
1.000000000000000000e+02,3.999893649280373938e+04,-5.833676187581929753e+02,0.000000000000000000e+00,-2.127004967090016796e-02,-5.833572784147048829e+00,0.000000000000000000e+00,3.999893649280373938e+04,-5.833676187581929753e+02,0.000000000000000000e+00,-2.127004967090016796e-02,-5.833572784147048829e+00,0.000000000000000000e+00,3.999893649280373211e+04,-5.833676187581930890e+02,0.000000000000000000e+00,-2.127004967090016449e-02,-5.833572784147048829e+00,0.000000000000000000e+00
2.000000000000000000e+02,3.999574602776730899e+04,-1.166704216733355224e+03,0.000000000000000000e+00,-4.253896829925585266e-02,-5.833107476525467128e+00,0.000000000000000000e+00,3.999574602776731626e+04,-1.166704216733354997e+03,0.000000000000000000e+00,-4.253896829925583184e-02,-5.833107476525467128e+00,0.000000000000000000e+00,3.999574602776730899e+04,-1.166704216733355224e+03,0.000000000000000000e+00,-4.253896829925583184e-02,-5.833107476525467128e+00,0.000000000000000000e+00
3.000000000000000000e+02,3.999042877454485279e+04,-1.749978774791996557e+03,0.000000000000000000e+00,-6.380562490266611375e-02,-5.832331991314990027e+00,0.000000000000000000e+00,3.999042877454486006e+04,-1.749978774791996784e+03,0.000000000000000000e+00,-6.380562490266608600e-02,-5.832331991314990915e+00,0.000000000000000000e+00,3.999042877454484551e+04,-1.749978774791996784e+03,0.000000000000000000e+00,-6.380562490266609987e-02,-5.832331991314990027e+00,0.000000000000000000e+00
4.000000000000000000e+02,3.998298501588321233e+04,-2.333160277099622363e+03,0.000000000000000000e+00,-8.506888861901401588e-02,-5.831246369752324021e+00,0.000000000000000000e+00,3.998298501588322688e+04,-2.333160277099622817e+03,0.000000000000000000e+00,-8.506888861901400201e-02,-5.831246369752324910e+00,0.000000000000000000e+00,3.998298501588320505e+04,-2.333160277099622817e+03,0.000000000000000000e+00,-8.506888861901402976e-02,-5.831246369752324910e+00,0.000000000000000000e+00
5.000000000000000000e+02,3.997341514760693099e+04,-2.916217712770011076e+03,0.000000000000000000e+00,-1.063276287666007347e-01,-5.829850669565786347e+00,0.000000000000000000e+00,3.997341514760696009e+04,-2.916217712770011985e+03,0.000000000000000000e+00,-1.063276287666006653e-01,-5.829850669565787236e+00,0.000000000000000000e+00,3.997341514760693826e+04,-2.916217712770011531e+03,0.000000000000000000e+00,-1.063276287666007347e-01,-5.829850669565786347e+00,0.000000000000000000e+00
6.000000000000000000e+02,3.996171967859721917e+04,-3.499120077514229706e+03,0.000000000000000000e+00,-1.275807149042696986e-01,-5.828144964972236330e+00,0.000000000000000000e+00,3.996171967859724828e+04,-3.499120077514229706e+03,0.000000000000000000e+00,-1.275807149042695599e-01,-5.828144964972236330e+00,0.000000000000000000e+00,3.996171967859721917e+04,-3.499120077514230161e+03,0.000000000000000000e+00,-1.275807149042696709e-01,-5.828144964972235442e+00,0.000000000000000000e+00
7.000000000000000000e+02,3.994789923076483683e+04,-4.081836375289295120e+03,0.000000000000000000e+00,-1.488270168915183378e-01,-5.826129346673128317e+00,0.000000000000000000e+00,3.994789923076486593e+04,-4.081836375289295574e+03,0.000000000000000000e+00,-1.488270168915181713e-01,-5.826129346673128317e+00,0.000000000000000000e+00,3.994789923076482955e+04,-4.081836375289296029e+03,0.000000000000000000e+00,-1.488270168915183100e-01,-5.826129346673128317e+00,0.000000000000000000e+00
8.000000000000000000e+02,3.993195453901705332e+04,-4.664335619946406950e+03,0.000000000000000000e+00,-1.700654049485937902e-01,-5.823803921849690646e+00,0.000000000000000000e+00,3.993195453901708970e+04,-4.664335619946406041e+03,0.000000000000000000e+00,-1.700654049485935959e-01,-5.823803921849691534e+00,0.000000000000000000e+00,3.993195453901705332e+04,-4.664335619946406041e+03,0.000000000000000000e+00,-1.700654049485937902e-01,-5.823803921849691534e+00,0.000000000000000000e+00
9.000000000000000000e+02,3.991388645121861919e+04,-5.246586836878635040e+03,0.000000000000000000e+00,-1.912947497165693456e-01,-5.821168814157227089e+00,0.000000000000000000e+00,3.991388645121865557e+04,-5.246586836878635040e+03,0.000000000000000000e+00,-1.912947497165690680e-01,-5.821168814157227978e+00,0.000000000000000000e+00,3.991388645121861191e+04,-5.246586836878635950e+03,0.000000000000000000e+00,-1.912947497165693178e-01,-5.821168814157227089e+00,0.000000000000000000e+00
1.000000000000000000e+03,3.989369592814658245e+04,-5.828559064668020255e+03,0.000000000000000000e+00,-2.125139223173982961e-01,-5.818224163718536346e+00,0.000000000000000000e+00,3.989369592814662610e+04,-5.828559064668021165e+03,0.000000000000000000e+00,-2.125139223173979075e-01,-5.818224163718536346e+00,0.000000000000000000e+00,3.989369592814658245e+04,-5.828559064668022074e+03,0.000000000000000000e+00,-2.125139223173982406e-01,-5.818224163718536346e+00,0.000000000000000000e+00
1.100000000000000000e+03,3.987138404343927687e+04,-6.410221356731950436e+03,0.000000000000000000e+00,-2.337217944139425851e-01,-5.814970127116463772e+00,0.000000000000000000e+00,3.987138404343933507e+04,-6.410221356731949527e+03,0.000000000000000000e+00,-2.337217944139421411e-01,-5.814970127116463772e+00,0.000000000000000000e+00,3.987138404343927687e+04,-6.410221356731951346e+03,0.000000000000000000e+00,-2.337217944139425851e-01,-5.814970127116463772e+00,0.000000000000000000e+00
1.200000000000000000e+03,3.984695198353922024e+04,-6.991542782968750544e+03,0.000000000000000000e+00,-2.549172382699725903e-01,-5.811406877385579151e+00,0.000000000000000000e+00,3.984695198353927117e+04,-6.991542782968750544e+03,0.000000000000000000e+00,-2.549172382699722017e-01,-5.811406877385578262e+00,0.000000000000000000e+00,3.984695198353921296e+04,-6.991542782968751453e+03,0.000000000000000000e+00,-2.549172382699727013e-01,-5.811406877385578262e+00,0.000000000000000000e+00
1.300000000000000000e+03,3.982040104762994451e+04,-7.572492431402415605e+03,0.000000000000000000e+00,-2.760991268101352647e-01,-5.807534604002966283e+00,0.000000000000000000e+00,3.982040104763001000e+04,-7.572492431402416514e+03,0.000000000000000000e+00,-2.760991268101345986e-01,-5.807534604002965395e+00,0.000000000000000000e+00,3.982040104762994451e+04,-7.572492431402416514e+03,0.000000000000000000e+00,-2.760991268101352092e-01,-5.807534604002965395e+00,0.000000000000000000e+00
1.400000000000000000e+03,3.979173264756707067e+04,-8.153039409826357769e+03,0.000000000000000000e+00,-2.972663336798854194e-01,-5.803353512878156373e+00,0.000000000000000000e+00,3.979173264756712888e+04,-8.153039409826357769e+03,0.000000000000000000e+00,-2.972663336798846978e-01,-5.803353512878156373e+00,0.000000000000000000e+00,3.979173264756706340e+04,-8.153039409826357769e+03,0.000000000000000000e+00,-2.972663336798854194e-01,-5.803353512878156373e+00,0.000000000000000000e+00
1.500000000000000000e+03,3.976094830780304619e+04,-8.733152847446108353e+03,0.000000000000000000e+00,-3.184177333053819225e-01,-5.798863826342175010e+00,0.000000000000000000e+00,3.976094830780311895e+04,-8.733152847446108353e+03,0.000000000000000000e+00,-3.184177333053809233e-01,-5.798863826342175010e+00,0.000000000000000000e+00,3.976094830780304619e+04,-8.733152847446110172e+03,0.000000000000000000e+00,-3.184177333053818115e-01,-5.798863826342175010e+00,0.000000000000000000e+00
1.600000000000000000e+03,3.972804966530624370e+04,-9.312801896520890296e+03,0.000000000000000000e+00,-3.395522009533387120e-01,-5.794065783135719627e+00,0.000000000000000000e+00,3.972804966530631646e+04,-9.312801896520890296e+03,0.000000000000000000e+00,-3.395522009533377128e-01,-5.794065783135718739e+00,0.000000000000000000e+00,3.972804966530623642e+04,-9.312801896520892114e+03,0.000000000000000000e+00,-3.395522009533386565e-01,-5.794065783135718739e+00,0.000000000000000000e+00
1.700000000000000000e+03,3.969303846947379498e+04,-9.891955734003955513e+03,0.000000000000000000e+00,-3.606686127908345085e-01,-5.788959638396462104e+00,0.000000000000000000e+00,3.969303846947386774e+04,-9.891955734003953694e+03,0.000000000000000000e+00,-3.606686127908333428e-01,-5.788959638396462104e+00,0.000000000000000000e+00,3.969303846947379498e+04,-9.891955734003955513e+03,0.000000000000000000e+00,-3.606686127908343975e-01,-5.788959638396462104e+00,0.000000000000000000e+00
1.800000000000000000e+03,3.965591658203864790e+04,-1.047058356318160259e+04,0.000000000000000000e+00,-3.817658459450716801e-01,-5.783545663645488055e+00,0.000000000000000000e+00,3.965591658203872794e+04,-1.047058356318160440e+04,0.000000000000000000e+00,-3.817658459450704589e-01,-5.783545663645488943e+00,0.000000000000000000e+00,3.965591658203864790e+04,-1.047058356318160622e+04,0.000000000000000000e+00,-3.817658459450715691e-01,-5.783545663645488055e+00,0.000000000000000000e+00
1.900000000000000000e+03,3.961668597697051882e+04,-1.104865461531083020e+04,0.000000000000000000e+00,-4.028427785630863678e-01,-5.777824146772853275e+00,0.000000000000000000e+00,3.961668597697060613e+04,-1.104865461531082474e+04,0.000000000000000000e+00,-4.028427785630849245e-01,-5.777824146772853275e+00,0.000000000000000000e+00,3.961668597697052610e+04,-1.104865461531082838e+04,0.000000000000000000e+00,-4.028427785630862568e-01,-5.777824146772853275e+00,0.000000000000000000e+00
2.000000000000000000e+03,3.957534874037095869e+04,-1.162613815125542351e+04,0.000000000000000000e+00,-4.238982898714023229e-01,-5.771795392022274207e+00,0.000000000000000000e+00,3.957534874037103873e+04,-1.162613815125542351e+04,0.000000000000000000e+00,-4.238982898714011016e-01,-5.771795392022274207e+00,0.000000000000000000e+00,3.957534874037095142e+04,-1.162613815125542533e+04,0.000000000000000000e+00,-4.238982898714024339e-01,-5.771795392022275095e+00,0.000000000000000000e+00
2.100000000000000000e+03,3.953190707036236563e+04,-1.220300346312059446e+04,0.000000000000000000e+00,-4.449312602356305657e-01,-5.765459719974955100e+00,0.000000000000000000e+00,3.953190707036246749e+04,-1.220300346312058718e+04,0.000000000000000000e+00,-4.449312602356290114e-01,-5.765459719974955988e+00,0.000000000000000000e+00,3.953190707036237291e+04,-1.220300346312059264e+04,0.000000000000000000e+00,-4.449312602356305657e-01,-5.765459719974955100e+00,0.000000000000000000e+00
2.200000000000000000e+03,3.948636327697121305e+04,-1.277921987588579759e+04,0.000000000000000000e+00,-4.659405712200033189e-01,-5.758817467532536760e+00,0.000000000000000000e+00,3.948636327697131492e+04,-1.277921987588579577e+04,0.000000000000000000e+00,-4.659405712200016536e-01,-5.758817467532538537e+00,0.000000000000000000e+00,3.948636327697122033e+04,-1.277921987588579941e+04,0.000000000000000000e+00,-4.659405712200032634e-01,-5.758817467532537648e+00,0.000000000000000000e+00
2.300000000000000000e+03,3.943871978200509329e+04,-1.335475674903597610e+04,0.000000000000000000e+00,-4.869251056468497652e-01,-5.751868987899182883e+00,0.000000000000000000e+00,3.943871978200519516e+04,-1.335475674903597064e+04,0.000000000000000000e+00,-4.869251056468479888e-01,-5.751868987899183772e+00,0.000000000000000000e+00,3.943871978200508602e+04,-1.335475674903597428e+04,0.000000000000000000e+00,-4.869251056468498207e-01,-5.751868987899182883e+00,0.000000000000000000e+00
2.400000000000000000e+03,3.938897911892396951e+04,-1.392958347819079427e+04,0.000000000000000000e+00,-5.078837476560011943e-01,-5.744614650562797742e+00,0.000000000000000000e+00,3.938897911892407865e+04,-1.392958347819079245e+04,0.000000000000000000e+00,-5.078837476559994180e-01,-5.744614650562798630e+00,0.000000000000000000e+00,3.938897911892396951e+04,-1.392958347819079609e+04,0.000000000000000000e+00,-5.078837476560013053e-01,-5.744614650562798630e+00,0.000000000000000000e+00
2.500000000000000000e+03,3.933714393270551955e+04,-1.450366949673211820e+04,0.000000000000000000e+00,-5.288153827641277616e-01,-5.737054841275379680e+00,0.000000000000000000e+00,3.933714393270562869e+04,-1.450366949673211093e+04,0.000000000000000000e+00,-5.288153827641257632e-01,-5.737054841275380568e+00,0.000000000000000000e+00,3.933714393270551955e+04,-1.450366949673211639e+04,0.000000000000000000e+00,-5.288153827641278726e-01,-5.737054841275379680e+00,0.000000000000000000e+00
2.600000000000000000e+03,3.928321697970440437e+04,-1.507698427742933018e+04,0.000000000000000000e+00,-5.497188979240010820e-01,-5.729189962032506855e+00,0.000000000000000000e+00,3.928321697970452806e+04,-1.507698427742932836e+04,0.000000000000000000e+00,-5.497188979239988615e-01,-5.729189962032507744e+00,0.000000000000000000e+00,3.928321697970441164e+04,-1.507698427742933200e+04,0.000000000000000000e+00,-5.497188979240010820e-01,-5.729189962032507744e+00,0.000000000000000000e+00
2.700000000000000000e+03,3.922720112750578846e+04,-1.564949733406270025e+04,0.000000000000000000e+00,-5.705931815836811083e-01,-5.721020431051965005e+00,0.000000000000000000e+00,3.922720112750590488e+04,-1.564949733406268933e+04,0.000000000000000000e+00,-5.705931815836785548e-01,-5.721020431051965005e+00,0.000000000000000000e+00,3.922720112750578846e+04,-1.564949733406269661e+04,0.000000000000000000e+00,-5.705931815836809973e-01,-5.721020431051965005e+00,0.000000000000000000e+00
2.800000000000000000e+03,3.916909935477272666e+04,-1.622117822304442052e+04,0.000000000000000000e+00,-5.914371237456230723e-01,-5.712546682751500349e+00,0.000000000000000000e+00,3.916909935477285035e+04,-1.622117822304441324e+04,0.000000000000000000e+00,-5.914371237456204078e-01,-5.712546682751501237e+00,0.000000000000000000e+00,3.916909935477272666e+04,-1.622117822304442052e+04,0.000000000000000000e+00,-5.914371237456230723e-01,-5.712546682751501237e+00,0.000000000000000000e+00
2.900000000000000000e+03,3.910891475108791201e+04,-1.679199654503753845e+04,0.000000000000000000e+00,-6.122496160257027142e-01,-5.703769167725730505e+00,0.000000000000000000e+00,3.910891475108804298e+04,-1.679199654503752754e+04,0.000000000000000000e+00,-6.122496160257001607e-01,-5.703769167725731393e+00,0.000000000000000000e+00,3.910891475108791201e+04,-1.679199654503753845e+04,0.000000000000000000e+00,-6.122496160257029363e-01,-5.703769167725730505e+00,0.000000000000000000e+00
3.000000000000000000e+03,3.904665051678929012e+04,-1.736192194657238360e+04,0.000000000000000000e+00,-6.330295517121553583e-01,-5.694688352722174329e+00,0.000000000000000000e+00,3.904665051678943564e+04,-1.736192194657237633e+04,0.000000000000000000e+00,-6.330295517121520277e-01,-5.694688352722175217e+00,0.000000000000000000e+00,3.904665051678929740e+04,-1.736192194657238724e+04,0.000000000000000000e+00,-6.330295517121551363e-01,-5.694688352722174329e+00,0.000000000000000000e+00
3.100000000000000000e+03,3.898230996279995452e+04,-1.793092412166067515e+04,0.000000000000000000e+00,-6.537758258244221743e-01,-5.685304720616437102e+00,0.000000000000000000e+00,3.898230996280008549e+04,-1.793092412166066424e+04,0.000000000000000000e+00,-6.537758258244191767e-01,-5.685304720616437102e+00,0.000000000000000000e+00,3.898230996279994724e+04,-1.793092412166067515e+04,0.000000000000000000e+00,-6.537758258244222853e-01,-5.685304720616436214e+00,0.000000000000000000e+00
3.200000000000000000e+03,3.891589651045195933e+04,-1.849897281340700283e+04,0.000000000000000000e+00,-6.744873351719142818e-01,-5.675618770386531509e+00,0.000000000000000000e+00,3.891589651045211212e+04,-1.849897281340699919e+04,0.000000000000000000e+00,-6.744873351719107291e-01,-5.675618770386531509e+00,0.000000000000000000e+00,3.891589651045195933e+04,-1.849897281340700647e+04,0.000000000000000000e+00,-6.744873351719141708e-01,-5.675618770386531509e+00,0.000000000000000000e+00
3.300000000000000000e+03,3.884741369130458042e+04,-1.906603781561780852e+04,0.000000000000000000e+00,-6.951629784126680534e-01,-5.665631017086346866e+00,0.000000000000000000e+00,3.884741369130472594e+04,-1.906603781561780124e+04,0.000000000000000000e+00,-6.951629784126649447e-01,-5.665631017086346866e+00,0.000000000000000000e+00,3.884741369130457315e+04,-1.906603781561780852e+04,0.000000000000000000e+00,-6.951629784126684974e-01,-5.665631017086346866e+00,0.000000000000000000e+00
3.400000000000000000e+03,3.877686514695632650e+04,-1.963208897440754299e+04,0.000000000000000000e+00,-7.158016561119167065e-01,-5.655341991818259473e+00,0.000000000000000000e+00,3.877686514695648657e+04,-1.963208897440753935e+04,0.000000000000000000e+00,-7.158016561119130428e-01,-5.655341991818258585e+00,0.000000000000000000e+00,3.877686514695632650e+04,-1.963208897440754299e+04,0.000000000000000000e+00,-7.158016561119168175e-01,-5.655341991818258585e+00,0.000000000000000000e+00
3.500000000000000000e+03,3.870425462885145680e+04,-2.019709618980218511e+04,0.000000000000000000e+00,-7.364022708005464324e-01,-5.644752241704887652e+00,0.000000000000000000e+00,3.870425462885162415e+04,-2.019709618980217419e+04,0.000000000000000000e+00,-7.364022708005424356e-01,-5.644752241704888540e+00,0.000000000000000000e+00,3.870425462885145680e+04,-2.019709618980218511e+04,0.000000000000000000e+00,-7.364022708005465434e-01,-5.644752241704887652e+00,0.000000000000000000e+00
3.600000000000000000e+03,3.862958599808038707e+04,-2.076102941733973785e+04,0.000000000000000000e+00,-7.569637270334590440e-01,-5.633862329860006568e+00,0.000000000000000000e+00,3.862958599808055442e+04,-2.076102941733972693e+04,0.000000000000000000e+00,-7.569637270334543810e-01,-5.633862329860007456e+00,0.000000000000000000e+00,3.862958599808039435e+04,-2.076102941733974149e+04,0.000000000000000000e+00,-7.569637270334589330e-01,-5.633862329860006568e+00,0.000000000000000000e+00
3.700000000000000000e+03,3.855286322517443477e+04,-2.132385866966793037e+04,0.000000000000000000e+00,-7.774849314478204931e-01,-5.622672835358595300e+00,0.000000000000000000e+00,3.855286322517460212e+04,-2.132385866966791946e+04,0.000000000000000000e+00,-7.774849314478158302e-01,-5.622672835358596188e+00,0.000000000000000000e+00,3.855286322517442750e+04,-2.132385866966793401e+04,0.000000000000000000e+00,-7.774849314478204931e-01,-5.622672835358595300e+00,0.000000000000000000e+00
3.800000000000000000e+03,3.847409038989462715e+04,-2.188555401813876233e+04,0.000000000000000000e+00,-7.979647928212028063e-01,-5.611184353206051689e+00,0.000000000000000000e+00,3.847409038989480905e+04,-2.188555401813874050e+04,0.000000000000000000e+00,-7.979647928211979213e-01,-5.611184353206052577e+00,0.000000000000000000e+00,3.847409038989463443e+04,-2.188555401813875505e+04,0.000000000000000000e+00,-7.979647928212029173e-01,-5.611184353206051689e+00,0.000000000000000000e+00
3.900000000000000000e+03,3.839327168101485586e+04,-2.244608559439994497e+04,0.000000000000000000e+00,-8.184022221296087807e-01,-5.599397494306546541e+00,0.000000000000000000e+00,3.839327168101503776e+04,-2.244608559439993405e+04,0.000000000000000000e+00,-8.184022221296032296e-01,-5.599397494306547429e+00,0.000000000000000000e+00,3.839327168101486313e+04,-2.244608559439994860e+04,0.000000000000000000e+00,-8.184022221296085586e-01,-5.599397494306546541e+00,0.000000000000000000e+00
4.000000000000000000e+03,3.831041139609905076e+04,-2.300542359198324630e+04,0.000000000000000000e+00,-8.387961326053803290e-01,-5.587312885430543830e+00,0.000000000000000000e+00,3.831041139609921811e+04,-2.300542359198324266e+04,0.000000000000000000e+00,-8.387961326053747779e-01,-5.587312885430544718e+00,0.000000000000000000e+00,3.831041139609904349e+04,-2.300542359198325357e+04,0.000000000000000000e+00,-8.387961326053803290e-01,-5.587312885430543830e+00,0.000000000000000000e+00
4.100000000000000000e+03,3.822551394127262756e+04,-2.356353826788939841e+04,0.000000000000000000e+00,-8.591454397949913613e-01,-5.574931169181467361e+00,0.000000000000000000e+00,3.822551394127280946e+04,-2.356353826788938386e+04,0.000000000000000000e+00,-8.591454397949849220e-01,-5.574931169181469137e+00,0.000000000000000000e+00,3.822551394127262756e+04,-2.356353826788939841e+04,0.000000000000000000e+00,-8.591454397949909172e-01,-5.574931169181467361e+00,0.000000000000000000e+00
4.200000000000000000e+03,3.813858383098834020e+04,-2.412039994416967602e+04,0.000000000000000000e+00,-8.794490616167078834e-01,-5.562253003961535214e+00,0.000000000000000000e+00,3.813858383098852937e+04,-2.412039994416965419e+04,0.000000000000000000e+00,-8.794490616167018882e-01,-5.562253003961536990e+00,0.000000000000000000e+00,3.813858383098834020e+04,-2.412039994416966874e+04,0.000000000000000000e+00,-8.794490616167081054e-01,-5.562253003961536102e+00,0.000000000000000000e+00
4.300000000000000000e+03,3.804962568778606510e+04,-2.467597900950406984e+04,0.000000000000000000e+00,-8.997059184181366298e-01,-5.549279063936744194e+00,0.000000000000000000e+00,3.804962568778625428e+04,-2.467597900950405165e+04,0.000000000000000000e+00,-8.997059184181298575e-01,-5.549279063936745970e+00,0.000000000000000000e+00,3.804962568778605782e+04,-2.467597900950406620e+04,0.000000000000000000e+00,-8.997059184181364078e-01,-5.549279063936744194e+00,0.000000000000000000e+00
4.400000000000000000e+03,3.795864424204707029e+04,-2.523024592077588386e+04,0.000000000000000000e+00,-9.199149330336267028e-01,-5.536010039001023841e+00,0.000000000000000000e+00,3.795864424204726674e+04,-2.523024592077586931e+04,0.000000000000000000e+00,-9.199149330336197083e-01,-5.536010039001025618e+00,0.000000000000000000e+00,3.795864424204707029e+04,-2.523024592077588750e+04,0.000000000000000000e+00,-9.199149330336265917e-01,-5.536010039001023841e+00,0.000000000000000000e+00
4.500000000000000000e+03,3.786564433174247097e+04,-2.578317120464269101e+04,0.000000000000000000e+00,-9.400750308415553036e-01,-5.522446634739547555e+00,0.000000000000000000e+00,3.786564433174267469e+04,-2.578317120464266918e+04,0.000000000000000000e+00,-9.400750308415478651e-01,-5.522446634739550220e+00,0.000000000000000000e+00,3.786564433174247097e+04,-2.578317120464269101e+04,0.000000000000000000e+00,-9.400750308415549705e-01,-5.522446634739547555e+00,0.000000000000000000e+00
4.600000000000000000e+03,3.777063090217596618e+04,-2.633472545910355620e+04,0.000000000000000000e+00,-9.601851398214664712e-01,-5.508589572391219491e+00,0.000000000000000000e+00,3.777063090217617719e+04,-2.633472545910353074e+04,0.000000000000000000e+00,-9.601851398214593658e-01,-5.508589572391222156e+00,0.000000000000000000e+00,3.777063090217597346e+04,-2.633472545910354893e+04,0.000000000000000000e+00,-9.601851398214665823e-01,-5.508589572391219491e+00,0.000000000000000000e+00
4.700000000000000000e+03,3.767360900572088576e+04,-2.688487935506254871e+04,0.000000000000000000e+00,-9.802441906110814784e-01,-5.494439588810315911e+00,0.000000000000000000e+00,3.767360900572108221e+04,-2.688487935506251961e+04,0.000000000000000000e+00,-9.802441906110733738e-01,-5.494439588810317687e+00,0.000000000000000000e+00,3.767360900572087849e+04,-2.688487935506254144e+04,0.000000000000000000e+00,-9.802441906110810343e-01,-5.494439588810315023e+00,0.000000000000000000e+00
4.800000000000000000e+03,3.757458380155143095e+04,-2.743360363788827817e+04,0.000000000000000000e+00,-1.000251116563153797e+00,-5.479997436427303192e+00,0.000000000000000000e+00,3.757458380155163468e+04,-2.743360363788826362e+04,0.000000000000000000e+00,-1.000251116563146470e+00,-5.479997436427304969e+00,0.000000000000000000e+00,3.757458380155142368e+04,-2.743360363788827817e+04,0.000000000000000000e+00,-1.000251116563154241e+00,-5.479997436427303192e+00,0.000000000000000000e+00
4.900000000000000000e+03,3.747356055536847271e+04,-2.798086912896959620e+04,0.000000000000000000e+00,-1.020204853802201050e+00,-5.465263883208831608e+00,0.000000000000000000e+00,3.747356055536870554e+04,-2.798086912896958529e+04,0.000000000000000000e+00,-1.020204853802192835e+00,-5.465263883208834272e+00,0.000000000000000000e+00,3.747356055536848726e+04,-2.798086912896959984e+04,0.000000000000000000e+00,-1.020204853802200828e+00,-5.465263883208831608e+00,0.000000000000000000e+00
5.000000000000000000e+03,3.737054463911952917e+04,-2.852664672726709978e+04,0.000000000000000000e+00,-1.040104341281063327e+00,-5.450239712616895105e+00,0.000000000000000000e+00,3.737054463911975472e+04,-2.852664672726708159e+04,0.000000000000000000e+00,-1.040104341281054667e+00,-5.450239712616898657e+00,0.000000000000000000e+00,3.737054463911952917e+04,-2.852664672726709250e+04,0.000000000000000000e+00,-1.040104341281063105e+00,-5.450239712616895993e+00,0.000000000000000000e+00
5.100000000000000000e+03,3.726554153071296605e+04,-2.907090741086059279e+04,0.000000000000000000e+00,-1.059948520837334485e+00,-5.434925723567172184e+00,0.000000000000000000e+00,3.726554153071319161e+04,-2.907090741086058551e+04,0.000000000000000000e+00,-1.059948520837325381e+00,-5.434925723567174849e+00,0.000000000000000000e+00,3.726554153071295877e+04,-2.907090741086059643e+04,0.000000000000000000e+00,-1.059948520837334263e+00,-5.434925723567172184e+00,0.000000000000000000e+00
5.200000000000000000e+03,3.715855681372685649e+04,-2.961362223849241855e+04,0.000000000000000000e+00,-1.079736337249626033e+00,-5.419322730386538112e+00,0.000000000000000000e+00,3.715855681372708932e+04,-2.961362223849241491e+04,0.000000000000000000e+00,-1.079736337249616929e+00,-5.419322730386541664e+00,0.000000000000000000e+00,3.715855681372685649e+04,-2.961362223849242582e+04,0.000000000000000000e+00,-1.079736337249626033e+00,-5.419322730386538112e+00,0.000000000000000000e+00
5.300000000000000000e+03,3.704959617711203464e+04,-3.015476235110633934e+04,0.000000000000000000e+00,-1.099466738293680912e+00,-5.403431562769771546e+00,0.000000000000000000e+00,3.704959617711227475e+04,-3.015476235110633206e+04,0.000000000000000000e+00,-1.099466738293671808e+00,-5.403431562769775098e+00,0.000000000000000000e+00,3.704959617711203464e+04,-3.015476235110634298e+04,0.000000000000000000e+00,-1.099466738293680912e+00,-5.403431562769771546e+00,0.000000000000000000e+00
5.400000000000000000e+03,3.693866541488954681e+04,-3.069429897338215233e+04,0.000000000000000000e+00,-1.119138674798324740e+00,-5.387253065735428059e+00,0.000000000000000000e+00,3.693866541488980147e+04,-3.069429897338214141e+04,0.000000000000000000e+00,-1.119138674798314970e+00,-5.387253065735430724e+00,0.000000000000000000e+00,3.693866541488955409e+04,-3.069429897338214869e+04,0.000000000000000000e+00,-1.119138674798324296e+00,-5.387253065735427171e+00,0.000000000000000000e+00
5.500000000000000000e+03,3.682577042584260926e+04,-3.123220341526583070e+04,0.000000000000000000e+00,-1.138751100701254071e+00,-5.370788099580906305e+00,0.000000000000000000e+00,3.682577042584286392e+04,-3.123220341526581979e+04,0.000000000000000000e+00,-1.138751100701244301e+00,-5.370788099580909858e+00,0.000000000000000000e+00,3.682577042584260926e+04,-3.123220341526582342e+04,0.000000000000000000e+00,-1.138751100701254071e+00,-5.370788099580906305e+00,0.000000000000000000e+00
5.600000000000000000e+03,3.671091721320287616e+04,-3.176844707349513192e+04,0.000000000000000000e+00,-1.158302973104666123e+00,-5.354037539836709492e+00,0.000000000000000000e+00,3.671091721320313081e+04,-3.176844707349512828e+04,0.000000000000000000e+00,-1.158302973104655909e+00,-5.354037539836712156e+00,0.000000000000000000e+00,3.671091721320286888e+04,-3.176844707349513192e+04,0.000000000000000000e+00,-1.158302973104666123e+00,-5.354037539836709492e+00,0.000000000000000000e+00
5.700000000000000000e+03,3.659411188433123607e+04,-3.230300143312059663e+04,0.000000000000000000e+00,-1.177793252330709972e+00,-5.337002277219877300e+00,0.000000000000000000e+00,3.659411188433149800e+04,-3.230300143312058935e+04,0.000000000000000000e+00,-1.177793252330699758e+00,-5.337002277219879076e+00,0.000000000000000000e+00,3.659411188433123607e+04,-3.230300143312059299e+04,0.000000000000000000e+00,-1.177793252330710416e+00,-5.337002277219877300e+00,0.000000000000000000e+00
5.800000000000000000e+03,3.647536065039309324e+04,-3.283583806902180368e+04,0.000000000000000000e+00,-1.197220901976776108e+00,-5.319683217586627322e+00,0.000000000000000000e+00,3.647536065039336245e+04,-3.283583806902178912e+04,0.000000000000000000e+00,-1.197220901976765228e+00,-5.319683217586630875e+00,0.000000000000000000e+00,3.647536065039309324e+04,-3.283583806902179640e+04,0.000000000000000000e+00,-1.197220901976776330e+00,-5.319683217586627322e+00,0.000000000000000000e+00
5.900000000000000000e+03,3.635466982602803182e+04,-3.336692864741889207e+04,0.000000000000000000e+00,-1.216584888970603906e+00,-5.302081281884190034e+00,0.000000000000000000e+00,3.635466982602832286e+04,-3.336692864741889935e+04,0.000000000000000000e+00,-1.216584888970591916e+00,-5.302081281884193587e+00,0.000000000000000000e+00,3.635466982602804637e+04,-3.336692864741889935e+04,0.000000000000000000e+00,-1.216584888970603462e+00,-5.302081281884190034e+00,0.000000000000000000e+00
6.000000000000000000e+03,3.623204582901410322e+04,-3.389624492737930268e+04,0.000000000000000000e+00,-1.235884183625215904e+00,-5.284197406101828420e+00,0.000000000000000000e+00,3.623204582901438698e+04,-3.389624492737931723e+04,0.000000000000000000e+00,-1.235884183625203914e+00,-5.284197406101831973e+00,0.000000000000000000e+00,3.623204582901410322e+04,-3.389624492737930996e+04,0.000000000000000000e+00,-1.235884183625215904e+00,-5.284197406101828420e+00,0.000000000000000000e+00
6.100000000000000000e+03,3.610749517992643086e+04,-3.442375876231938310e+04,0.000000000000000000e+00,-1.255117759693676227e+00,-5.266032541221072449e+00,0.000000000000000000e+00,3.610749517992672190e+04,-3.442375876231939037e+04,0.000000000000000000e+00,-1.255117759693664015e+00,-5.266032541221075114e+00,0.000000000000000000e+00,3.610749517992642359e+04,-3.442375876231938310e+04,0.000000000000000000e+00,-1.255117759693676449e+00,-5.266032541221072449e+00,0.000000000000000000e+00
6.200000000000000000e+03,3.598102450179059088e+04,-3.494944210150113940e+04,0.000000000000000000e+00,-1.274284594423657158e+00,-5.247587653165147970e+00,0.000000000000000000e+00,3.598102450179089647e+04,-3.494944210150114668e+04,0.000000000000000000e+00,-1.274284594423644057e+00,-5.247587653165150634e+00,0.000000000000000000e+00,3.598102450179059088e+04,-3.494944210150113940e+04,0.000000000000000000e+00,-1.274284594423657158e+00,-5.247587653165147970e+00,0.000000000000000000e+00
6.300000000000000000e+03,3.585264051973041205e+04,-3.547326699152388028e+04,0.000000000000000000e+00,-1.293383668611824522e+00,-5.228863722747613352e+00,0.000000000000000000e+00,3.585264051973073219e+04,-3.547326699152388028e+04,0.000000000000000000e+00,-1.293383668611810977e+00,-5.228863722747616016e+00,0.000000000000000000e+00,3.585264051973042660e+04,-3.547326699152387300e+04,0.000000000000000000e+00,-1.293383668611824522e+00,-5.228863722747613352e+00,0.000000000000000000e+00
6.400000000000000000e+03,3.572235006061035529e+04,-3.599520557781056414e+04,0.000000000000000000e+00,-1.312413966658037001e+00,-5.209861745620207429e+00,0.000000000000000000e+00,3.572235006061067543e+04,-3.599520557781058596e+04,0.000000000000000000e+00,-1.312413966658022790e+00,-5.209861745620209206e+00,0.000000000000000000e+00,3.572235006061035529e+04,-3.599520557781057141e+04,0.000000000000000000e+00,-1.312413966658036779e+00,-5.209861745620207429e+00,0.000000000000000000e+00
6.500000000000000000e+03,3.559016005267243600e+04,-3.651523010608911136e+04,0.000000000000000000e+00,-1.331374476619347824e+00,-5.190582732219898965e+00,0.000000000000000000e+00,3.559016005267275614e+04,-3.651523010608913319e+04,0.000000000000000000e+00,-1.331374476619333391e+00,-5.190582732219900741e+00,0.000000000000000000e+00,3.559016005267243600e+04,-3.651523010608911136e+04,0.000000000000000000e+00,-1.331374476619347824e+00,-5.190582732219898965e+00,0.000000000000000000e+00
6.600000000000000000e+03,3.545607752516790788e+04,-3.703331292386809946e+04,0.000000000000000000e+00,-1.350264190263818165e+00,-5.171027707715163402e+00,0.000000000000000000e+00,3.545607752516821347e+04,-3.703331292386811401e+04,0.000000000000000000e+00,-1.350264190263803510e+00,-5.171027707715166066e+00,0.000000000000000000e+00,3.545607752516790060e+04,-3.703331292386809218e+04,0.000000000000000000e+00,-1.350264190263818165e+00,-5.171027707715163402e+00,0.000000000000000000e+00
6.700000000000000000e+03,3.532010960798338056e+04,-3.754942648190726322e+04,0.000000000000000000e+00,-1.369082103124128480e+00,-5.151197711951466474e+00,0.000000000000000000e+00,3.532010960798370797e+04,-3.754942648190729233e+04,0.000000000000000000e+00,-1.369082103124112937e+00,-5.151197711951468250e+00,0.000000000000000000e+00,3.532010960798338783e+04,-3.754942648190726322e+04,0.000000000000000000e+00,-1.369082103124128258e+00,-5.151197711951465585e+00,0.000000000000000000e+00
6.800000000000000000e+03,3.518226353126182948e+04,-3.806354333568246511e+04,0.000000000000000000e+00,-1.387827214550990895e+00,-5.131093799395964439e+00,0.000000000000000000e+00,3.518226353126214963e+04,-3.806354333568250149e+04,0.000000000000000000e+00,-1.387827214550974686e+00,-5.131093799395967991e+00,0.000000000000000000e+00,3.518226353126182221e+04,-3.806354333568247239e+04,0.000000000000000000e+00,-1.387827214550990451e+00,-5.131093799395965327e+00,0.000000000000000000e+00
6.900000000000000000e+03,3.504254662501793064e+04,-3.857563614684504137e+04,0.000000000000000000e+00,-1.406498527766360418e+00,-5.110717039081444035e+00,0.000000000000000000e+00,3.504254662501826533e+04,-3.857563614684505592e+04,0.000000000000000000e+00,-1.406498527766343987e+00,-5.110717039081447588e+00,0.000000000000000000e+00,3.504254662501793064e+04,-3.857563614684504137e+04,0.000000000000000000e+00,-1.406498527766360196e+00,-5.110717039081444035e+00,0.000000000000000000e+00
7.000000000000000000e+03,3.490096631874848390e+04,-3.908567768467547285e+04,0.000000000000000000e+00,-1.425095049916439649e+00,-5.090068514549466627e+00,0.000000000000000000e+00,3.490096631874881859e+04,-3.908567768467548012e+04,0.000000000000000000e+00,-1.425095049916422107e+00,-5.090068514549469292e+00,0.000000000000000000e+00,3.490096631874847662e+04,-3.908567768467546557e+04,0.000000000000000000e+00,-1.425095049916438983e+00,-5.090068514549466627e+00,0.000000000000000000e+00
7.100000000000000000e+03,3.475753014103719033e+04,-3.959364082753145340e+04,0.000000000000000000e+00,-1.443615792124469444e+00,-5.069149323792752071e+00,0.000000000000000000e+00,3.475753014103753230e+04,-3.959364082753146795e+04,0.000000000000000000e+00,-1.443615792124452568e+00,-5.069149323792754736e+00,0.000000000000000000e+00,3.475753014103719033e+04,-3.959364082753144612e+04,0.000000000000000000e+00,-1.443615792124469666e+00,-5.069149323792752071e+00,0.000000000000000000e+00
7.200000000000000000e+03,3.461224571915442357e+04,-4.009949856429010106e+04,0.000000000000000000e+00,-1.462059769543322396e+00,-5.047960579196797859e+00,0.000000000000000000e+00,3.461224571915477281e+04,-4.009949856429013016e+04,0.000000000000000000e+00,-1.462059769543304411e+00,-5.047960579196800524e+00,0.000000000000000000e+00,3.461224571915442357e+04,-4.009949856429010833e+04,0.000000000000000000e+00,-1.462059769543322396e+00,-5.047960579196797859e+00,0.000000000000000000e+00
7.300000000000000000e+03,3.446512077865160245e+04,-4.060322399578427576e+04,0.000000000000000000e+00,-1.480426001407860070e+00,-5.026503407480720220e+00,0.000000000000000000e+00,3.446512077865195170e+04,-4.060322399578429759e+04,0.000000000000000000e+00,-1.480426001407842085e+00,-5.026503407480723773e+00,0.000000000000000000e+00,3.446512077865159517e+04,-4.060322399578427576e+04,0.000000000000000000e+00,-1.480426001407860515e+00,-5.026503407480720220e+00,0.000000000000000000e+00
7.400000000000000000e+03,3.431616314295034681e+04,-4.110479033623288706e+04,0.000000000000000000e+00,-1.498713511087096606e+00,-5.004778949637346486e+00,0.000000000000000000e+00,3.431616314295071061e+04,-4.110479033623290161e+04,0.000000000000000000e+00,-1.498713511087077954e+00,-5.004778949637350927e+00,0.000000000000000000e+00,3.431616314295034681e+04,-4.110479033623288706e+04,0.000000000000000000e+00,-1.498713511087097050e+00,-5.004778949637346486e+00,0.000000000000000000e+00
7.500000000000000000e+03,3.416538073292656190e+04,-4.160417091466530110e+04,0.000000000000000000e+00,-1.516921326136124293e+00,-4.982788360872540068e+00,0.000000000000000000e+00,3.416538073292692570e+04,-4.160417091466532293e+04,0.000000000000000000e+00,-1.516921326136104531e+00,-4.982788360872544509e+00,0.000000000000000000e+00,3.416538073292656190e+04,-4.160417091466530837e+04,0.000000000000000000e+00,-1.516921326136124071e+00,-4.982788360872540068e+00,0.000000000000000000e+00
7.600000000000000000e+03,3.401278156648913864e+04,-4.210133917633961391e+04,0.000000000000000000e+00,-1.535048478347825096e+00,-4.960532810543768711e+00,0.000000000000000000e+00,3.401278156648950971e+04,-4.210133917633961391e+04,0.000000000000000000e+00,-1.535048478347805112e+00,-4.960532810543774040e+00,0.000000000000000000e+00,3.401278156648913136e+04,-4.210133917633960664e+04,0.000000000000000000e+00,-1.535048478347825096e+00,-4.960532810543768711e+00,0.000000000000000000e+00
7.700000000000000000e+03,3.385837375815365522e+04,-4.259626868415457284e+04,0.000000000000000000e+00,-1.553094003804360135e+00,-4.938013482097931117e+00,0.000000000000000000e+00,3.385837375815404084e+04,-4.259626868415458011e+04,0.000000000000000000e+00,-1.553094003804338596e+00,-4.938013482097936446e+00,0.000000000000000000e+00,3.385837375815365522e+04,-4.259626868415458011e+04,0.000000000000000000e+00,-1.553094003804359247e+00,-4.938013482097932005e+00,0.000000000000000000e+00
7.800000000000000000e+03,3.370216551861089829e+04,-4.308893312005556072e+04,0.000000000000000000e+00,-1.571056942928417577e+00,-4.915231573008419730e+00,0.000000000000000000e+00,3.370216551861127664e+04,-4.308893312005556072e+04,0.000000000000000000e+00,-1.571056942928395816e+00,-4.915231573008425059e+00,0.000000000000000000e+00,3.370216551861089101e+04,-4.308893312005556072e+04,0.000000000000000000e+00,-1.571056942928416911e+00,-4.915231573008420618e+00,0.000000000000000000e+00
7.900000000000000000e+03,3.354416515429018909e+04,-4.357930628643391537e+04,0.000000000000000000e+00,-1.588936340534246483e+00,-4.892188294711448115e+00,0.000000000000000000e+00,3.354416515429056744e+04,-4.357930628643390810e+04,0.000000000000000000e+00,-1.588936340534225389e+00,-4.892188294711452556e+00,0.000000000000000000e+00,3.354416515429018182e+04,-4.357930628643390082e+04,0.000000000000000000e+00,-1.588936340534246705e+00,-4.892188294711448115e+00,0.000000000000000000e+00
8.000000000000000000e+03,3.338438106691775465e+04,-4.406736210752003535e+04,0.000000000000000000e+00,-1.606731245878448178e+00,-4.868884872541629605e+00,0.000000000000000000e+00,3.338438106691814028e+04,-4.406736210752005718e+04,0.000000000000000000e+00,-1.606731245878426417e+00,-4.868884872541634046e+00,0.000000000000000000e+00,3.338438106691775465e+04,-4.406736210752004990e+04,0.000000000000000000e+00,-1.606731245878448178e+00,-4.868884872541629605e+00,0.000000000000000000e+00
8.100000000000000000e+03,3.322282175306994759e+04,-4.455307463077009743e+04,0.000000000000000000e+00,-1.624440712710526924e+00,-4.845322545666823189e+00,0.000000000000000000e+00,3.322282175307034049e+04,-4.455307463077011198e+04,0.000000000000000000e+00,-1.624440712710504275e+00,-4.845322545666828518e+00,0.000000000000000000e+00,3.322282175306994759e+04,-4.455307463077009743e+04,0.000000000000000000e+00,-1.624440712710526702e+00,-4.845322545666823189e+00,0.000000000000000000e+00
8.200000000000000000e+03,3.305949580372139462e+04,-4.503641802824586193e+04,0.000000000000000000e+00,-1.642063799323210560e+00,-4.821502567022239560e+00,0.000000000000000000e+00,3.305949580372180208e+04,-4.503641802824587649e+04,0.000000000000000000e+00,-1.642063799323188356e+00,-4.821502567022244889e+00,0.000000000000000000e+00,3.305949580372139462e+04,-4.503641802824586193e+04,0.000000000000000000e+00,-1.642063799323211226e+00,-4.821502567022238672e+00,0.000000000000000000e+00
8.300000000000000000e+03,3.289441190378823376e+04,-4.551736659798825713e+04,0.000000000000000000e+00,-1.659599568602530439e+00,-4.797426203243812637e+00,0.000000000000000000e+00,3.289441190378865576e+04,-4.551736659798828623e+04,0.000000000000000000e+00,-1.659599568602506681e+00,-4.797426203243817966e+00,0.000000000000000000e+00,3.289441190378824103e+04,-4.551736659798826440e+04,0.000000000000000000e+00,-1.659599568602529995e+00,-4.797426203243812637e+00,0.000000000000000000e+00
8.400000000000000000e+03,3.272757883166624742e+04,-4.599589476538408053e+04,0.000000000000000000e+00,-1.677047088077642023e+00,-4.773094734600849876e+00,0.000000000000000000e+00,3.272757883166666943e+04,-4.599589476538408780e+04,0.000000000000000000e+00,-1.677047088077618486e+00,-4.773094734600856093e+00,0.000000000000000000e+00,3.272757883166624742e+04,-4.599589476538406598e+04,0.000000000000000000e+00,-1.677047088077642467e+00,-4.773094734600849876e+00,0.000000000000000000e+00
8.500000000000000000e+03,3.255900545876406250e+04,-4.647197708452577353e+04,0.000000000000000000e+00,-1.694405429970422539e+00,-4.748509454927951623e+00,0.000000000000000000e+00,3.255900545876448814e+04,-4.647197708452579536e+04,0.000000000000000000e+00,-1.694405429970397670e+00,-4.748509454927957840e+00,0.000000000000000000e+00,3.255900545876405886e+04,-4.647197708452578081e+04,0.000000000000000000e+00,-1.694405429970422317e+00,-4.748509454927951623e+00,0.000000000000000000e+00
8.600000000000000000e+03,3.238870074903143177e+04,-4.694558823956477863e+04,0.000000000000000000e+00,-1.711673671244794193e+00,-4.723671671556209262e+00,0.000000000000000000e+00,3.238870074903186833e+04,-4.694558823956480046e+04,0.000000000000000000e+00,-1.711673671244768213e+00,-4.723671671556216367e+00,0.000000000000000000e+00,3.238870074903143177e+04,-4.694558823956477863e+04,0.000000000000000000e+00,-1.711673671244793749e+00,-4.723671671556210150e+00,0.000000000000000000e+00
8.700000000000000000e+03,3.221667375848259326e+04,-4.741670304605749698e+04,0.000000000000000000e+00,-1.728850893655813792e+00,-4.698582705243693702e+00,0.000000000000000000e+00,3.221667375848302981e+04,-4.741670304605750425e+04,0.000000000000000000e+00,-1.728850893655787369e+00,-4.698582705243699920e+00,0.000000000000000000e+00,3.221667375848259326e+04,-4.741670304605748970e+04,0.000000000000000000e+00,-1.728850893655813348e+00,-4.698582705243693702e+00,0.000000000000000000e+00
8.800000000000000000e+03,3.204293363471464181e+04,-4.788529645230453752e+04,0.000000000000000000e+00,-1.745936183798498575e+00,-4.673243890105212017e+00,0.000000000000000000e+00,3.204293363471509292e+04,-4.788529645230458118e+04,0.000000000000000000e+00,-1.745936183798472596e+00,-4.673243890105219123e+00,0.000000000000000000e+00,3.204293363471464909e+04,-4.788529645230455208e+04,0.000000000000000000e+00,-1.745936183798499020e+00,-4.673243890105212017e+00,0.000000000000000000e+00
8.900000000000000000e+03,3.186748961642119684e+04,-4.835134354068299581e+04,0.000000000000000000e+00,-1.762928633156399805e+00,-4.647656573541378400e+00,0.000000000000000000e+00,3.186748961642165523e+04,-4.835134354068303219e+04,0.000000000000000000e+00,-1.762928633156373159e+00,-4.647656573541385505e+00,0.000000000000000000e+00,3.186748961642120412e+04,-4.835134354068300308e+04,0.000000000000000000e+00,-1.762928633156400249e+00,-4.647656573541378400e+00,0.000000000000000000e+00
9.000000000000000000e+03,3.169035103290104598e+04,-4.881481952897121664e+04,0.000000000000000000e+00,-1.779827338149908122e+00,-4.621822116166956818e+00,0.000000000000000000e+00,3.169035103290151164e+04,-4.881481952897124575e+04,0.000000000000000000e+00,-1.779827338149880145e+00,-4.621822116166965699e+00,0.000000000000000000e+00,3.169035103290104962e+04,-4.881481952897120937e+04,0.000000000000000000e+00,-1.779827338149907900e+00,-4.621822116166957706e+00,0.000000000000000000e+00
9.100000000000000000e+03,3.151152730356212123e+04,-4.927569977166673198e+04,0.000000000000000000e+00,-1.796631400184304006e+00,-4.595741891738516216e+00,0.000000000000000000e+00,3.151152730356257962e+04,-4.927569977166677563e+04,0.000000000000000000e+00,-1.796631400184275140e+00,-4.595741891738524210e+00,0.000000000000000000e+00,3.151152730356211759e+04,-4.927569977166673925e+04,0.000000000000000000e+00,-1.796631400184303562e+00,-4.595741891738516216e+00,0.000000000000000000e+00
9.200000000000000000e+03,3.133102793742054200e+04,-4.973395976129686460e+04,0.000000000000000000e+00,-1.813339925697543542e+00,-4.569417287081371626e+00,0.000000000000000000e+00,3.133102793742101130e+04,-4.973395976129689370e+04,0.000000000000000000e+00,-1.813339925697513566e+00,-4.569417287081380508e+00,0.000000000000000000e+00,3.133102793742053836e+04,-4.973395976129685732e+04,0.000000000000000000e+00,-1.813339925697542654e+00,-4.569417287081371626e+00,0.000000000000000000e+00
9.300000000000000000e+03,3.114886253259506339e+04,-5.018957512972171389e+04,0.000000000000000000e+00,-1.829952026207767979e+00,-4.542849702015849367e+00,0.000000000000000000e+00,3.114886253259555087e+04,-5.018957512972175755e+04,0.000000000000000000e+00,-1.829952026207738891e+00,-4.542849702015858249e+00,0.000000000000000000e+00,3.114886253259507066e+04,-5.018957512972170662e+04,0.000000000000000000e+00,-1.829952026207768201e+00,-4.542849702015849367e+00,0.000000000000000000e+00
9.400000000000000000e+03,3.096504077579663863e+04,-5.064252164943017851e+04,0.000000000000000000e+00,-1.846466818360559259e+00,-4.516040549282843486e+00,0.000000000000000000e+00,3.096504077579713703e+04,-5.064252164943021489e+04,0.000000000000000000e+00,-1.846466818360529061e+00,-4.516040549282853256e+00,0.000000000000000000e+00,3.096504077579664954e+04,-5.064252164943016396e+04,0.000000000000000000e+00,-1.846466818360559259e+00,-4.516040549282843486e+00,0.000000000000000000e+00
9.500000000000000000e+03,3.077957244181334681e+04,-5.109277523482805555e+04,0.000000000000000000e+00,-1.862883423975900676e+00,-4.488991254468698955e+00,0.000000000000000000e+00,3.077957244181383066e+04,-5.109277523482809920e+04,0.000000000000000000e+00,-1.862883423975869590e+00,-4.488991254468708725e+00,0.000000000000000000e+00,3.077957244181334318e+04,-5.109277523482804827e+04,0.000000000000000000e+00,-1.862883423975900454e+00,-4.488991254468698955e+00,0.000000000000000000e+00
9.600000000000000000e+03,3.059246739299054752e+04,-5.154031194351895829e+04,0.000000000000000000e+00,-1.879200970094880851e+00,-4.461703255929397649e+00,0.000000000000000000e+00,3.059246739299103137e+04,-5.154031194351900922e+04,0.000000000000000000e+00,-1.879200970094849765e+00,-4.461703255929408307e+00,0.000000000000000000e+00,3.059246739299053297e+04,-5.154031194351895829e+04,0.000000000000000000e+00,-1.879200970094881296e+00,-4.461703255929397649e+00,0.000000000000000000e+00
9.700000000000000000e+03,3.040373557870653894e+04,-5.198510797757739056e+04,0.000000000000000000e+00,-1.895418589026116152e+00,-4.434178004714081744e+00,0.000000000000000000e+00,3.040373557870703007e+04,-5.198510797757742694e+04,0.000000000000000000e+00,-1.895418589026083289e+00,-4.434178004714093291e+00,0.000000000000000000e+00,3.040373557870653167e+04,-5.198510797757737600e+04,0.000000000000000000e+00,-1.895418589026115708e+00,-4.434178004714081744e+00,0.000000000000000000e+00
9.800000000000000000e+03,3.021338703484344296e+04,-5.242713968481415941e+04,0.000000000000000000e+00,-1.911535418391881791e+00,-4.406416964487887888e+00,0.000000000000000000e+00,3.021338703484395955e+04,-5.242713968481419579e+04,0.000000000000000000e+00,-1.911535418391848484e+00,-4.406416964487900323e+00,0.000000000000000000e+00,3.021338703484345024e+04,-5.242713968481415213e+04,0.000000000000000000e+00,-1.911535418391881569e+00,-4.406416964487888777e+00,0.000000000000000000e+00
9.900000000000000000e+03,3.002143188325361552e+04,-5.286638356003417721e+04,0.000000000000000000e+00,-1.927550601173978251e+00,-4.378421611454120566e+00,0.000000000000000000e+00,3.002143188325412848e+04,-5.286638356003424269e+04,0.000000000000000000e+00,-1.927550601173944500e+00,-4.378421611454133000e+00,0.000000000000000000e+00,3.002143188325361189e+04,-5.286638356003418448e+04,0.000000000000000000e+00,-1.927550601173978029e+00,-4.378421611454120566e+00,0.000000000000000000e+00
1.000000000000000000e+04,2.982788033122126944e+04,-5.330281624628640566e+04,0.000000000000000000e+00,-1.943463285759298387e+00,-4.350193434275749560e+00,0.000000000000000000e+00,2.982788033122179331e+04,-5.330281624628644931e+04,0.000000000000000000e+00,-1.943463285759264636e+00,-4.350193434275761106e+00,0.000000000000000000e+00,2.982788033122126944e+04,-5.330281624628639838e+04,0.000000000000000000e+00,-1.943463285759298831e+00,-4.350193434275749560e+00,0.000000000000000000e+00
1.010000000000000000e+04,2.963274267091984075e+04,-5.373641453610564349e+04,0.000000000000000000e+00,-1.959272625985115646e+00,-4.321733933996251942e+00,0.000000000000000000e+00,2.963274267092037553e+04,-5.373641453610568715e+04,0.000000000000000000e+00,-1.959272625985080341e+00,-4.321733933996264376e+00,0.000000000000000000e+00,2.963274267091984439e+04,-5.373641453610563622e+04,0.000000000000000000e+00,-1.959272625985115202e+00,-4.321733933996251942e+00,0.000000000000000000e+00
1.020000000000000000e+04,2.943602927886464022e+04,-5.416715537274682720e+04,0.000000000000000000e+00,-1.974977781184072967e+00,-4.293044623959796802e+00,0.000000000000000000e+00,2.943602927886517136e+04,-5.416715537274688540e+04,0.000000000000000000e+00,-1.974977781184036552e+00,-4.293044623959810124e+00,0.000000000000000000e+00,2.943602927886462930e+04,-5.416715537274684175e+04,0.000000000000000000e+00,-1.974977781184072523e+00,-4.293044623959796802e+00,0.000000000000000000e+00
1.030000000000000000e+04,2.923775061536103021e+04,-5.459501585141102987e+04,0.000000000000000000e+00,-1.990577916228891908e+00,-4.264127029730767404e+00,0.000000000000000000e+00,2.923775061536158682e+04,-5.459501585141107353e+04,0.000000000000000000e+00,-1.990577916228855049e+00,-4.264127029730780727e+00,0.000000000000000000e+00,2.923775061536103749e+04,-5.459501585141102260e+04,0.000000000000000000e+00,-1.990577916228891464e+00,-4.264127029730767404e+00,0.000000000000000000e+00
1.040000000000000000e+04,2.903791722394834505e+04,-5.501997322046328918e+04,0.000000000000000000e+00,-2.006072201576778014e+00,-4.234982689012641188e+00,0.000000000000000000e+00,2.903791722394889439e+04,-5.501997322046334011e+04,0.000000000000000000e+00,-2.006072201576741154e+00,-4.234982689012656287e+00,0.000000000000000000e+00,2.903791722394833778e+04,-5.501997322046329646e+04,0.000000000000000000e+00,-2.006072201576778458e+00,-4.234982689012642076e+00,0.000000000000000000e+00
1.050000000000000000e+04,2.883653973083901656e+04,-5.544200488264262094e+04,0.000000000000000000e+00,-2.021459813313534859e+00,-4.205613151566225838e+00,0.000000000000000000e+00,2.883653973083958408e+04,-5.544200488264268643e+04,0.000000000000000000e+00,-2.021459813313497111e+00,-4.205613151566240049e+00,0.000000000000000000e+00,2.883653973083902747e+04,-5.544200488264263549e+04,0.000000000000000000e+00,-2.021459813313534859e+00,-4.205613151566224950e+00,0.000000000000000000e+00
1.060000000000000000e+04,2.863362884435375599e+04,-5.586108839626357803e+04,0.000000000000000000e+00,-2.036739933197369901e+00,-4.176019979127237214e+00,0.000000000000000000e+00,2.863362884435431624e+04,-5.586108839626362169e+04,0.000000000000000000e+00,-2.036739933197331709e+00,-4.176019979127253201e+00,0.000000000000000000e+00,2.863362884435374508e+04,-5.586108839626357076e+04,0.000000000000000000e+00,-2.036739933197369901e+00,-4.176019979127237214e+00,0.000000000000000000e+00
1.070000000000000000e+04,2.842919535435191210e+04,-5.627720147640945652e+04,0.000000000000000000e+00,-2.051911748702411664e+00,-4.146204745323272434e+00,0.000000000000000000e+00,2.842919535435248690e+04,-5.627720147640951473e+04,0.000000000000000000e+00,-2.051911748702372140e+00,-4.146204745323288421e+00,0.000000000000000000e+00,2.842919535435191210e+04,-5.627720147640946379e+04,0.000000000000000000e+00,-2.051911748702411220e+00,-4.146204745323271545e+00,0.000000000000000000e+00
1.080000000000000000e+04,2.822325013165790006e+04,-5.669032199611756369e+04,0.000000000000000000e+00,-2.066974453061908967e+00,-4.116169035590112379e+00,0.000000000000000000e+00,2.822325013165848213e+04,-5.669032199611761462e+04,0.000000000000000000e+00,-2.066974453061869887e+00,-4.116169035590131031e+00,0.000000000000000000e+00,2.822325013165789642e+04,-5.669032199611756369e+04,0.000000000000000000e+00,-2.066974453061909411e+00,-4.116169035590113268e+00,0.000000000000000000e+00
1.090000000000000000e+04,2.801580412748302479e+04,-5.710042798755556578e+04,0.000000000000000000e+00,-2.081927245311141483e+00,-4.085914447087434453e+00,0.000000000000000000e+00,2.801580412748362141e+04,-5.710042798755562399e+04,0.000000000000000000e+00,-2.081927245311101071e+00,-4.085914447087452217e+00,0.000000000000000000e+00,2.801580412748303206e+04,-5.710042798755556578e+04,0.000000000000000000e+00,-2.081927245311141039e+00,-4.085914447087434453e+00,0.000000000000000000e+00
1.100000000000000000e+04,2.780686837284321518e+04,-5.750749764318986126e+04,0.000000000000000000e+00,-2.096769330329998127e+00,-4.055442588613864530e+00,0.000000000000000000e+00,2.780686837284381909e+04,-5.750749764318989764e+04,0.000000000000000000e+00,-2.096769330329957270e+00,-4.055442588613883181e+00,0.000000000000000000e+00,2.780686837284322246e+04,-5.750749764318984671e+04,0.000000000000000000e+00,-2.096769330329998127e+00,-4.055442588613864530e+00,0.000000000000000000e+00
1.110000000000000000e+04,2.759645397797239275e+04,-5.791150931694498286e+04,0.000000000000000000e+00,-2.111499918885268556e+00,-4.024755080521442707e+00,0.000000000000000000e+00,2.759645397797300757e+04,-5.791150931694502651e+04,0.000000000000000000e+00,-2.111499918885227256e+00,-4.024755080521462247e+00,0.000000000000000000e+00,2.759645397797240366e+04,-5.791150931694497558e+04,0.000000000000000000e+00,-2.111499918885269000e+00,-4.024755080521442707e+00,0.000000000000000000e+00
1.120000000000000000e+04,2.738457213173173659e+04,-5.831244152535483590e+04,0.000000000000000000e+00,-2.126118227672606942e+00,-3.993853554629454017e+00,0.000000000000000000e+00,2.738457213173234413e+04,-5.831244152535489411e+04,0.000000000000000000e+00,-2.126118227672564753e+00,-3.993853554629473113e+00,0.000000000000000000e+00,2.738457213173173295e+04,-5.831244152535483590e+04,0.000000000000000000e+00,-2.126118227672607386e+00,-3.993853554629454017e+00,0.000000000000000000e+00
1.130000000000000000e+04,2.717123410101461195e+04,-5.871027294870499463e+04,0.000000000000000000e+00,-2.140623479358183978e+00,-3.962739654137655165e+00,0.000000000000000000e+00,2.717123410101524132e+04,-5.871027294870505284e+04,0.000000000000000000e+00,-2.140623479358140013e+00,-3.962739654137675149e+00,0.000000000000000000e+00,2.717123410101461923e+04,-5.871027294870498736e+04,0.000000000000000000e+00,-2.140623479358183090e+00,-3.962739654137655165e+00,0.000000000000000000e+00
1.140000000000000000e+04,2.695645123014761339e+04,-5.910498243216636183e+04,0.000000000000000000e+00,-2.155014902620020933e+00,-3.931415033538900872e+00,0.000000000000000000e+00,2.695645123014824276e+04,-5.910498243216641276e+04,0.000000000000000000e+00,-2.155014902619975192e+00,-3.931415033538921300e+00,0.000000000000000000e+00,2.695645123014761339e+04,-5.910498243216635456e+04,0.000000000000000000e+00,-2.155014902620019601e+00,-3.931415033538900872e+00,0.000000000000000000e+00
1.150000000000000000e+04,2.674023494028714049e+04,-5.949654898692010465e+04,0.000000000000000000e+00,-2.169291732189005728e+00,-3.899881358531161801e+00,0.000000000000000000e+00,2.674023494028778441e+04,-5.949654898692017741e+04,0.000000000000000000e+00,-2.169291732188959987e+00,-3.899881358531183118e+00,0.000000000000000000e+00,2.674023494028714413e+04,-5.949654898692011921e+04,0.000000000000000000e+00,-2.169291732189005284e+00,-3.899881358531161357e+00,0.000000000000000000e+00
1.160000000000000000e+04,2.652259672881223378e+04,-5.988495179127385927e+04,0.000000000000000000e+00,-2.183453208889592823e+00,-3.868140305928953637e+00,0.000000000000000000e+00,2.652259672881288134e+04,-5.988495179127391020e+04,0.000000000000000000e+00,-2.183453208889545749e+00,-3.868140305928975398e+00,0.000000000000000000e+00,2.652259672881224105e+04,-5.988495179127385200e+04,0.000000000000000000e+00,-2.183453208889591934e+00,-3.868140305928954081e+00,0.000000000000000000e+00
1.170000000000000000e+04,2.630354816871308140e+04,-6.027017019176867325e+04,0.000000000000000000e+00,-2.197498579680159381e+00,-3.836193563574168852e+00,0.000000000000000000e+00,2.630354816871373987e+04,-6.027017019176873146e+04,0.000000000000000000e+00,-2.197498579680113195e+00,-3.836193563574191057e+00,0.000000000000000000e+00,2.630354816871308867e+04,-6.027017019176868052e+04,0.000000000000000000e+00,-2.197498579680159825e+00,-3.836193563574168852e+00,0.000000000000000000e+00
1.180000000000000000e+04,2.608310090797569137e+04,-6.065218370427751506e+04,0.000000000000000000e+00,-2.211427097693063892e+00,-3.804042830246328499e+00,0.000000000000000000e+00,2.608310090797635712e+04,-6.065218370427758782e+04,0.000000000000000000e+00,-2.211427097693016375e+00,-3.804042830246350260e+00,0.000000000000000000e+00,2.608310090797570228e+04,-6.065218370427752961e+04,0.000000000000000000e+00,-2.211427097693063892e+00,-3.804042830246327611e+00,0.000000000000000000e+00
1.190000000000000000e+04,2.586126666896248207e+04,-6.103097201509444858e+04,0.000000000000000000e+00,-2.225238022274346861e+00,-3.771689815572241145e+00,0.000000000000000000e+00,2.586126666896314418e+04,-6.103097201509450679e+04,0.000000000000000000e+00,-2.225238022274299343e+00,-3.771689815572265569e+00,0.000000000000000000e+00,2.586126666896247843e+04,-6.103097201509444858e+04,0.000000000000000000e+00,-2.225238022274346861e+00,-3.771689815572241589e+00,0.000000000000000000e+00
1.200000000000000000e+04,2.563805724778891454e+04,-6.140651498201468348e+04,0.000000000000000000e+00,-2.238930619023124180e+00,-3.739136239935108463e+00,0.000000000000000000e+00,2.563805724778958029e+04,-6.140651498201475624e+04,0.000000000000000000e+00,-2.238930619023077107e+00,-3.739136239935132888e+00,0.000000000000000000e+00,2.563805724778890726e+04,-6.140651498201469803e+04,0.000000000000000000e+00,-2.238930619023125068e+00,-3.739136239935108463e+00,0.000000000000000000e+00
1.210000000000000000e+04,2.541348451369626127e+04,-6.177879263540590182e+04,0.000000000000000000e+00,-2.252504159830640340e+00,-3.706383834383025544e+00,0.000000000000000000e+00,2.541348451369694885e+04,-6.177879263540594548e+04,0.000000000000000000e+00,-2.252504159830591046e+00,-3.706383834383050413e+00,0.000000000000000000e+00,2.541348451369626127e+04,-6.177879263540589454e+04,0.000000000000000000e+00,-2.252504159830639896e+00,-3.706383834383025100e+00,0.000000000000000000e+00
1.220000000000000000e+04,2.518756040842048242e+04,-6.214778517926984932e+04,0.000000000000000000e+00,-2.265957922918974354e+00,-3.673434340536942067e+00,0.000000000000000000e+00,2.518756040842118455e+04,-6.214778517926991481e+04,0.000000000000000000e+00,-2.265957922918924616e+00,-3.673434340536968268e+00,0.000000000000000000e+00,2.518756040842049697e+04,-6.214778517926985660e+04,0.000000000000000000e+00,-2.265957922918973910e+00,-3.673434340536942511e+00,0.000000000000000000e+00
1.230000000000000000e+04,2.496029694555718015e+04,-6.251347299229532655e+04,0.000000000000000000e+00,-2.279291192879434824e+00,-3.640289510498049275e+00,0.000000000000000000e+00,2.496029694555788592e+04,-6.251347299229537020e+04,0.000000000000000000e+00,-2.279291192879384642e+00,-3.640289510498076808e+00,0.000000000000000000e+00,2.496029694555718379e+04,-6.251347299229531200e+04,0.000000000000000000e+00,-2.279291192879434824e+00,-3.640289510498050163e+00,0.000000000000000000e+00
1.240000000000000000e+04,2.473170620992274053e+04,-6.287583662890121923e+04,0.000000000000000000e+00,-2.292503260710595292e+00,-3.606951106754612280e+00,0.000000000000000000e+00,2.473170620992345357e+04,-6.287583662890127016e+04,0.000000000000000000e+00,-2.292503260710543778e+00,-3.606951106754639813e+00,0.000000000000000000e+00,2.473170620992274416e+04,-6.287583662890121195e+04,0.000000000000000000e+00,-2.292503260710594848e+00,-3.606951106754612724e+00,0.000000000000000000e+00
1.250000000000000000e+04,2.450180035691178637e+04,-6.323485682027078292e+04,0.000000000000000000e+00,-2.305593423855992974e+00,-3.573420902088243700e+00,0.000000000000000000e+00,2.450180035691251032e+04,-6.323485682027085568e+04,0.000000000000000000e+00,-2.305593423855941460e+00,-3.573420902088271678e+00,0.000000000000000000e+00,2.450180035691179364e+04,-6.323485682027079747e+04,0.000000000000000000e+00,-2.305593423855992974e+00,-3.573420902088243700e+00,0.000000000000000000e+00
1.260000000000000000e+04,2.427059161185078847e+04,-6.359051447537624335e+04,0.000000000000000000e+00,-2.318560986241495314e+00,-3.539700679479642176e+00,0.000000000000000000e+00,2.427059161185151606e+04,-6.359051447537628701e+04,0.000000000000000000e+00,-2.318560986241442023e+00,-3.539700679479670153e+00,0.000000000000000000e+00,2.427059161185078847e+04,-6.359051447537622153e+04,0.000000000000000000e+00,-2.318560986241494426e+00,-3.539700679479641732e+00,0.000000000000000000e+00
1.270000000000000000e+04,2.403809226934792241e+04,-6.394279068199369067e+04,0.000000000000000000e+00,-2.331405258312302387e+00,-3.505792232013775767e+00,0.000000000000000000e+00,2.403809226934867183e+04,-6.394279068199376343e+04,0.000000000000000000e+00,-2.331405258312249984e+00,-3.505792232013805521e+00,0.000000000000000000e+00,2.403809226934793332e+04,-6.394279068199369794e+04,0.000000000000000000e+00,-2.331405258312302831e+00,-3.505792232013776211e+00,0.000000000000000000e+00
1.280000000000000000e+04,2.380431469263942563e+04,-6.429166670770918427e+04,0.000000000000000000e+00,-2.344125557069630439e+00,-3.471697362784543106e+00,0.000000000000000000e+00,2.380431469264017869e+04,-6.429166670770925703e+04,0.000000000000000000e+00,-2.344125557069576260e+00,-3.471697362784572416e+00,0.000000000000000000e+00,2.380431469263943291e+04,-6.429166670770918427e+04,0.000000000000000000e+00,-2.344125557069629995e+00,-3.471697362784542662e+00,0.000000000000000000e+00
1.290000000000000000e+04,2.356927131293204729e+04,-6.463712400091449672e+04,0.000000000000000000e+00,-2.356721206107012634e+00,-3.437417884798879442e+00,0.000000000000000000e+00,2.356927131293279308e+04,-6.463712400091456220e+04,0.000000000000000000e+00,-2.356721206106957567e+00,-3.437417884798910084e+00,0.000000000000000000e+00,2.356927131293203638e+04,-6.463712400091448944e+04,0.000000000000000000e+00,-2.356721206107012190e+00,-3.437417884798879442e+00,0.000000000000000000e+00
1.300000000000000000e+04,2.333297462874201301e+04,-6.497914419179373363e+04,0.000000000000000000e+00,-2.369191535646280045e+00,-3.402955620880363075e+00,0.000000000000000000e+00,2.333297462874280245e+04,-6.497914419179381366e+04,0.000000000000000000e+00,-2.369191535646224089e+00,-3.402955620880394605e+00,0.000000000000000000e+00,2.333297462874203848e+04,-6.497914419179372635e+04,0.000000000000000000e+00,-2.369191535646279156e+00,-3.402955620880363075e+00,0.000000000000000000e+00
1.310000000000000000e+04,2.309543720523062802e+04,-6.531770909330020368e+04,0.000000000000000000e+00,-2.381535882573171392e+00,-3.368312403572278235e+00,0.000000000000000000e+00,2.309543720523141019e+04,-6.531770909330029826e+04,0.000000000000000000e+00,-2.381535882573115881e+00,-3.368312403572309766e+00,0.000000000000000000e+00,2.309543720523063894e+04,-6.531770909330021823e+04,0.000000000000000000e+00,-2.381535882573171836e+00,-3.368312403572277791e+00,0.000000000000000000e+00
1.320000000000000000e+04,2.285667167353580589e+04,-6.565280070212346618e+04,0.000000000000000000e+00,-2.393753590472599058e+00,-3.333490075040168144e+00,0.000000000000000000e+00,2.285667167353657715e+04,-6.565280070212355349e+04,0.000000000000000000e+00,-2.393753590472543102e+00,-3.333490075040201006e+00,0.000000000000000000e+00,2.285667167353580589e+04,-6.565280070212346618e+04,0.000000000000000000e+00,-2.393753590472599502e+00,-3.333490075040168588e+00,0.000000000000000000e+00
1.330000000000000000e+04,2.261669073010058491e+04,-6.598440119964664336e+04,0.000000000000000000e+00,-2.405844009663549166e+00,-3.298490486973882696e+00,0.000000000000000000e+00,2.261669073010137436e+04,-6.598440119964671612e+04,0.000000000000000000e+00,-2.405844009663492322e+00,-3.298490486973917779e+00,0.000000000000000000e+00,2.261669073010058855e+04,-6.598440119964664336e+04,0.000000000000000000e+00,-2.405844009663550054e+00,-3.298490486973884028e+00,0.000000000000000000e+00
1.340000000000000000e+04,2.237550713599802111e+04,-6.631249295289391011e+04,0.000000000000000000e+00,-2.417806497233631724e+00,-3.263315500489113674e+00,0.000000000000000000e+00,2.237550713599881055e+04,-6.631249295289401198e+04,0.000000000000000000e+00,-2.417806497233573104e+00,-3.263315500489148313e+00,0.000000000000000000e+00,2.237550713599801747e+04,-6.631249295289393922e+04,0.000000000000000000e+00,-2.417806497233631280e+00,-3.263315500489114118e+00,0.000000000000000000e+00
1.350000000000000000e+04,2.213313371625247237e+04,-6.663705851546835038e+04,0.000000000000000000e+00,-2.429640417073263947e+00,-3.227966986028420138e+00,0.000000000000000000e+00,2.213313371625327636e+04,-6.663705851546842314e+04,0.000000000000000000e+00,-2.429640417073203995e+00,-3.227966986028455665e+00,0.000000000000000000e+00,2.213313371625247237e+04,-6.663705851546833583e+04,0.000000000000000000e+00,-2.429640417073263059e+00,-3.227966986028420138e+00,0.000000000000000000e+00
1.360000000000000000e+04,2.188958335915778298e+04,-6.695808062847926340e+04,0.000000000000000000e+00,-2.441345139909500084e+00,-3.192446823261779087e+00,0.000000000000000000e+00,2.188958335915858333e+04,-6.695808062847936526e+04,0.000000000000000000e+00,-2.441345139909439688e+00,-3.192446823261815059e+00,0.000000000000000000e+00,2.188958335915777207e+04,-6.695808062847927795e+04,0.000000000000000000e+00,-2.441345139909499196e+00,-3.192446823261779087e+00,0.000000000000000000e+00
1.370000000000000000e+04,2.164486901559180114e+04,-6.727554222146038956e+04,0.000000000000000000e+00,-2.452920043339492651e+00,-3.156756900986625425e+00,0.000000000000000000e+00,2.164486901559260150e+04,-6.727554222146047687e+04,0.000000000000000000e+00,-2.452920043339431810e+00,-3.156756900986662728e+00,0.000000000000000000e+00,2.164486901559178659e+04,-6.727554222146037500e+04,0.000000000000000000e+00,-2.452920043339492651e+00,-3.156756900986625869e+00,0.000000000000000000e+00
1.380000000000000000e+04,2.139900369832779688e+04,-6.758942641327722231e+04,0.000000000000000000e+00,-2.464364511863587737e+00,-3.120899117027418512e+00,0.000000000000000000e+00,2.139900369832860088e+04,-6.758942641327730962e+04,0.000000000000000000e+00,-2.464364511863526008e+00,-3.120899117027456704e+00,0.000000000000000000e+00,2.139900369832778233e+04,-6.758942641327722231e+04,0.000000000000000000e+00,-2.464364511863587737e+00,-3.120899117027419400e+00,0.000000000000000000e+00
1.390000000000000000e+04,2.115200048134247481e+04,-6.789971651302496321e+04,0.000000000000000000e+00,-2.475677936918052602e+00,-3.084875378134722901e+00,0.000000000000000000e+00,2.115200048134329336e+04,-6.789971651302503597e+04,0.000000000000000000e+00,-2.475677936917990873e+00,-3.084875378134761537e+00,0.000000000000000000e+00,2.115200048134246390e+04,-6.789971651302494865e+04,0.000000000000000000e+00,-2.475677936918053046e+00,-3.084875378134722901e+00,0.000000000000000000e+00
1.400000000000000000e+04,2.090387249912078551e+04,-6.820639602091585402e+04,0.000000000000000000e+00,-2.486859716907440898e+00,-3.048687599883814769e+00,0.000000000000000000e+00,2.090387249912161860e+04,-6.820639602091595589e+04,0.000000000000000000e+00,-2.486859716907377837e+00,-3.048687599883854737e+00,0.000000000000000000e+00,2.090387249912077823e+04,-6.820639602091586858e+04,0.000000000000000000e+00,-2.486859716907440454e+00,-3.048687599883814325e+00,0.000000000000000000e+00
1.410000000000000000e+04,2.065463294595746265e+04,-6.850944862915678823e+04,0.000000000000000000e+00,-2.497909257236575975e+00,-3.012337706572824736e+00,0.000000000000000000e+00,2.065463294595830666e+04,-6.850944862915687554e+04,0.000000000000000000e+00,-2.497909257236512470e+00,-3.012337706572865148e+00,0.000000000000000000e+00,2.065463294595746629e+04,-6.850944862915678823e+04,0.000000000000000000e+00,-2.497909257236575975e+00,-3.012337706572824736e+00,0.000000000000000000e+00
1.420000000000000000e+04,2.040429507525541703e+04,-6.880885822281627043e+04,0.000000000000000000e+00,-2.508825970342178024e+00,-2.975827631120407268e+00,0.000000000000000000e+00,2.040429507525628287e+04,-6.880885822281634319e+04,0.000000000000000000e+00,-2.508825970342112743e+00,-2.975827631120449013e+00,0.000000000000000000e+00,2.040429507525543522e+04,-6.880885822281625587e+04,0.000000000000000000e+00,-2.508825970342177136e+00,-2.975827631120407712e+00,0.000000000000000000e+00
1.430000000000000000e+04,2.015287219882104546e+04,-6.910460888068136410e+04,0.000000000000000000e+00,-2.519609275724095987e+00,-2.939159314962963343e+00,0.000000000000000000e+00,2.015287219882189311e+04,-6.910460888068145141e+04,0.000000000000000000e+00,-2.519609275724030262e+00,-2.939159314963005531e+00,0.000000000000000000e+00,2.015287219882103454e+04,-6.910460888068136410e+04,0.000000000000000000e+00,-2.519609275724095543e+00,-2.939159314962962899e+00,0.000000000000000000e+00
1.440000000000000000e+04,1.990037768615620735e+04,-6.939668487610445300e+04,0.000000000000000000e+00,-2.530258599976187739e+00,-2.902334707951395920e+00,0.000000000000000000e+00,1.990037768615705500e+04,-6.939668487610456941e+04,0.000000000000000000e+00,-2.530258599976122014e+00,-2.902334707951439885e+00,0.000000000000000000e+00,1.990037768615618916e+04,-6.939668487610446755e+04,0.000000000000000000e+00,-2.530258599976188183e+00,-2.902334707951396364e+00,0.000000000000000000e+00
1.450000000000000000e+04,1.964682496374746552e+04,-6.968507067783945240e+04,0.000000000000000000e+00,-2.540773376816806817e+00,-2.865355768247436430e+00,0.000000000000000000e+00,1.964682496374833863e+04,-6.968507067783953971e+04,0.000000000000000000e+00,-2.540773376816739315e+00,-2.865355768247479951e+00,0.000000000000000000e+00,1.964682496374746552e+04,-6.968507067783943785e+04,0.000000000000000000e+00,-2.540773376816806373e+00,-2.865355768247436430e+00,0.000000000000000000e+00
1.460000000000000000e+04,1.939222751435209648e+04,-6.996975095086748479e+04,0.000000000000000000e+00,-2.551153047118908113e+00,-2.828224462219504076e+00,0.000000000000000000e+00,1.939222751435298051e+04,-6.996975095086760120e+04,0.000000000000000000e+00,-2.551153047118839723e+00,-2.828224462219550261e+00,0.000000000000000000e+00,1.939222751435210012e+04,-6.996975095086748479e+04,0.000000000000000000e+00,-2.551153047118907669e+00,-2.828224462219504964e+00,0.000000000000000000e+00
1.470000000000000000e+04,1.913659887628107390e+04,-7.025071055721266021e+04,0.000000000000000000e+00,-2.561397058939788529e+00,-2.790942764338162796e+00,0.000000000000000000e+00,1.913659887628196520e+04,-7.025071055721279117e+04,0.000000000000000000e+00,-2.561397058939720583e+00,-2.790942764338208981e+00,0.000000000000000000e+00,1.913659887628107026e+04,-7.025071055721267476e+04,0.000000000000000000e+00,-2.561397058939789417e+00,-2.790942764338162352e+00,0.000000000000000000e+00
1.480000000000000000e+04,1.887995264267919993e+04,-7.052793455674682627e+04,0.000000000000000000e+00,-2.571504867550437723e+00,-2.753512657071107483e+00,0.000000000000000000e+00,1.887995264268009851e+04,-7.052793455674694269e+04,0.000000000000000000e+00,-2.571504867550367557e+00,-2.753512657071155445e+00,0.000000000000000000e+00,1.887995264267919265e+04,-7.052793455674682627e+04,0.000000000000000000e+00,-2.571504867550437279e+00,-2.753512657071107483e+00,0.000000000000000000e+00
1.490000000000000000e+04,1.862230246080225334e+04,-7.080140820798403001e+04,0.000000000000000000e+00,-2.581475935464491833e+00,-2.715936130777763857e+00,0.000000000000000000e+00,1.862230246080319557e+04,-7.080140820798414643e+04,0.000000000000000000e+00,-2.581475935464420335e+00,-2.715936130777811375e+00,0.000000000000000000e+00,1.862230246080228608e+04,-7.080140820798403001e+04,0.000000000000000000e+00,-2.581475935464490945e+00,-2.715936130777762969e+00,0.000000000000000000e+00
1.500000000000000000e+04,1.836366203129146015e+04,-7.107111696886445861e+04,0.000000000000000000e+00,-2.591309732466826610e+00,-2.678215183603432692e+00,0.000000000000000000e+00,1.836366203129238784e+04,-7.107111696886460413e+04,0.000000000000000000e+00,-2.591309732466755555e+00,-2.678215183603482430e+00,0.000000000000000000e+00,1.836366203129146379e+04,-7.107111696886447317e+04,0.000000000000000000e+00,-2.591309732466826610e+00,-2.678215183603433136e+00,0.000000000000000000e+00
1.510000000000000000e+04,1.810404510744461732e+04,-7.133704649752777186e+04,0.000000000000000000e+00,-2.601005735641750860e+00,-2.640351821373057462e+00,0.000000000000000000e+00,1.810404510744557410e+04,-7.133704649752788828e+04,0.000000000000000000e+00,-2.601005735641678474e+00,-2.640351821373108088e+00,0.000000000000000000e+00,1.810404510744463914e+04,-7.133704649752777186e+04,0.000000000000000000e+00,-2.601005735641750860e+00,-2.640351821373057462e+00,0.000000000000000000e+00
1.520000000000000000e+04,1.784346549448513542e+04,-7.159918265307554975e+04,0.000000000000000000e+00,-2.610563429400804658e+00,-2.602348057484547006e+00,0.000000000000000000e+00,1.784346549448609221e+04,-7.159918265307565161e+04,0.000000000000000000e+00,-2.610563429400731827e+00,-2.602348057484598076e+00,0.000000000000000000e+00,1.784346549448514634e+04,-7.159918265307553520e+04,0.000000000000000000e+00,-2.610563429400805102e+00,-2.602348057484546118e+00,0.000000000000000000e+00
1.530000000000000000e+04,1.758193704882767634e+04,-7.185751149632333545e+04,0.000000000000000000e+00,-2.619982305510184517e+00,-2.564205912801717169e+00,0.000000000000000000e+00,1.758193704882862221e+04,-7.185751149632349552e+04,0.000000000000000000e+00,-2.619982305510111242e+00,-2.564205912801771792e+00,0.000000000000000000e+00,1.758193704882767270e+04,-7.185751149632335000e+04,0.000000000000000000e+00,-2.619982305510184961e+00,-2.564205912801719389e+00,0.000000000000000000e+00
1.540000000000000000e+04,1.731947367734140425e+04,-7.211201929054206994e+04,0.000000000000000000e+00,-2.629261863117766218e+00,-2.525927415546841637e+00,0.000000000000000000e+00,1.731947367734236468e+04,-7.211201929054221546e+04,0.000000000000000000e+00,-2.629261863117690723e+00,-2.525927415546896260e+00,0.000000000000000000e+00,1.731947367734140425e+04,-7.211201929054208449e+04,0.000000000000000000e+00,-2.629261863117765330e+00,-2.525927415546842525e+00,0.000000000000000000e+00
1.550000000000000000e+04,1.705608933661057381e+04,-7.236269250218817615e+04,0.000000000000000000e+00,-2.638401608779730623e+00,-2.487514601192780894e+00,0.000000000000000000e+00,1.705608933661153787e+04,-7.236269250218829256e+04,0.000000000000000000e+00,-2.638401608779655128e+00,-2.487514601192836405e+00,0.000000000000000000e+00,1.705608933661056653e+04,-7.236269250218816160e+04,0.000000000000000000e+00,-2.638401608779730179e+00,-2.487514601192781782e+00,0.000000000000000000e+00
1.560000000000000000e+04,1.679179803219222231e+04,-7.260951780162335490e+04,0.000000000000000000e+00,-2.647401056486817339e+00,-2.448969512354762124e+00,0.000000000000000000e+00,1.679179803219322275e+04,-7.260951780162350042e+04,0.000000000000000000e+00,-2.647401056486740067e+00,-2.448969512354817191e+00,0.000000000000000000e+00,1.679179803219224050e+04,-7.260951780162335490e+04,0.000000000000000000e+00,-2.647401056486816451e+00,-2.448969512354761235e+00,0.000000000000000000e+00
1.570000000000000000e+04,1.652661381787165010e+04,-7.285248206382358330e+04,0.000000000000000000e+00,-2.656259727690153838e+00,-2.410294198681748767e+00,0.000000000000000000e+00,1.652661381787263599e+04,-7.285248206382372882e+04,0.000000000000000000e+00,-2.656259727690075678e+00,-2.410294198681806499e+00,0.000000000000000000e+00,1.652661381787164646e+04,-7.285248206382356875e+04,0.000000000000000000e+00,-2.656259727690152950e+00,-2.410294198681750100e+00,0.000000000000000000e+00
1.580000000000000000e+04,1.626055079491477227e+04,-7.309157236907677725e+04,0.000000000000000000e+00,-2.664977151326712423e+00,-2.371490716747468142e+00,0.000000000000000000e+00,1.626055079491578545e+04,-7.309157236907692277e+04,0.000000000000000000e+00,-2.664977151326633820e+00,-2.371490716747524985e+00,0.000000000000000000e+00,1.626055079491478500e+04,-7.309157236907676270e+04,0.000000000000000000e+00,-2.664977151326711979e+00,-2.371490716747467253e+00,0.000000000000000000e+00
1.590000000000000000e+04,1.599362311131862225e+04,-7.332677600366988918e+04,0.000000000000000000e+00,-2.673552863844355088e+00,-2.332561129941025158e+00,0.000000000000000000e+00,1.599362311131964998e+04,-7.332677600367004925e+04,0.000000000000000000e+00,-2.673552863844276040e+00,-2.332561129941085998e+00,0.000000000000000000e+00,1.599362311131863862e+04,-7.332677600366988918e+04,0.000000000000000000e+00,-2.673552863844354643e+00,-2.332561129941026934e+00,0.000000000000000000e+00
1.600000000000000000e+04,1.572584496105884318e+04,-7.355808046056503372e+04,0.000000000000000000e+00,-2.681986409226482238e+00,-2.293507508357215841e+00,0.000000000000000000e+00,1.572584496105984908e+04,-7.355808046056522289e+04,0.000000000000000000e+00,-2.681986409226402746e+00,-2.293507508357275793e+00,0.000000000000000000e+00,1.572584496105882499e+04,-7.355808046056506282e+04,0.000000000000000000e+00,-2.681986409226482238e+00,-2.293507508357214952e+00,0.000000000000000000e+00
1.610000000000000000e+04,1.545723058333485096e+04,-7.378547344006456842e+04,0.000000000000000000e+00,-2.690277339016283520e+00,-2.254331928686413633e+00,0.000000000000000000e+00,1.545723058333587505e+04,-7.378547344006472849e+04,0.000000000000000000e+00,-2.690277339016204472e+00,-2.254331928686473585e+00,0.000000000000000000e+00,1.545723058333484914e+04,-7.378547344006453932e+04,0.000000000000000000e+00,-2.690277339016283964e+00,-2.254331928686413189e+00,0.000000000000000000e+00
1.620000000000000000e+04,1.518779426181288727e+04,-7.400894285046486766e+04,0.000000000000000000e+00,-2.698425212340586299e+00,-2.215036474104159936e+00,0.000000000000000000e+00,1.518779426181391318e+04,-7.400894285046504228e+04,0.000000000000000000e+00,-2.698425212340505919e+00,-2.215036474104224773e+00,0.000000000000000000e+00,1.518779426181287636e+04,-7.400894285046486766e+04,0.000000000000000000e+00,-2.698425212340586299e+00,-2.215036474104163045e+00,0.000000000000000000e+00
1.630000000000000000e+04,1.491755032386627863e+04,-7.422847680869969190e+04,0.000000000000000000e+00,-2.706429595933293797e+00,-2.175623234160402930e+00,0.000000000000000000e+00,1.491755032386730818e+04,-7.422847680869988108e+04,0.000000000000000000e+00,-2.706429595933211640e+00,-2.175623234160465547e+00,0.000000000000000000e+00,1.491755032386626044e+04,-7.422847680869970645e+04,0.000000000000000000e+00,-2.706429595933292909e+00,-2.175623234160402486e+00,0.000000000000000000e+00
1.640000000000000000e+04,1.464651313981364365e+04,-7.444406364097184269e+04,0.000000000000000000e+00,-2.714290064158426219e+00,-2.136094304668347377e+00,0.000000000000000000e+00,1.464651313981469502e+04,-7.444406364097201731e+04,0.000000000000000000e+00,-2.714290064158344062e+00,-2.136094304668411326e+00,0.000000000000000000e+00,1.464651313981363455e+04,-7.444406364097184269e+04,0.000000000000000000e+00,-2.714290064158425775e+00,-2.136094304668346933e+00,0.000000000000000000e+00
1.650000000000000000e+04,1.437469712215480104e+04,-7.465569188337388914e+04,0.000000000000000000e+00,-2.722006199032758644e+00,-2.096451787593046845e+00,0.000000000000000000e+00,1.437469712215586151e+04,-7.465569188337407832e+04,0.000000000000000000e+00,-2.722006199032676488e+00,-2.096451787593111238e+00,0.000000000000000000e+00,1.437469712215480104e+04,-7.465569188337388914e+04,0.000000000000000000e+00,-2.722006199032759088e+00,-2.096451787593046845e+00,0.000000000000000000e+00
1.660000000000000000e+04,1.410211672480426205e+04,-7.486335028249790776e+04,0.000000000000000000e+00,-2.729577590248045027e+00,-2.056697790939608694e+00,0.000000000000000000e+00,1.410211672480534980e+04,-7.486335028249811148e+04,0.000000000000000000e+00,-2.729577590247961538e+00,-2.056697790939674420e+00,0.000000000000000000e+00,1.410211672480427478e+04,-7.486335028249792231e+04,0.000000000000000000e+00,-2.729577590248044583e+00,-2.056697790939608694e+00,0.000000000000000000e+00
1.670000000000000000e+04,1.382878644232275838e+04,-7.506702779603385716e+04,0.000000000000000000e+00,-2.737003835192831858e+00,-2.016834428641107735e+00,0.000000000000000000e+00,1.382878644232386614e+04,-7.506702779603404633e+04,0.000000000000000000e+00,-2.737003835192746148e+00,-2.016834428641177457e+00,0.000000000000000000e+00,1.382878644232277838e+04,-7.506702779603385716e+04,0.000000000000000000e+00,-2.737003835192830525e+00,-2.016834428641109955e+00,0.000000000000000000e+00
1.680000000000000000e+04,1.355472080914641265e+04,-7.526671359335661691e+04,0.000000000000000000e+00,-2.744284538973870369e+00,-1.976863820446183695e+00,0.000000000000000000e+00,1.355472080914752769e+04,-7.526671359335679153e+04,0.000000000000000000e+00,-2.744284538973783327e+00,-1.976863820446252973e+00,0.000000000000000000e+00,1.355472080914643084e+04,-7.526671359335660236e+04,0.000000000000000000e+00,-2.744284538973869036e+00,-1.976863820446184139e+00,0.000000000000000000e+00
1.690000000000000000e+04,1.327993439881390077e+04,-7.546239705610202509e+04,0.000000000000000000e+00,-2.751419314437116626e+00,-1.936788091806304735e+00,0.000000000000000000e+00,1.327993439881499216e+04,-7.546239705610225792e+04,0.000000000000000000e+00,-2.751419314437030472e+00,-1.936788091806374235e+00,0.000000000000000000e+00,1.327993439881388986e+04,-7.546239705610203964e+04,0.000000000000000000e+00,-2.751419314437116626e+00,-1.936788091806304957e+00,0.000000000000000000e+00
1.700000000000000000e+04,1.300444182319140236e+04,-7.565406777873165265e+04,0.000000000000000000e+00,-2.758407782188321278e+00,-1.896609373762759176e+00,0.000000000000000000e+00,1.300444182319250103e+04,-7.565406777873187093e+04,0.000000000000000000e+00,-2.758407782188235124e+00,-1.896609373762831341e+00,0.000000000000000000e+00,1.300444182319138781e+04,-7.565406777873165265e+04,0.000000000000000000e+00,-2.758407782188322166e+00,-1.896609373762760287e+00,0.000000000000000000e+00
1.710000000000000000e+04,1.272825773169574677e+04,-7.584171556908579078e+04,0.000000000000000000e+00,-2.765249570613198316e+00,-1.856329802833341702e+00,0.000000000000000000e+00,1.272825773169689091e+04,-7.584171556908599450e+04,0.000000000000000000e+00,-2.765249570613109498e+00,-1.856329802833413201e+00,0.000000000000000000e+00,1.272825773169576678e+04,-7.584171556908577622e+04,0.000000000000000000e+00,-2.765249570613197427e+00,-1.856329802833340814e+00,0.000000000000000000e+00
1.720000000000000000e+04,1.245139681051546359e+04,-7.602533044892564067e+04,0.000000000000000000e+00,-2.771944315897181710e+00,-1.815951520898723359e+00,0.000000000000000000e+00,1.245139681051659863e+04,-7.602533044892587350e+04,0.000000000000000000e+00,-2.771944315897092892e+00,-1.815951520898797078e+00,0.000000000000000000e+00,1.245139681051546177e+04,-7.602533044892564067e+04,0.000000000000000000e+00,-2.771944315897181266e+00,-1.815951520898722915e+00,0.000000000000000000e+00
1.730000000000000000e+04,1.217387378182959219e+04,-7.620490265446394915e+04,0.000000000000000000e+00,-2.778491662044785926e+00,-1.775476675088576428e+00,0.000000000000000000e+00,1.217387378183072906e+04,-7.620490265446421108e+04,0.000000000000000000e+00,-2.778491662044695332e+00,-1.775476675088653478e+00,0.000000000000000000e+00,1.217387378182958128e+04,-7.620490265446396370e+04,0.000000000000000000e+00,-2.778491662044785038e+00,-1.775476675088577760e+00,0.000000000000000000e+00
1.740000000000000000e+04,1.189570340302502154e+04,-7.638042263688410458e+04,0.000000000000000000e+00,-2.784891260898520571e+00,-1.734907417667397311e+00,0.000000000000000000e+00,1.189570340302618752e+04,-7.638042263688433741e+04,0.000000000000000000e+00,-2.784891260898430421e+00,-1.734907417667471696e+00,0.000000000000000000e+00,1.189570340302503610e+04,-7.638042263688409002e+04,0.000000000000000000e+00,-2.784891260898520571e+00,-1.734907417667395535e+00,0.000000000000000000e+00
1.750000000000000000e+04,1.161690046591180726e+04,-7.655188106284778041e+04,0.000000000000000000e+00,-2.791142772157417795e+00,-1.694245905920034545e+00,0.000000000000000000e+00,1.161690046591295686e+04,-7.655188106284805690e+04,0.000000000000000000e+00,-2.791142772157326313e+00,-1.694245905920112483e+00,0.000000000000000000e+00,1.161690046591179271e+04,-7.655188106284778041e+04,0.000000000000000000e+00,-2.791142772157416907e+00,-1.694245905920034989e+00,0.000000000000000000e+00
1.760000000000000000e+04,1.133747979593636410e+04,-7.671926881499156298e+04,0.000000000000000000e+00,-2.797245863395112053e+00,-1.653494302037014307e+00,0.000000000000000000e+00,1.133747979593753371e+04,-7.671926881499185401e+04,0.000000000000000000e+00,-2.797245863395021459e+00,-1.653494302037093577e+00,0.000000000000000000e+00,1.133747979593635864e+04,-7.671926881499157753e+04,0.000000000000000000e+00,-2.797245863395112941e+00,-1.653494302037014529e+00,0.000000000000000000e+00
1.770000000000000000e+04,1.105745625139340700e+04,-7.688257699241151568e+04,0.000000000000000000e+00,-2.803200210077536170e+00,-1.612654772999531971e+00,0.000000000000000000e+00,1.105745625139458389e+04,-7.688257699241179216e+04,0.000000000000000000e+00,-2.803200210077443799e+00,-1.612654772999614572e+00,0.000000000000000000e+00,1.105745625139339609e+04,-7.688257699241151568e+04,0.000000000000000000e+00,-2.803200210077536614e+00,-1.612654772999533526e+00,0.000000000000000000e+00
1.780000000000000000e+04,1.077684472263566568e+04,-7.704179691113648005e+04,0.000000000000000000e+00,-2.809005495580159106e+00,-1.571729490464242929e+00,0.000000000000000000e+00,1.077684472263684802e+04,-7.704179691113678564e+04,0.000000000000000000e+00,-2.809005495580066292e+00,-1.571729490464326418e+00,0.000000000000000000e+00,1.077684472263565476e+04,-7.704179691113649460e+04,0.000000000000000000e+00,-2.809005495580159995e+00,-1.571729490464244927e+00,0.000000000000000000e+00
1.790000000000000000e+04,1.049566013128212944e+04,-7.719692010459002631e+04,0.000000000000000000e+00,-2.814661411204838259e+00,-1.530720630647769198e+00,0.000000000000000000e+00,1.049566013128333179e+04,-7.719692010459034645e+04,0.000000000000000000e+00,-2.814661411204743668e+00,-1.530720630647853575e+00,0.000000000000000000e+00,1.049566013128212580e+04,-7.719692010459005542e+04,0.000000000000000000e+00,-2.814661411204838704e+00,-1.530720630647770308e+00,0.000000000000000000e+00
1.800000000000000000e+04,1.021391742942461860e+04,-7.734793832404054410e+04,0.000000000000000000e+00,-2.820167656196222339e+00,-1.489630374210987540e+00,0.000000000000000000e+00,1.021391742942585552e+04,-7.734793832404087880e+04,0.000000000000000000e+00,-2.820167656196127304e+00,-1.489630374211072139e+00,0.000000000000000000e+00,1.021391742942463679e+04,-7.734793832404055865e+04,0.000000000000000000e+00,-2.820167656196222783e+00,-1.489630374210987540e+00,0.000000000000000000e+00
1.810000000000000000e+04,9.931631598832726013e+03,-7.749484353903988085e+04,0.000000000000000000e+00,-2.825523937757756343e+00,-1.448460906143067106e+00,0.000000000000000000e+00,9.931631598833962926e+03,-7.749484353904020099e+04,0.000000000000000000e+00,-2.825523937757658643e+00,-1.448460906143153037e+00,0.000000000000000000e+00,9.931631598832731470e+03,-7.749484353903986630e+04,0.000000000000000000e+00,-2.825523937757755455e+00,-1.448460906143066440e+00,0.000000000000000000e+00
1.820000000000000000e+04,9.648817650157012395e+03,-7.763762793785026588e+04,0.000000000000000000e+00,-2.830729971067235340e+00,-1.407214415645286820e+00,0.000000000000000000e+00,9.648817650158271135e+03,-7.763762793785064423e+04,0.000000000000000000e+00,-2.830729971067138528e+00,-1.407214415645374084e+00,0.000000000000000000e+00,9.648817650157036041e+03,-7.763762793785029498e+04,0.000000000000000000e+00,-2.830729971067235784e+00,-1.407214415645287264e+00,0.000000000000000000e+00
1.830000000000000000e+04,9.365490622130993870e+03,-7.777628392786005861e+04,0.000000000000000000e+00,-2.835785479291969224e+00,-1.365893096014620056e+00,0.000000000000000000e+00,9.365490622132256249e+03,-7.777628392786043696e+04,0.000000000000000000e+00,-2.835785479291872413e+00,-1.365893096014708652e+00,0.000000000000000000e+00,9.365490622131008422e+03,-7.777628392786007316e+04,0.000000000000000000e+00,-2.835785479291970113e+00,-1.365893096014620278e+00,0.000000000000000000e+00
1.840000000000000000e+04,9.081665580771310488e+03,-7.791080413598705491e+04,0.000000000000000000e+00,-2.840690193603490954e+00,-1.324499144527106154e+00,0.000000000000000000e+00,9.081665580772580142e+03,-7.791080413598740415e+04,0.000000000000000000e+00,-2.840690193603391478e+00,-1.324499144527196082e+00,0.000000000000000000e+00,9.081665580771319583e+03,-7.791080413598702580e+04,0.000000000000000000e+00,-2.840690193603489622e+00,-1.324499144527105710e+00,0.000000000000000000e+00
1.850000000000000000e+04,8.797357618576657842e+03,-7.804118140907067573e+04,0.000000000000000000e+00,-2.845443853191845562e+00,-1.283034762321008770e+00,0.000000000000000000e+00,8.797357618577942048e+03,-7.804118140907108318e+04,0.000000000000000000e+00,-2.845443853191746530e+00,-1.283034762321100697e+00,0.000000000000000000e+00,8.797357618576670575e+03,-7.804118140907070483e+04,0.000000000000000000e+00,-2.845443853191845562e+00,-1.283034762321008548e+00,0.000000000000000000e+00
1.860000000000000000e+04,8.512581853725278052e+03,-7.816740881425270345e+04,0.000000000000000000e+00,-2.850046205279479494e+00,-1.241502154279771730e+00,0.000000000000000000e+00,8.512581853726529516e+03,-7.816740881425308180e+04,0.000000000000000000e+00,-2.850046205279379574e+00,-1.241502154279865877e+00,0.000000000000000000e+00,8.512581853725252586e+03,-7.816740881425270345e+04,0.000000000000000000e+00,-2.850046205279479494e+00,-1.241502154279773285e+00,0.000000000000000000e+00
1.870000000000000000e+04,8.227353429270806373e+03,-7.828947963934531435e+04,0.000000000000000000e+00,-2.854497005134662757e+00,-1.199903528914772366e+00,0.000000000000000000e+00,8.227353429272105132e+03,-7.828947963934569270e+04,0.000000000000000000e+00,-2.854497005134561949e+00,-1.199903528914867845e+00,0.000000000000000000e+00,8.227353429270813649e+03,-7.828947963934531435e+04,0.000000000000000000e+00,-2.854497005134662757e+00,-1.199903528914773476e+00,0.000000000000000000e+00
1.880000000000000000e+04,7.941687512337462977e+03,-7.840738739318850276e+04,0.000000000000000000e+00,-2.858796016084511393e+00,-1.158241098247883016e+00,0.000000000000000000e+00,7.941687512338766282e+03,-7.840738739318888111e+04,0.000000000000000000e+00,-2.858796016084410141e+00,-1.158241098247978496e+00,0.000000000000000000e+00,7.941687512337462067e+03,-7.840738739318848820e+04,0.000000000000000000e+00,-2.858796016084511393e+00,-1.158241098247882350e+00,0.000000000000000000e+00
1.890000000000000000e+04,7.655599293313120143e+03,-7.852112580599499051e+04,0.000000000000000000e+00,-2.862943009527572968e+00,-1.116517077693840676e+00,0.000000000000000000e+00,7.655599293314433453e+03,-7.852112580599539797e+04,0.000000000000000000e+00,-2.862943009527469496e+00,-1.116517077693939264e+00,0.000000000000000000e+00,7.655599293313115595e+03,-7.852112580599500507e+04,0.000000000000000000e+00,-2.862943009527572080e+00,-1.116517077693841342e+00,0.000000000000000000e+00
1.900000000000000000e+04,7.369103985041772830e+03,-7.863068882968384423e+04,0.000000000000000000e+00,-2.866937764945975076e+00,-1.074733685942458550e+00,0.000000000000000000e+00,7.369103985043090688e+03,-7.863068882968423713e+04,0.000000000000000000e+00,-2.866937764945872491e+00,-1.074733685942555805e+00,0.000000000000000000e+00,7.369103985041769192e+03,-7.863068882968382968e+04,0.000000000000000000e+00,-2.866937764945975076e+00,-1.074733685942457440e+00,0.000000000000000000e+00
1.910000000000000000e+04,7.082216822014481295e+03,-7.873607063820173789e+04,0.000000000000000000e+00,-2.870780069917165278e+00,-1.032893144840619115e+00,0.000000000000000000e+00,7.082216822015841899e+03,-7.873607063820218900e+04,0.000000000000000000e+00,-2.870780069917061805e+00,-1.032893144840718591e+00,0.000000000000000000e+00,7.082216822014506761e+03,-7.873607063820176700e+04,0.000000000000000000e+00,-2.870780069917165278e+00,-1.032893144840618449e+00,0.000000000000000000e+00
1.920000000000000000e+04,6.794953059559455141e+03,-7.883726562783319969e+04,0.000000000000000000e+00,-2.874469720125190975e+00,-9.909976792741552742e-01,0.000000000000000000e+00,6.794953059560805741e+03,-7.883726562783365080e+04,0.000000000000000000e+00,-2.874469720125088390e+00,-9.909976792742558604e-01,0.000000000000000000e+00,6.794953059559456051e+03,-7.883726562783322879e+04,0.000000000000000000e+00,-2.874469720125191863e+00,-9.909976792741539420e-01,0.000000000000000000e+00
1.930000000000000000e+04,6.507327973030536668e+03,-7.893426841749821324e+04,0.000000000000000000e+00,-2.878006519371579586e+00,-9.490495170495201194e-01,0.000000000000000000e+00,6.507327973031911824e+03,-7.893426841749864980e+04,0.000000000000000000e+00,-2.878006519371474337e+00,-9.490495170496234811e-01,0.000000000000000000e+00,6.507327973030548492e+03,-7.893426841749821324e+04,0.000000000000000000e+00,-2.878006519371578698e+00,-9.490495170495196753e-01,0.000000000000000000e+00
1.940000000000000000e+04,6.219356856995262206e+03,-7.902707384903852653e+04,0.000000000000000000e+00,-2.881390279585753333e+00,-9.070508887753376825e-01,0.000000000000000000e+00,6.219356856996629176e+03,-7.902707384903893399e+04,0.000000000000000000e+00,-2.881390279585646752e+00,-9.070508887754411553e-01,0.000000000000000000e+00,6.219356856995262206e+03,-7.902707384903849743e+04,0.000000000000000000e+00,-2.881390279585752001e+00,-9.070508887753370164e-01,0.000000000000000000e+00
1.950000000000000000e+04,5.931055024421279086e+03,-7.911567698749183910e+04,0.000000000000000000e+00,-2.884620820835046118e+00,-8.650040277437724967e-01,0.000000000000000000e+00,5.931055024422667884e+03,-7.911567698749230476e+04,0.000000000000000000e+00,-2.884620820834939536e+00,-8.650040277438793002e-01,0.000000000000000000e+00,5.931055024421285452e+03,-7.911567698749185365e+04,0.000000000000000000e+00,-2.884620820835045674e+00,-8.650040277437731628e-01,0.000000000000000000e+00
1.960000000000000000e+04,5.642437805862340610e+03,-7.920007312135452230e+04,0.000000000000000000e+00,-2.887697971334265645e+00,-8.229111698117943519e-01,0.000000000000000000e+00,5.642437805863709400e+03,-7.920007312135498796e+04,0.000000000000000000e+00,-2.887697971334159508e+00,-8.229111698119020435e-01,0.000000000000000000e+00,5.642437805862313326e+03,-7.920007312135452230e+04,0.000000000000000000e+00,-2.887697971334266089e+00,-8.229111698117941298e-01,0.000000000000000000e+00
1.970000000000000000e+04,5.353520548642787617e+03,-7.928025776283172308e+04,0.000000000000000000e+00,-2.890621567454827456e+00,-7.807745532822654155e-01,0.000000000000000000e+00,5.353520548644198243e+03,-7.928025776283218875e+04,0.000000000000000000e+00,-2.890621567454720875e+00,-7.807745532823755497e-01,0.000000000000000000e+00,5.353520548642789436e+03,-7.928025776283170853e+04,0.000000000000000000e+00,-2.890621567454828345e+00,-7.807745532822657486e-01,0.000000000000000000e+00
1.980000000000000000e+04,5.064318616041826317e+03,-7.935622664807623369e+04,0.000000000000000000e+00,-2.893391453733455521e+00,-7.385964187849349827e-01,0.000000000000000000e+00,5.064318616043244219e+03,-7.935622664807674300e+04,0.000000000000000000e+00,-2.893391453733348939e+00,-7.385964187850452278e-01,0.000000000000000000e+00,5.064318616041831774e+03,-7.935622664807626279e+04,0.000000000000000000e+00,-2.893391453733456853e+00,-7.385964187849348717e-01,0.000000000000000000e+00
1.990000000000000000e+04,4.774847386476263637e+03,-7.942797573741537053e+04,0.000000000000000000e+00,-2.896007482880452955e+00,-6.963790091572743535e-01,0.000000000000000000e+00,4.774847386477673354e+03,-7.942797573741586530e+04,0.000000000000000000e+00,-2.896007482880343709e+00,-6.963790091573890395e-01,0.000000000000000000e+00,4.774847386476247266e+03,-7.942797573741537053e+04,0.000000000000000000e+00,-2.896007482880452066e+00,-6.963790091572767960e-01,0.000000000000000000e+00
2.000000000000000000e+04,4.485122252682805993e+03,-7.949550121556541126e+04,0.000000000000000000e+00,-2.898469515787523321e+00,-6.541245693252388804e-01,0.000000000000000000e+00,4.485122252684273008e+03,-7.949550121556589147e+04,0.000000000000000000e+00,-2.898469515787413631e+00,-6.541245693253544546e-01,0.000000000000000000e+00,4.485122252682833278e+03,-7.949550121556538215e+04,0.000000000000000000e+00,-2.898469515787522877e+00,-6.541245693252403237e-01,0.000000000000000000e+00
2.010000000000000000e+04,4.195158620899834204e+03,-7.955879949183476856e+04,0.000000000000000000e+00,-2.900777421535183365e+00,-6.118353461838683671e-01,0.000000000000000000e+00,4.195158620901278482e+03,-7.955879949183523422e+04,0.000000000000000000e+00,-2.900777421535073231e+00,-6.118353461839832752e-01,0.000000000000000000e+00,4.195158620899825110e+03,-7.955879949183471035e+04,0.000000000000000000e+00,-2.900777421535183365e+00,-6.118353461838671459e-01,0.000000000000000000e+00
2.020000000000000000e+04,3.904971910047694109e+03,-7.961786720031473669e+04,0.000000000000000000e+00,-2.902931077399715676e+00,-5.695135884778128599e-01,0.000000000000000000e+00,3.904971910049143389e+03,-7.961786720031527511e+04,0.000000000000000000e+00,-2.902931077399604209e+00,-5.695135884779322089e-01,0.000000000000000000e+00,3.904971910047685469e+03,-7.961786720031475124e+04,0.000000000000000000e+00,-2.902931077399715232e+00,-5.695135884778153024e-01,0.000000000000000000e+00
2.030000000000000000e+04,3.614577550909161801e+03,-7.967270120005882927e+04,0.000000000000000000e+00,-2.904930368859691470e+00,-5.271615466817749507e-01,0.000000000000000000e+00,3.614577550910630634e+03,-7.967270120005935314e+04,0.000000000000000000e+00,-2.904930368859581336e+00,-5.271615466818951878e-01,0.000000000000000000e+00,3.614577550909158617e+03,-7.967270120005881472e+04,0.000000000000000000e+00,-2.904930368859692358e+00,-5.271615466817763940e-01,0.000000000000000000e+00
2.040000000000000000e+04,3.323990985308802919e+03,-7.972329857524923864e+04,0.000000000000000000e+00,-2.906775189602072373e+00,-4.847814728808117479e-01,0.000000000000000000e+00,3.323990985310274937e+03,-7.972329857524982071e+04,0.000000000000000000e+00,-2.906775189601961351e+00,-4.847814728809335394e-01,0.000000000000000000e+00,3.323990985308789732e+03,-7.972329857524928229e+04,0.000000000000000000e+00,-2.906775189602072818e+00,-4.847814728808128582e-01,0.000000000000000000e+00
2.050000000000000000e+04,3.033227665291749872e+03,-7.976965663535246858e+04,0.000000000000000000e+00,-2.908465441527850359e+00,-4.423756206505959909e-01,0.000000000000000000e+00,3.033227665293259179e+03,-7.976965663535303611e+04,0.000000000000000000e+00,-2.908465441527737561e+00,-4.423756206507205579e-01,0.000000000000000000e+00,3.033227665291759422e+03,-7.976965663535248314e+04,0.000000000000000000e+00,-2.908465441527849915e+00,-4.423756206505979338e-01,0.000000000000000000e+00
2.060000000000000000e+04,2.742303052302246215e+03,-7.981177291526194313e+04,0.000000000000000000e+00,-2.910001034757266680e+00,-3.999462449375812412e-01,0.000000000000000000e+00,2.742303052303745062e+03,-7.981177291526248155e+04,0.000000000000000000e+00,-2.910001034757155658e+00,-3.999462449377068074e-01,0.000000000000000000e+00,2.742303052302240758e+03,-7.981177291526191402e+04,0.000000000000000000e+00,-2.910001034757268012e+00,-3.999462449375835726e-01,0.000000000000000000e+00
2.070000000000000000e+04,2.451232616361172404e+03,-7.984964517542926478e+04,0.000000000000000000e+00,-2.911381887634606258e+00,-3.574956019390853612e-01,0.000000000000000000e+00,2.451232616362707176e+03,-7.984964517542980320e+04,0.000000000000000000e+00,-2.911381887634493459e+00,-3.574956019392125373e-01,0.000000000000000000e+00,2.451232616361189230e+03,-7.984964517542923568e+04,0.000000000000000000e+00,-2.911381887634606258e+00,-3.574956019390873041e-01,0.000000000000000000e+00
2.080000000000000000e+04,2.160031835243775276e+03,-7.988327140198333655e+04,0.000000000000000000e+00,-2.912607926732514230e+00,-3.150259489833260318e-01,0.000000000000000000e+00,2.160031835245307775e+03,-7.988327140198396228e+04,0.000000000000000000e+00,-2.912607926732401875e+00,-3.150259489834534299e-01,0.000000000000000000e+00,2.160031835243776186e+03,-7.988327140198336565e+04,0.000000000000000000e+00,-2.912607926732514674e+00,-3.150259489833262538e-01,0.000000000000000000e+00
2.090000000000000000e+04,1.868716193656349787e+03,-7.991264980683763861e+04,0.000000000000000000e+00,-2.913679086855923472e+00,-2.725395444093763331e-01,0.000000000000000000e+00,1.868716193657861140e+03,-7.991264980683823524e+04,0.000000000000000000e+00,-2.913679086855810674e+00,-2.725395444095065622e-01,0.000000000000000000e+00,1.868716193656315909e+03,-7.991264980683762406e+04,0.000000000000000000e+00,-2.913679086855923916e+00,-2.725395444093774433e-01,0.000000000000000000e+00
2.100000000000000000e+04,1.577301182412862545e+03,-7.993777882778474304e+04,0.000000000000000000e+00,-2.914595311045509618e+00,-2.300386474470954568e-01,0.000000000000000000e+00,1.577301182414427785e+03,-7.993777882778538333e+04,0.000000000000000000e+00,-2.914595311045395043e+00,-2.300386474472223552e-01,0.000000000000000000e+00,1.577301182412877779e+03,-7.993777882778477215e+04,0.000000000000000000e+00,-2.914595311045509174e+00,-2.300386474470925702e-01,0.000000000000000000e+00
2.110000000000000000e+04,1.285802297611517133e+03,-7.995865712858006009e+04,0.000000000000000000e+00,-2.915356550580719741e+00,-1.875255180969581659e-01,0.000000000000000000e+00,1.285802297613085329e+03,-7.995865712858068582e+04,0.000000000000000000e+00,-2.915356550580604278e+00,-1.875255180970891722e-01,0.000000000000000000e+00,1.285802297611521681e+03,-7.995865712858006009e+04,0.000000000000000000e+00,-2.915356550580718853e+00,-1.875255180969574165e-01,0.000000000000000000e+00
2.120000000000000000e+04,9.942350398103299085e+02,-7.997528359901232761e+04,0.000000000000000000e+00,-2.915962764982365840e+00,-1.450024170099233345e-01,0.000000000000000000e+00,9.942350398119184547e+02,-7.997528359901298245e+04,0.000000000000000000e+00,-2.915962764982251709e+00,-1.450024170100570053e-01,0.000000000000000000e+00,9.942350398103411635e+02,-7.997528359901235672e+04,0.000000000000000000e+00,-2.915962764982366728e+00,-1.450024170099232512e-01,0.000000000000000000e+00
2.130000000000000000e+04,7.026149132031714544e+02,-7.998765735496309935e+04,0.000000000000000000e+00,-2.916413922014784887e+00,-1.024716053671888005e-01,0.000000000000000000e+00,7.026149132047708008e+02,-7.998765735496372508e+04,0.000000000000000000e+00,-2.916413922014668536e+00,-1.024716053673265237e-01,0.000000000000000000e+00,7.026149132031797535e+02,-7.998765735496307025e+04,0.000000000000000000e+00,-2.916413922014784443e+00,-1.024716053671907851e-01,0.000000000000000000e+00
2.140000000000000000e+04,4.109574247952259611e+02,-7.999577773845329648e+04,0.000000000000000000e+00,-2.916709997687535250e+00,-5.993534475997464028e-02,0.000000000000000000e+00,4.109574247968033660e+02,-7.999577773845398042e+04,0.000000000000000000e+00,-2.916709997687417566e+00,-5.993534476011000423e-02,0.000000000000000000e+00,4.109574247952072596e+02,-7.999577773845331103e+04,0.000000000000000000e+00,-2.916709997687534361e+00,-5.993534475997354394e-02,0.000000000000000000e+00
2.150000000000000000e+04,1.192780835783050861e+02,-7.999964431767875794e+04,0.000000000000000000e+00,-2.916850976256684547e+00,-1.739589706923183599e-02,0.000000000000000000e+00,1.192780835799044894e+02,-7.999964431767944188e+04,0.000000000000000000e+00,-2.916850976256568195e+00,-1.739589706937035019e-02,0.000000000000000000e+00,1.192780835782944422e+02,-7.999964431767875794e+04,0.000000000000000000e+00,-2.916850976256685435e+00,-1.739589706923185333e-02,0.000000000000000000e+00
2.160000000000000000e+04,-1.724076002936344594e+02,-7.999925688703267951e+04,0.000000000000000000e+00,-2.916836850225651645e+00,2.514447565459576595e-02,0.000000000000000000e+00,-1.724076002920064923e+02,-7.999925688703336345e+04,0.000000000000000000e+00,-2.916836850225534405e+00,2.514447565445523600e-02,0.000000000000000000e+00,-1.724076002936304803e+02,-7.999925688703266496e+04,0.000000000000000000e+00,-2.916836850225652089e+00,2.514447565459576248e-02,0.000000000000000000e+00
2.170000000000000000e+04,-4.640841163293807767e+02,-7.999461546711676056e+04,0.000000000000000000e+00,-2.916667620345592127e+00,6.768351131188055092e-02,0.000000000000000000e+00,-4.640841163277372630e+02,-7.999461546711750270e+04,0.000000000000000000e+00,-2.916667620345473111e+00,6.768351131174056567e-02,0.000000000000000000e+00,-4.640841163293752629e+02,-7.999461546711680421e+04,0.000000000000000000e+00,-2.916667620345591239e+00,6.768351131188313219e-02,0.000000000000000000e+00
2.180000000000000000e+04,-7.557359545252402313e+02,-7.998572030474033090e+04,0.000000000000000000e+00,-2.916343295615362763e+00,1.102189478741024686e-01,0.000000000000000000e+00,-7.557359545235985934e+02,-7.998572030474105850e+04,0.000000000000000000e+00,-2.916343295615243303e+00,1.102189478739584449e-01,0.000000000000000000e+00,-7.557359545252415955e+02,-7.998572030474034545e+04,0.000000000000000000e+00,-2.916343295615362319e+00,1.102189478741017609e-01,0.000000000000000000e+00
2.190000000000000000e+04,-1.047347606189781800e+03,-7.997257187290673028e+04,0.000000000000000000e+00,-2.915863893281050778e+00,1.527485235041154965e-01,0.000000000000000000e+00,-1.047347606188154032e+03,-7.997257187290747243e+04,0.000000000000000000e+00,-2.915863893280929986e+00,1.527485235039648392e-01,0.000000000000000000e+00,-1.047347606189810904e+03,-7.997257187290674483e+04,0.000000000000000000e+00,-2.915863893281049446e+00,1.527485235041101952e-01,0.000000000000000000e+00
2.200000000000000000e+04,-1.338903564768552314e+03,-7.995517087078862824e+04,0.000000000000000000e+00,-2.915229438835043041e+00,1.952699766764212086e-01,0.000000000000000000e+00,-1.338903564766900672e+03,-7.995517087078932673e+04,0.000000000000000000e+00,-2.915229438834924469e+00,1.952699766762729383e-01,0.000000000000000000e+00,-1.338903564768571641e+03,-7.995517087078859913e+04,0.000000000000000000e+00,-2.915229438835044373e+00,1.952699766764203759e-01,0.000000000000000000e+00
2.210000000000000000e+04,-1.630388326668529771e+03,-7.993351822369043657e+04,0.000000000000000000e+00,-2.914439966014690242e+00,2.377810462974601080e-01,0.000000000000000000e+00,-1.630388326666835155e+03,-7.993351822369119327e+04,0.000000000000000000e+00,-2.914439966014570338e+00,2.377810462973105055e-01,0.000000000000000000e+00,-1.630388326668520222e+03,-7.993351822369045112e+04,0.000000000000000000e+00,-2.914439966014690686e+00,2.377810462974599970e-01,0.000000000000000000e+00
2.220000000000000000e+04,-1.921786392082547536e+03,-7.990761508299961861e+04,0.000000000000000000e+00,-2.913495516800489682e+00,2.802794718258070361e-01,0.000000000000000000e+00,-1.921786392080863379e+03,-7.990761508300036076e+04,0.000000000000000000e+00,-2.913495516800368890e+00,2.802794718256543804e-01,0.000000000000000000e+00,-1.921786392082553675e+03,-7.990761508299960406e+04,0.000000000000000000e+00,-2.913495516800489682e+00,2.802794718258047046e-01,0.000000000000000000e+00
2.230000000000000000e+04,-2.213082265813718550e+03,-7.987746282612482901e+04,0.000000000000000000e+00,-2.912396141413868378e+00,3.227629933923878980e-01,0.000000000000000000e+00,-2.213082265812008245e+03,-7.987746282612567302e+04,0.000000000000000000e+00,-2.912396141413746697e+00,3.227629933922355754e-01,0.000000000000000000e+00,-2.213082265813712638e+03,-7.987746282612488721e+04,0.000000000000000000e+00,-2.912396141413867934e+00,3.227629933923880090e-01,0.000000000000000000e+00
2.240000000000000000e+04,-2.504260458099102834e+03,-7.984306305642340158e+04,0.000000000000000000e+00,-2.911141898314507870e+00,3.652293519206644135e-01,0.000000000000000000e+00,-2.504260458097371611e+03,-7.984306305642421648e+04,0.000000000000000000e+00,-2.911141898314385745e+00,3.652293519205087047e-01,0.000000000000000000e+00,-2.504260458099090101e+03,-7.984306305642341613e+04,0.000000000000000000e+00,-2.911141898314507426e+00,3.652293519206632477e-01,0.000000000000000000e+00
2.250000000000000000e+04,-2.795305485433520516e+03,-7.980441760311531834e+04,0.000000000000000000e+00,-2.909732854197237373e+00,4.076762892467336030e-01,0.000000000000000000e+00,-2.795305485431808847e+03,-7.980441760311613325e+04,0.000000000000000000e+00,-2.909732854197113916e+00,4.076762892465790045e-01,0.000000000000000000e+00,-2.795305485433541890e+03,-7.980441760311530379e+04,0.000000000000000000e+00,-2.909732854197236041e+00,4.076762892467356569e-01,0.000000000000000000e+00
2.260000000000000000e+04,-3.086201871393015608e+03,-7.976152852118646842e+04,0.000000000000000000e+00,-2.908169083988481063e+00,4.501015482394379319e-01,0.000000000000000000e+00,-3.086201871391270288e+03,-7.976152852118729788e+04,0.000000000000000000e+00,-2.908169083988359382e+00,4.501015482392812239e-01,0.000000000000000000e+00,-3.086201871393008332e+03,-7.976152852118645387e+04,0.000000000000000000e+00,-2.908169083988481507e+00,4.501015482394387091e-01,0.000000000000000000e+00
2.270000000000000000e+04,-3.376934147457533982e+03,-7.971439809127921762e+04,0.000000000000000000e+00,-2.906450670842287920e+00,4.925028729203617672e-01,0.000000000000000000e+00,-3.376934147455763195e+03,-7.971439809128007619e+04,0.000000000000000000e+00,-2.906450670842165351e+00,4.925028729202032274e-01,0.000000000000000000e+00,-3.376934147457515337e+03,-7.971439809127923218e+04,0.000000000000000000e+00,-2.906450670842288364e+00,4.925028729203628219e-01,0.000000000000000000e+00
2.280000000000000000e+04,-3.667486853833688656e+03,-7.966302881957119098e+04,0.000000000000000000e+00,-2.904577706135892612e+00,5.348780085838100717e-01,0.000000000000000000e+00,-3.667486853831899225e+03,-7.966302881957206409e+04,0.000000000000000000e+00,-2.904577706135769599e+00,5.348780085836485343e-01,0.000000000000000000e+00,-3.667486853833665464e+03,-7.966302881957119098e+04,0.000000000000000000e+00,-2.904577706135892612e+00,5.348780085838101828e-01,0.000000000000000000e+00
2.290000000000000000e+04,-3.957844540276710177e+03,-7.960742343764186080e+04,0.000000000000000000e+00,-2.902550289464867816e+00,5.772247019166947268e-01,0.000000000000000000e+00,-3.957844540274971223e+03,-7.960742343764273392e+04,0.000000000000000000e+00,-2.902550289464743916e+00,5.772247019165311910e-01,0.000000000000000000e+00,-3.957844540276751559e+03,-7.960742343764183170e+04,0.000000000000000000e+00,-2.902550289464867372e+00,5.772247019166949489e-01,0.000000000000000000e+00
2.300000000000000000e+04,-4.247991766912338790e+03,-7.954758490232736222e+04,0.000000000000000000e+00,-2.900368528637823573e+00,6.195407011183604595e-01,0.000000000000000000e+00,-4.247991766910528895e+03,-7.954758490232827899e+04,0.000000000000000000e+00,-2.900368528637699672e+00,6.195407011181961465e-01,0.000000000000000000e+00,-4.247991766912323328e+03,-7.954758490232736222e+04,0.000000000000000000e+00,-2.900368528637823129e+00,6.195407011183620138e-01,0.000000000000000000e+00
2.310000000000000000e+04,-4.537913105057203211e+03,-7.948351639556343434e+04,0.000000000000000000e+00,-2.898032539670676755e+00,6.618237560203290570e-01,0.000000000000000000e+00,-4.537913105055396045e+03,-7.948351639556436567e+04,0.000000000000000000e+00,-2.898032539670553298e+00,6.618237560201600811e-01,0.000000000000000000e+00,-4.537913105057195935e+03,-7.948351639556343434e+04,0.000000000000000000e+00,-2.898032539670677199e+00,6.618237560203268366e-01,0.000000000000000000e+00
2.320000000000000000e+04,-4.827593138039926998e+03,-7.941522132421596325e+04,0.000000000000000000e+00,-2.895542446780483559e+00,7.040716182059334471e-01,0.000000000000000000e+00,-4.827593138038099823e+03,-7.941522132421688002e+04,0.000000000000000000e+00,-2.895542446780359214e+00,7.040716182057645822e-01,0.000000000000000000e+00,-4.827593138039914265e+03,-7.941522132421593415e+04,0.000000000000000000e+00,-2.895542446780483559e+00,7.040716182059334471e-01,0.000000000000000000e+00
2.330000000000000000e+04,-5.117016462020488689e+03,-7.934270331989989791e+04,0.000000000000000000e+00,-2.892898382378826128e+00,7.462820411299055934e-01,0.000000000000000000e+00,-5.117016462018656057e+03,-7.934270331990081468e+04,0.000000000000000000e+00,-2.892898382378702227e+00,7.462820411297365064e-01,0.000000000000000000e+00,-5.117016462020484141e+03,-7.934270331989983970e+04,0.000000000000000000e+00,-2.892898382378827016e+00,7.462820411299075918e-01,0.000000000000000000e+00
2.340000000000000000e+04,-5.406167686809523730e+03,-7.926596623878611717e+04,0.000000000000000000e+00,-2.890100487064783508e+00,7.884527802378222816e-01,0.000000000000000000e+00,-5.406167686807672908e+03,-7.926596623878715036e+04,0.000000000000000000e+00,-2.890100487064658275e+00,7.884527802376491978e-01,0.000000000000000000e+00,-5.406167686809515544e+03,-7.926596623878616083e+04,0.000000000000000000e+00,-2.890100487064783952e+00,7.884527802378223926e-01,0.000000000000000000e+00
2.350000000000000000e+04,-5.695031436686578672e+03,-7.918501416139675712e+04,0.000000000000000000e+00,-2.887148909617444303e+00,8.305815930854478779e-01,0.000000000000000000e+00,-5.695031436684732398e+03,-7.918501416139777575e+04,0.000000000000000000e+00,-2.887148909617318182e+00,8.305815930852767925e-01,0.000000000000000000e+00,-5.695031436686579582e+03,-7.918501416139677167e+04,0.000000000000000000e+00,-2.887148909617444303e+00,8.305815930854507645e-01,0.000000000000000000e+00
2.360000000000000000e+04,-5.983592351217841497e+03,-7.909985139238749980e+04,0.000000000000000000e+00,-2.884043806988001890e+00,8.726662394580166904e-01,0.000000000000000000e+00,-5.983592351215997951e+03,-7.909985139238853299e+04,0.000000000000000000e+00,-2.884043806987873992e+00,8.726662394578376114e-01,0.000000000000000000e+00,-5.983592351217858777e+03,-7.909985139238751435e+04,0.000000000000000000e+00,-2.884043806988001002e+00,8.726662394580139148e-01,0.000000000000000000e+00
2.370000000000000000e+04,-6.271835086072882405e+03,-7.901048246031926828e+04,0.000000000000000000e+00,-2.880785344291403760e+00,9.147044814892950626e-01,0.000000000000000000e+00,-6.271835086071009755e+03,-7.901048246032031602e+04,0.000000000000000000e+00,-2.880785344291275862e+00,9.147044814891183151e-01,0.000000000000000000e+00,-6.271835086072884224e+03,-7.901048246031928284e+04,0.000000000000000000e+00,-2.880785344291403316e+00,9.147044814892966169e-01,0.000000000000000000e+00
2.380000000000000000e+04,-6.559744313840521500e+03,-7.891691211741718871e+04,0.000000000000000000e+00,-2.877373694797578096e+00,9.566940837806541253e-01,0.000000000000000000e+00,-6.559744313838628841e+03,-7.891691211741823645e+04,0.000000000000000000e+00,-2.877373694797449755e+00,9.566940837804728259e-01,0.000000000000000000e+00,-6.559744313840518771e+03,-7.891691211741718871e+04,0.000000000000000000e+00,-2.877373694797577652e+00,9.566940837806533482e-01,0.000000000000000000e+00
2.390000000000000000e+04,-6.847304724843997974e+03,-7.881914533931791084e+04,0.000000000000000000e+00,-2.873809039922212705e+00,9.986328135198689893e-01,0.000000000000000000e+00,-6.847304724842075302e+03,-7.881914533931895858e+04,0.000000000000000000e+00,-2.873809039922084807e+00,9.986328135196910205e-01,0.000000000000000000e+00,-6.847304724843970689e+03,-7.881914533931789629e+04,0.000000000000000000e+00,-2.873809039922213593e+00,9.986328135198723199e-01,0.000000000000000000e+00
2.400000000000000000e+04,-7.134501027954946039e+03,-7.871718732480495237e+04,0.000000000000000000e+00,-2.870091569217116501e+00,1.040518440599914385e+00,0.000000000000000000e+00,-7.134501027953027005e+03,-7.871718732480607287e+04,0.000000000000000000e+00,-2.870091569216987271e+00,1.040518440599728756e+00,0.000000000000000000e+00,-7.134501027954936944e+03,-7.871718732480499602e+04,0.000000000000000000e+00,-2.870091569217116501e+00,1.040518440599912164e+00,0.000000000000000000e+00
2.410000000000000000e+04,-7.421317951406643260e+03,-7.861104349553259090e+04,0.000000000000000000e+00,-2.866221480360128027e+00,1.082348737737479638e+00,0.000000000000000000e+00,-7.421317951404726955e+03,-7.861104349553369684e+04,0.000000000000000000e+00,-2.866221480359999685e+00,1.082348737737295119e+00,0.000000000000000000e+00,-7.421317951406651446e+03,-7.861104349553259090e+04,0.000000000000000000e+00,-2.866221480360128915e+00,1.082348737737480748e+00,0.000000000000000000e+00
2.420000000000000000e+04,-7.707740243606036529e+03,-7.850071949573703751e+04,0.000000000000000000e+00,-2.862198979144618960e+00,1.124121480591476541e+00,0.000000000000000000e+00,-7.707740243604071111e+03,-7.850071949573814345e+04,0.000000000000000000e+00,-2.862198979144488398e+00,1.124121480591288691e+00,0.000000000000000000e+00,-7.707740243606010154e+03,-7.850071949573700840e+04,0.000000000000000000e+00,-2.862198979144618516e+00,1.124121480591476319e+00,0.000000000000000000e+00
2.430000000000000000e+04,-7.993752673944574781e+03,-7.838622119193662365e+04,0.000000000000000000e+00,-2.858024279468533990e+00,1.165834447881266556e+00,0.000000000000000000e+00,-7.993752673942613910e+03,-7.838622119193778781e+04,0.000000000000000000e+00,-2.858024279468404316e+00,1.165834447881077818e+00,0.000000000000000000e+00,-7.993752673944559319e+03,-7.838622119193663821e+04,0.000000000000000000e+00,-2.858024279468534434e+00,1.165834447881266556e+00,0.000000000000000000e+00
2.440000000000000000e+04,-8.279340033608430531e+03,-7.826755467261996819e+04,0.000000000000000000e+00,-2.853697603323034571e+00,1.207485421504806311e+00,0.000000000000000000e+00,-8.279340033606460565e+03,-7.826755467262113234e+04,0.000000000000000000e+00,-2.853697603322903564e+00,1.207485421504618017e+00,0.000000000000000000e+00,-8.279340033608419617e+03,-7.826755467261996819e+04,0.000000000000000000e+00,-2.853697603323034127e+00,1.207485421504808754e+00,0.000000000000000000e+00
2.450000000000000000e+04,-8.564487136386975180e+03,-7.814472624792187707e+04,0.000000000000000000e+00,-2.849219180780677263e+00,1.249072186656590588e+00,0.000000000000000000e+00,-8.564487136385001577e+03,-7.814472624792305578e+04,0.000000000000000000e+00,-2.849219180780547589e+00,1.249072186656400296e+00,0.000000000000000000e+00,-8.564487136386975180e+03,-7.814472624792186252e+04,0.000000000000000000e+00,-2.849219180780678151e+00,1.249072186656593031e+00,0.000000000000000000e+00
2.460000000000000000e+04,-8.849178819480439415e+03,-7.801774244928805274e+04,0.000000000000000000e+00,-2.844589249983197732e+00,1.290592531945417676e+00,0.000000000000000000e+00,-8.849178819478447622e+03,-7.801774244928921689e+04,0.000000000000000000e+00,-2.844589249983066281e+00,1.290592531945224053e+00,0.000000000000000000e+00,-8.849178819480437596e+03,-7.801774244928800908e+04,0.000000000000000000e+00,-2.844589249983197288e+00,1.290592531945419008e+00,0.000000000000000000e+00
2.470000000000000000e+04,-9.133399944306147518e+03,-7.788661002912756521e+04,0.000000000000000000e+00,-2.839808057128825780e+00,1.332044249511987744e+00,0.000000000000000000e+00,-9.133399944304115706e+03,-7.788661002912880213e+04,0.000000000000000000e+00,-2.839808057128695662e+00,1.332044249511789014e+00,0.000000000000000000e+00,-9.133399944306111138e+03,-7.788661002912757976e+04,0.000000000000000000e+00,-2.839808057128826668e+00,1.332044249511985079e+00,0.000000000000000000e+00
2.480000000000000000e+04,-9.417135397303412901e+03,-7.775133596045419108e+04,0.000000000000000000e+00,-2.834875856459218468e+00,1.373425135146298715e+00,0.000000000000000000e+00,-9.417135397301426565e+03,-7.775133596045545710e+04,0.000000000000000000e+00,-2.834875856459086130e+00,1.373425135146098874e+00,0.000000000000000000e+00,-9.417135397303434729e+03,-7.775133596045420563e+04,0.000000000000000000e+00,-2.834875856459218024e+00,1.373425135146297160e+00,0.000000000000000000e+00
2.490000000000000000e+04,-9.700370090737618739e+03,-7.761192743651512137e+04,0.000000000000000000e+00,-2.829792910245913617e+00,1.414732988404871605e+00,0.000000000000000000e+00,-9.700370090735572376e+03,-7.761192743651643104e+04,0.000000000000000000e+00,-2.829792910245783055e+00,1.414732988404670433e+00,0.000000000000000000e+00,-9.700370090737595092e+03,-7.761192743651516503e+04,0.000000000000000000e+00,-2.829792910245914950e+00,1.414732988404870939e+00,0.000000000000000000e+00
2.500000000000000000e+04,-9.983088963501853868e+03,-7.746839187040881370e+04,0.000000000000000000e+00,-2.824559488776412053e+00,1.455965612727744940e+00,0.000000000000000000e+00,-9.983088963499822057e+03,-7.746839187041016703e+04,0.000000000000000000e+00,-2.824559488776280158e+00,1.455965612727543768e+00,0.000000000000000000e+00,-9.983088963501857506e+03,-7.746839187040885736e+04,0.000000000000000000e+00,-2.824559488776412497e+00,1.455965612727746716e+00,0.000000000000000000e+00
2.510000000000000000e+04,-1.026527698191840318e+04,-7.732073689469070814e+04,0.000000000000000000e+00,-2.819175870339780232e+00,1.497120815555287976e+00,0.000000000000000000e+00,-1.026527698191638774e+04,-7.732073689469201781e+04,0.000000000000000000e+00,-2.819175870339647005e+00,1.497120815555084361e+00,0.000000000000000000e+00,-1.026527698191842683e+04,-7.732073689469069359e+04,0.000000000000000000e+00,-2.819175870339780232e+00,1.497120815555287976e+00,0.000000000000000000e+00
2.520000000000000000e+04,-1.054691914053790970e+04,-7.716897036096712691e+04,0.000000000000000000e+00,-2.813642341211863851e+00,1.538196408444775898e+00,0.000000000000000000e+00,-1.054691914053585424e+04,-7.716897036096845113e+04,0.000000000000000000e+00,-2.813642341211731512e+00,1.538196408444573615e+00,0.000000000000000000e+00,-1.054691914053790970e+04,-7.716897036096711236e+04,0.000000000000000000e+00,-2.813642341211864739e+00,1.538196408444779673e+00,0.000000000000000000e+00
2.530000000000000000e+04,-1.082800046293719788e+04,-7.701310033947811462e+04,0.000000000000000000e+00,-2.807959195640069794e+00,1.579190207186790929e+00,0.000000000000000000e+00,-1.082800046293510059e+04,-7.701310033947951160e+04,0.000000000000000000e+00,-2.807959195639936123e+00,1.579190207186579986e+00,0.000000000000000000e+00,-1.082800046293717060e+04,-7.701310033947815828e+04,0.000000000000000000e+00,-2.807959195640069794e+00,1.579190207186788486e+00,0.000000000000000000e+00
2.540000000000000000e+04,-1.110850600251578726e+04,-7.685313511866831686e+04,0.000000000000000000e+00,-2.802126735827705772e+00,1.620100031921314354e+00,0.000000000000000000e+00,-1.110850600251366996e+04,-7.685313511866967019e+04,0.000000000000000000e+00,-2.802126735827570769e+00,1.620100031921105632e+00,0.000000000000000000e+00,-1.110850600251575270e+04,-7.685313511866830231e+04,0.000000000000000000e+00,-2.802126735827704884e+00,1.620100031921316130e+00,0.000000000000000000e+00
2.550000000000000000e+04,-1.138842084329060162e+04,-7.668908320474566426e+04,0.000000000000000000e+00,-2.796145271917920283e+00,1.660923707253711967e+00,0.000000000000000000e+00,-1.138842084328856618e+04,-7.668908320474710490e+04,0.000000000000000000e+00,-2.796145271917785280e+00,1.660923707253499915e+00,0.000000000000000000e+00,-1.138842084329065437e+04,-7.668908320474572247e+04,0.000000000000000000e+00,-2.796145271917919839e+00,1.660923707253711523e+00,0.000000000000000000e+00
2.560000000000000000e+04,-1.166773010068954318e+04,-7.652095332122995751e+04,0.000000000000000000e+00,-2.790015121977209134e+00,1.701659062370350028e+00,0.000000000000000000e+00,-1.166773010068741496e+04,-7.652095332123138360e+04,0.000000000000000000e+00,-2.790015121977075019e+00,1.701659062370138420e+00,0.000000000000000000e+00,-1.166773010068951771e+04,-7.652095332122997206e+04,0.000000000000000000e+00,-2.790015121977209578e+00,1.701659062370352471e+00,0.000000000000000000e+00
2.570000000000000000e+04,-1.194641892234209809e+04,-7.634875440848807921e+04,0.000000000000000000e+00,-2.783736611978504527e+00,1.742303931154072671e+00,0.000000000000000000e+00,-1.194641892233995168e+04,-7.634875440848953440e+04,0.000000000000000000e+00,-2.783736611978368636e+00,1.742303931153855734e+00,0.000000000000000000e+00,-1.194641892234206716e+04,-7.634875440848809376e+04,0.000000000000000000e+00,-2.783736611978503639e+00,1.742303931154071783e+00,0.000000000000000000e+00
2.580000000000000000e+04,-1.222447248886994203e+04,-7.617249562325922307e+04,0.000000000000000000e+00,-2.777310075783828935e+00,1.782856152299348906e+00,0.000000000000000000e+00,-1.222447248886781199e+04,-7.617249562326070736e+04,0.000000000000000000e+00,-2.777310075783694820e+00,1.782856152299129526e+00,0.000000000000000000e+00,-1.222447248886994385e+04,-7.617249562325923762e+04,0.000000000000000000e+00,-2.777310075783829380e+00,1.782856152299348018e+00,0.000000000000000000e+00
2.590000000000000000e+04,-1.250187601467466448e+04,-7.599218633816769579e+04,0.000000000000000000e+00,-2.770735855126561731e+00,1.823313569427227776e+00,0.000000000000000000e+00,-1.250187601467254535e+04,-7.599218633816922375e+04,0.000000000000000000e+00,-2.770735855126427616e+00,1.823313569427009284e+00,0.000000000000000000e+00,-1.250187601467468448e+04,-7.599218633816773945e+04,0.000000000000000000e+00,-2.770735855126562619e+00,1.823313569427228664e+00,0.000000000000000000e+00
2.600000000000000000e+04,-1.277861474872397957e+04,-7.580783614122471772e+04,0.000000000000000000e+00,-2.764014299593252844e+00,1.863674031200002190e+00,0.000000000000000000e+00,-1.277861474872185863e+04,-7.580783614122620202e+04,0.000000000000000000e+00,-2.764014299593116064e+00,1.863674031199781922e+00,0.000000000000000000e+00,-1.277861474872401050e+04,-7.580783614122470317e+04,0.000000000000000000e+00,-2.764014299593251511e+00,1.863674031200003745e+00,0.000000000000000000e+00
2.610000000000000000e+04,-1.305467397533613257e+04,-7.561945483531820355e+04,0.000000000000000000e+00,-2.757145766605029635e+00,1.903935391435595648e+00,0.000000000000000000e+00,-1.305467397533399162e+04,-7.561945483531968785e+04,0.000000000000000000e+00,-2.757145766604894632e+00,1.903935391435370716e+00,0.000000000000000000e+00,-1.305467397533615804e+04,-7.561945483531815989e+04,0.000000000000000000e+00,-2.757145766605029635e+00,1.903935391435594759e+00,0.000000000000000000e+00
2.620000000000000000e+04,-1.333003901496241451e+04,-7.542705243769183289e+04,0.000000000000000000e+00,-2.750130621398611197e+00,1.944095509221686058e+00,0.000000000000000000e+00,-1.333003901496023718e+04,-7.542705243769341905e+04,0.000000000000000000e+00,-2.750130621398475750e+00,1.944095509221458462e+00,0.000000000000000000e+00,-1.333003901496241997e+04,-7.542705243769186200e+04,0.000000000000000000e+00,-2.750130621398610753e+00,1.944095509221684948e+00,0.000000000000000000e+00
2.630000000000000000e+04,-1.360469522496769787e+04,-7.523063917941253749e+04,0.000000000000000000e+00,-2.742969237006864347e+00,1.984152249029559556e+00,0.000000000000000000e+00,-1.360469522496553691e+04,-7.523063917941410909e+04,0.000000000000000000e+00,-2.742969237006729788e+00,1.984152249029331738e+00,0.000000000000000000e+00,-1.360469522496772515e+04,-7.523063917941253749e+04,0.000000000000000000e+00,-2.742969237006865235e+00,1.984152249029559112e+00,0.000000000000000000e+00
2.640000000000000000e+04,-1.387862800040928414e+04,-7.503022550482585211e+04,0.000000000000000000e+00,-2.735661994238984818e+00,2.024103480827665891e+00,0.000000000000000000e+00,-1.387862800040709590e+04,-7.503022550482743827e+04,0.000000000000000000e+00,-2.735661994238848926e+00,2.024103480827438073e+00,0.000000000000000000e+00,-1.387862800040929869e+04,-7.503022550482585211e+04,0.000000000000000000e+00,-2.735661994238984818e+00,2.024103480827667667e+00,0.000000000000000000e+00
2.650000000000000000e+04,-1.415182277481324854e+04,-7.482582207100107917e+04,0.000000000000000000e+00,-2.728209281660234353e+00,2.063947080194889594e+00,0.000000000000000000e+00,-1.415182277481101664e+04,-7.482582207100267988e+04,0.000000000000000000e+00,-2.728209281660096686e+00,2.063947080194652006e+00,0.000000000000000000e+00,-1.415182277481323581e+04,-7.482582207100106461e+04,0.000000000000000000e+00,-2.728209281660233021e+00,2.063947080194884265e+00,0.000000000000000000e+00
2.660000000000000000e+04,-1.442426502094909665e+04,-7.461743974716425873e+04,0.000000000000000000e+00,-2.720611495571281679e+00,2.103680928433476538e+00,0.000000000000000000e+00,-1.442426502094687385e+04,-7.461743974716594676e+04,0.000000000000000000e+00,-2.720611495571145788e+00,2.103680928433240727e+00,0.000000000000000000e+00,-1.442426502094910575e+04,-7.461743974716431694e+04,0.000000000000000000e+00,-2.720611495571282124e+00,2.103680928433475206e+00,0.000000000000000000e+00
2.670000000000000000e+04,-1.469594025160244200e+04,-7.440508961412066128e+04,0.000000000000000000e+00,-2.712869039987142017e+00,2.143302912681765093e+00,0.000000000000000000e+00,-1.469594025160019737e+04,-7.440508961412230565e+04,0.000000000000000000e+00,-2.712869039987005682e+00,2.143302912681527062e+00,0.000000000000000000e+00,-1.469594025160243291e+04,-7.440508961412066128e+04,0.000000000000000000e+00,-2.712869039987142017e+00,2.143302912681762429e+00,0.000000000000000000e+00
2.680000000000000000e+04,-1.496683402034509345e+04,-7.418878296366476570e+04,0.000000000000000000e+00,-2.704982326615672505e+00,2.182810926026480303e+00,0.000000000000000000e+00,-1.496683402034284518e+04,-7.418878296366648283e+04,0.000000000000000000e+00,-2.704982326615537502e+00,2.182810926026242715e+00,0.000000000000000000e+00,-1.496683402034509527e+04,-7.418878296366482391e+04,0.000000000000000000e+00,-2.704982326615673838e+00,2.182810926026480303e+00,0.000000000000000000e+00
2.690000000000000000e+04,-1.523693192230345448e+04,-7.396853129798072041e+04,0.000000000000000000e+00,-2.696951774835699922e+00,2.222202867614800681e+00,0.000000000000000000e+00,-1.523693192230119166e+04,-7.396853129798245209e+04,0.000000000000000000e+00,-2.696951774835562698e+00,2.222202867614562205e+00,0.000000000000000000e+00,-1.523693192230345630e+04,-7.396853129798076407e+04,0.000000000000000000e+00,-2.696951774835699034e+00,2.222202867614802457e+00,0.000000000000000000e+00
2.700000000000000000e+04,-1.550621959492439055e+04,-7.374434632903008605e+04,0.000000000000000000e+00,-2.688777811674698981e+00,2.261476642766062639e+00,0.000000000000000000e+00,-1.550621959492211863e+04,-7.374434632903177408e+04,0.000000000000000000e+00,-2.688777811674561313e+00,2.261476642765817946e+00,0.000000000000000000e+00,-1.550621959492439782e+04,-7.374434632903007150e+04,0.000000000000000000e+00,-2.688777811674698093e+00,2.261476642766060419e+00,0.000000000000000000e+00
2.710000000000000000e+04,-1.577468271873905906e+04,-7.351623997792915907e+04,0.000000000000000000e+00,-2.680460871786104704e+00,2.300630163083130952e+00,0.000000000000000000e+00,-1.577468271873674166e+04,-7.351623997793086164e+04,0.000000000000000000e+00,-2.680460871785966148e+00,2.300630163082884927e+00,0.000000000000000000e+00,-1.577468271873902449e+04,-7.351623997792912996e+04,0.000000000000000000e+00,-2.680460871786102928e+00,2.300630163083128288e+00,0.000000000000000000e+00
2.720000000000000000e+04,-1.604230701812417828e+04,-7.328422437431520666e+04,0.000000000000000000e+00,-2.672001397426184255e+00,2.339661346563477906e+00,0.000000000000000000e+00,-1.604230701812185180e+04,-7.328422437431698199e+04,0.000000000000000000e+00,-2.672001397426048364e+00,2.339661346563232325e+00,0.000000000000000000e+00,-1.604230701812414918e+04,-7.328422437431523576e+04,0.000000000000000000e+00,-2.672001397426184699e+00,2.339661346563478350e+00,0.000000000000000000e+00
2.730000000000000000e+04,-1.630907826206137543e+04,-7.304831185570155503e+04,0.000000000000000000e+00,-2.663399838430535738e+00,2.378568117709885854e+00,0.000000000000000000e+00,-1.630907826205903621e+04,-7.304831185570335947e+04,0.000000000000000000e+00,-2.663399838430400290e+00,2.378568117709634944e+00,0.000000000000000000e+00,-1.630907826206134814e+04,-7.304831185570158414e+04,0.000000000000000000e+00,-2.663399838430536182e+00,2.378568117709883190e+00,0.000000000000000000e+00
2.740000000000000000e+04,-1.657498226489374065e+04,-7.280851496682129800e+04,0.000000000000000000e+00,-2.654656652190152677e+00,2.417348407640790953e+00,0.000000000000000000e+00,-1.657498226489140870e+04,-7.280851496682304423e+04,0.000000000000000000e+00,-2.654656652190016786e+00,2.417348407640537378e+00,0.000000000000000000e+00,-1.657498226489373337e+04,-7.280851496682123980e+04,0.000000000000000000e+00,-2.654656652190152233e+00,2.417348407640787844e+00,0.000000000000000000e+00
2.750000000000000000e+04,-1.684000488708025659e+04,-7.256484645896006259e+04,0.000000000000000000e+00,-2.645772303627106581e+00,2.456000154200321361e+00,0.000000000000000000e+00,-1.684000488707794648e+04,-7.256484645896189613e+04,0.000000000000000000e+00,-2.645772303626971578e+00,2.456000154200069119e+00,0.000000000000000000e+00,-1.684000488708028570e+04,-7.256484645896006259e+04,0.000000000000000000e+00,-2.645772303627107025e+00,2.456000154200321806e+00,0.000000000000000000e+00
2.760000000000000000e+04,-1.710413203594772494e+04,-7.231731928927864647e+04,0.000000000000000000e+00,-2.636747265169832488e+00,2.494521302067955304e+00,0.000000000000000000e+00,-1.710413203594535662e+04,-7.231731928928048001e+04,0.000000000000000000e+00,-2.636747265169696597e+00,2.494521302067699509e+00,0.000000000000000000e+00,-1.710413203594769948e+04,-7.231731928927863191e+04,0.000000000000000000e+00,-2.636747265169832488e+00,2.494521302067953528e+00,0.000000000000000000e+00
2.770000000000000000e+04,-1.736734966643978260e+04,-7.206594662012328627e+04,0.000000000000000000e+00,-2.627582016727995295e+00,2.532909802867784776e+00,0.000000000000000000e+00,-1.736734966643745793e+04,-7.206594662012511981e+04,0.000000000000000000e+00,-2.627582016727859404e+00,2.532909802867530313e+00,0.000000000000000000e+00,-1.736734966643980079e+04,-7.206594662012324261e+04,0.000000000000000000e+00,-2.627582016727995295e+00,2.532909802867785221e+00,0.000000000000000000e+00
2.780000000000000000e+04,-1.762964378186437534e+04,-7.181074181832605973e+04,0.000000000000000000e+00,-2.618277045666980385e+00,2.571163615277477277e+00,0.000000000000000000e+00,-1.762964378186204340e+04,-7.181074181832793693e+04,0.000000000000000000e+00,-2.618277045666843605e+00,2.571163615277218373e+00,0.000000000000000000e+00,-1.762964378186440445e+04,-7.181074181832603063e+04,0.000000000000000000e+00,-2.618277045666979053e+00,2.571163615277476833e+00,0.000000000000000000e+00
2.790000000000000000e+04,-1.789100043463750626e+04,-7.155171845449414104e+04,0.000000000000000000e+00,-2.608832846781968584e+00,2.609280705136782785e+00,0.000000000000000000e+00,-1.789100043463513794e+04,-7.155171845449609100e+04,0.000000000000000000e+00,-2.608832846781833137e+00,2.609280705136525214e+00,0.000000000000000000e+00,-1.789100043463750990e+04,-7.155171845449417015e+04,0.000000000000000000e+00,-2.608832846781968584e+00,2.609280705136785006e+00,0.000000000000000000e+00
2.800000000000000000e+04,-1.815140572702512145e+04,-7.128889030228820047e+04,0.000000000000000000e+00,-2.599249922271638091e+00,2.647259045555745871e+00,0.000000000000000000e+00,-1.815140572702270219e+04,-7.128889030229016498e+04,0.000000000000000000e+00,-2.599249922271502200e+00,2.647259045555482526e+00,0.000000000000000000e+00,-1.815140572702509598e+04,-7.128889030228821503e+04,0.000000000000000000e+00,-2.599249922271637203e+00,2.647259045555745427e+00,0.000000000000000000e+00
2.810000000000000000e+04,-1.841084581188202719e+04,-7.102227133768971544e+04,0.000000000000000000e+00,-2.589528781711443628e+00,2.685096617022434629e+00,0.000000000000000000e+00,-1.841084581187961521e+04,-7.102227133769172360e+04,0.000000000000000000e+00,-2.589528781711309069e+00,2.685096617022172616e+00,0.000000000000000000e+00,-1.841084581188201264e+04,-7.102227133768974454e+04,0.000000000000000000e+00,-2.589528781711444072e+00,2.685096617022436405e+00,0.000000000000000000e+00
2.820000000000000000e+04,-1.866930689338844968e+04,-7.075187573825815343e+04,0.000000000000000000e+00,-2.579669942026536766e+00,2.722791407510385397e+00,0.000000000000000000e+00,-1.866930689338600860e+04,-7.075187573826013249e+04,0.000000000000000000e+00,-2.579669942026400875e+00,2.722791407510118944e+00,0.000000000000000000e+00,-1.866930689338841330e+04,-7.075187573825813888e+04,0.000000000000000000e+00,-2.579669942026536766e+00,2.722791407510384065e+00,0.000000000000000000e+00
2.830000000000000000e+04,-1.892677522778330604e+04,-7.047771788237665896e+04,0.000000000000000000e+00,-2.569673927464262597e+00,2.760341412585546550e+00,0.000000000000000000e+00,-1.892677522778088314e+04,-7.047771788237869623e+04,0.000000000000000000e+00,-2.569673927464125818e+00,2.760341412585274323e+00,0.000000000000000000e+00,-1.892677522778330967e+04,-7.047771788237664441e+04,0.000000000000000000e+00,-2.569673927464261709e+00,2.760341412585542553e+00,0.000000000000000000e+00
2.840000000000000000e+04,-1.918323712409535074e+04,-7.019981234848799068e+04,0.000000000000000000e+00,-2.559541269566290467e+00,2.797744635512874112e+00,0.000000000000000000e+00,-1.918323712409290965e+04,-7.019981234849001339e+04,0.000000000000000000e+00,-2.559541269566155020e+00,2.797744635512607214e+00,0.000000000000000000e+00,-1.918323712409533982e+04,-7.019981234848794702e+04,0.000000000000000000e+00,-2.559541269566290911e+00,2.797744635512876776e+00,0.000000000000000000e+00
2.850000000000000000e+04,-1.943867894487094600e+04,-6.991817391431878787e+04,0.000000000000000000e+00,-2.549272507140353028e+00,2.834999087362554349e+00,0.000000000000000000e+00,-1.943867894486847581e+04,-6.991817391432086879e+04,0.000000000000000000e+00,-2.549272507140218025e+00,2.834999087362280346e+00,0.000000000000000000e+00,-1.943867894487092781e+04,-6.991817391431877331e+04,0.000000000000000000e+00,-2.549272507140353028e+00,2.834999087362553460e+00,0.000000000000000000e+00
2.860000000000000000e+04,-1.969308710689932923e+04,-6.963281755609423271e+04,0.000000000000000000e+00,-2.538868186231587387e+00,2.872102787115689893e+00,0.000000000000000000e+00,-1.969308710689685540e+04,-6.963281755609634274e+04,0.000000000000000000e+00,-2.538868186231451052e+00,2.872102787115412781e+00,0.000000000000000000e+00,-1.969308710689931104e+04,-6.963281755609421816e+04,0.000000000000000000e+00,-2.538868186231586499e+00,2.872102787115687228e+00,0.000000000000000000e+00
2.870000000000000000e+04,-1.994644808193497011e+04,-6.934375844774124562e+04,0.000000000000000000e+00,-2.528328860093497887e+00,2.909053761769694546e+00,0.000000000000000000e+00,-1.994644808193248537e+04,-6.934375844774344296e+04,0.000000000000000000e+00,-2.528328860093362440e+00,2.909053761769419211e+00,0.000000000000000000e+00,-1.994644808193494828e+04,-6.934375844774130383e+04,0.000000000000000000e+00,-2.528328860093497887e+00,2.909053761769694546e+00,0.000000000000000000e+00
2.880000000000000000e+04,-2.019874839741684264e+04,-6.905101196008204715e+04,0.000000000000000000e+00,-2.517655089158546744e+00,2.945850046443204917e+00,0.000000000000000000e+00,-2.019874839741436153e+04,-6.905101196008427360e+04,0.000000000000000000e+00,-2.517655089158411741e+00,2.945850046442926917e+00,0.000000000000000000e+00,-2.019874839741684264e+04,-6.905101196008210536e+04,0.000000000000000000e+00,-2.517655089158546744e+00,2.945850046443205805e+00,0.000000000000000000e+00
2.890000000000000000e+04,-2.044997463718490326e+04,-6.875459366001642775e+04,0.000000000000000000e+00,-2.506847441008344113e+00,2.982489684480537306e+00,0.000000000000000000e+00,-2.044997463718242216e+04,-6.875459366001863964e+04,0.000000000000000000e+00,-2.506847441008208666e+00,2.982489684480258418e+00,0.000000000000000000e+00,-2.044997463718490690e+04,-6.875459366001645685e+04,0.000000000000000000e+00,-2.506847441008344113e+00,2.982489684480538195e+00,0.000000000000000000e+00
2.900000000000000000e+04,-2.070011344219348393e+04,-6.845451930969418027e+04,0.000000000000000000e+00,-2.495906490343469564e+00,3.018970727555760902e+00,0.000000000000000000e+00,-2.070011344219097737e+04,-6.845451930969633395e+04,0.000000000000000000e+00,-2.495906490343333228e+00,3.018970727555478017e+00,0.000000000000000000e+00,-2.070011344219346938e+04,-6.845451930969412206e+04,0.000000000000000000e+00,-2.495906490343469120e+00,3.018970727555759570e+00,0.000000000000000000e+00
2.910000000000000000e+04,-2.094915151122157113e+04,-6.815080486567658954e+04,0.000000000000000000e+00,-2.484832818952908973e+00,3.055291235776277148e+00,0.000000000000000000e+00,-2.094915151121906820e+04,-6.815080486567887419e+04,0.000000000000000000e+00,-2.484832818952773525e+00,3.055291235775993819e+00,0.000000000000000000e+00,-2.094915151122157476e+04,-6.815080486567661865e+04,0.000000000000000000e+00,-2.484832818952908084e+00,3.055291235776278036e+00,0.000000000000000000e+00
2.920000000000000000e+04,-2.119707560158029082e+04,-6.784346647808884154e+04,0.000000000000000000e+00,-2.473627015683124597e+00,3.091449277785997651e+00,0.000000000000000000e+00,-2.119707560157775879e+04,-6.784346647809111164e+04,0.000000000000000000e+00,-2.473627015682989150e+00,3.091449277785712546e+00,0.000000000000000000e+00,-2.119707560158027263e+04,-6.784346647808882699e+04,0.000000000000000000e+00,-2.473627015683124153e+00,3.091449277785998095e+00,0.000000000000000000e+00
2.930000000000000000e+04,-2.144387252981687197e+04,-6.753252048975997604e+04,0.000000000000000000e+00,-2.462289676406736127e+00,3.127442930868028270e+00,0.000000000000000000e+00,-2.144387252981434358e+04,-6.753252048976236256e+04,0.000000000000000000e+00,-2.462289676406602013e+00,3.127442930867740056e+00,0.000000000000000000e+00,-2.144387252981687561e+04,-6.753252048976004880e+04,0.000000000000000000e+00,-2.462289676406735683e+00,3.127442930868028714e+00,0.000000000000000000e+00
2.940000000000000000e+04,-2.168952917241593241e+04,-6.721798343535506865e+04,0.000000000000000000e+00,-2.450821403990842029e+00,3.163270281046909105e+00,0.000000000000000000e+00,-2.168952917241336036e+04,-6.721798343535746972e+04,0.000000000000000000e+00,-2.450821403990707026e+00,3.163270281046622667e+00,0.000000000000000000e+00,-2.168952917241590330e+04,-6.721798343535514141e+04,0.000000000000000000e+00,-2.450821403990841141e+00,3.163270281046912658e+00,0.000000000000000000e+00
2.950000000000000000e+04,-2.193403246649698121e+04,-6.689987204049518914e+04,0.000000000000000000e+00,-2.439222808264950082e+00,3.198929423190410404e+00,0.000000000000000000e+00,-2.193403246649445646e+04,-6.689987204049747379e+04,0.000000000000000000e+00,-2.439222808264815967e+00,3.198929423190123522e+00,0.000000000000000000e+00,-2.193403246649700304e+04,-6.689987204049513093e+04,0.000000000000000000e+00,-2.439222808264950082e+00,3.198929423190414845e+00,0.000000000000000000e+00
2.960000000000000000e+04,-2.217736941050956375e+04,-6.657820322086787201e+04,0.000000000000000000e+00,-2.427494505988563311e+00,3.234418461110823984e+00,0.000000000000000000e+00,-2.217736941050698442e+04,-6.657820322087025852e+04,0.000000000000000000e+00,-2.427494505988430529e+00,3.234418461110528220e+00,0.000000000000000000e+00,-2.217736941050954920e+04,-6.657820322086787201e+04,0.000000000000000000e+00,-2.427494505988564200e+00,3.234418461110822651e+00,0.000000000000000000e+00
2.970000000000000000e+04,-2.241952706492395373e+04,-6.625299408132862300e+04,0.000000000000000000e+00,-2.415637120818376893e+00,3.269735507665767926e+00,0.000000000000000000e+00,-2.241952706492139623e+04,-6.625299408133105317e+04,0.000000000000000000e+00,-2.415637120818244110e+00,3.269735507665476604e+00,0.000000000000000000e+00,-2.241952706492396464e+04,-6.625299408132863755e+04,0.000000000000000000e+00,-2.415637120818377781e+00,3.269735507665772367e+00,0.000000000000000000e+00
2.980000000000000000e+04,-2.266049255291986628e+04,-6.592426191499040578e+04,0.000000000000000000e+00,-2.403651283275113570e+00,3.304878684858611138e+00,0.000000000000000000e+00,-2.266049255291727968e+04,-6.592426191499285051e+04,0.000000000000000000e+00,-2.403651283274979900e+00,3.304878684858310489e+00,0.000000000000000000e+00,-2.266049255291985537e+04,-6.592426191499040578e+04,0.000000000000000000e+00,-2.403651283275113570e+00,3.304878684858607141e+00,0.000000000000000000e+00
2.990000000000000000e+04,-2.290025306107074721e+04,-6.559202420230439748e+04,0.000000000000000000e+00,-2.391537630709995810e+00,3.339846123938237099e+00,0.000000000000000000e+00,-2.290025306106811695e+04,-6.559202420230688585e+04,0.000000000000000000e+00,-2.391537630709861251e+00,3.339846123937936895e+00,0.000000000000000000e+00,-2.290025306107071083e+04,-6.559202420230439748e+04,0.000000000000000000e+00,-2.391537630709994477e+00,3.339846123938237099e+00,0.000000000000000000e+00
3.000000000000000000e+04,-2.313879584002521005e+04,-6.525629861013055779e+04,0.000000000000000000e+00,-2.379296807270855574e+00,3.374635965498502088e+00,0.000000000000000000e+00,-2.313879584002261254e+04,-6.525629861013306072e+04,0.000000000000000000e+00,-2.379296807270721903e+00,3.374635965498201440e+00,0.000000000000000000e+00,-2.313879584002521005e+04,-6.525629861013056507e+04,0.000000000000000000e+00,-2.379296807270855574e+00,3.374635965498502532e+00,0.000000000000000000e+00
3.010000000000000000e+04,-2.337610820518527180e+04,-6.491710299079795368e+04,0.000000000000000000e+00,-2.366929463867887051e+00,3.409246359577064567e+00,0.000000000000000000e+00,-2.337610820518266337e+04,-6.491710299080055847e+04,0.000000000000000000e+00,-2.366929463867753825e+00,3.409246359576761254e+00,0.000000000000000000e+00,-2.337610820518528271e+04,-6.491710299079801916e+04,0.000000000000000000e+00,-2.366929463867886607e+00,3.409246359577066343e+00,0.000000000000000000e+00
3.020000000000000000e+04,-2.361217753738051397e+04,-6.457445538115588715e+04,0.000000000000000000e+00,-2.354436258139024574e+00,3.443675465753766929e+00,0.000000000000000000e+00,-2.361217753737786552e+04,-6.457445538115847739e+04,0.000000000000000000e+00,-2.354436258138891347e+00,3.443675465753458287e+00,0.000000000000000000e+00,-2.361217753738049214e+04,-6.457445538115591626e+04,0.000000000000000000e+00,-2.354436258139024130e+00,3.443675465753764264e+00,0.000000000000000000e+00
3.030000000000000000e+04,-2.384699128353915876e+04,-6.422837400161416736e+04,0.000000000000000000e+00,-2.341817854414978584e+00,3.477921453248487893e+00,0.000000000000000000e+00,-2.384699128353653941e+04,-6.422837400161675032e+04,0.000000000000000000e+00,-2.341817854414844469e+00,3.477921453248183248e+00,0.000000000000000000e+00,-2.384699128353917331e+04,-6.422837400161416008e+04,0.000000000000000000e+00,-2.341817854414977251e+00,3.477921453248489669e+00,0.000000000000000000e+00
3.040000000000000000e+04,-2.408053695735585643e+04,-6.387887725517468061e+04,0.000000000000000000e+00,-2.329074923683904785e+00,3.511982501018540148e+00,0.000000000000000000e+00,-2.408053695735324800e+04,-6.387887725517726358e+04,0.000000000000000000e+00,-2.329074923683772003e+00,3.511982501018228842e+00,0.000000000000000000e+00,-2.408053695735589645e+04,-6.387887725517462968e+04,0.000000000000000000e+00,-2.329074923683903897e+00,3.511982501018538816e+00,0.000000000000000000e+00
3.050000000000000000e+04,-2.431280213995542726e+04,-6.352598372645262862e+04,0.000000000000000000e+00,-2.316208143555732235e+00,3.545856797855432063e+00,0.000000000000000000e+00,-2.431280213995274971e+04,-6.352598372645525524e+04,0.000000000000000000e+00,-2.316208143555599897e+00,3.545856797855124309e+00,0.000000000000000000e+00,-2.431280213995540544e+04,-6.352598372645259224e+04,0.000000000000000000e+00,-2.316208143555731791e+00,3.545856797855435616e+00,0.000000000000000000e+00
3.060000000000000000e+04,-2.454377448055302375e+04,-6.316971218068839516e+04,0.000000000000000000e+00,-2.303218198226123725e+00,3.579542542481259915e+00,0.000000000000000000e+00,-2.454377448055038258e+04,-6.316971218069108727e+04,0.000000000000000000e+00,-2.303218198225991831e+00,3.579542542480947276e+00,0.000000000000000000e+00,-2.454377448055304558e+04,-6.316971218068840244e+04,0.000000000000000000e+00,-2.303218198226123281e+00,3.579542542481259471e+00,0.000000000000000000e+00
3.070000000000000000e+04,-2.477344169711152790e+04,-6.281008156274963403e+04,0.000000000000000000e+00,-2.290105778440095108e+00,3.613037943644421546e+00,0.000000000000000000e+00,-2.477344169710883216e+04,-6.281008156275240617e+04,0.000000000000000000e+00,-2.290105778439964102e+00,3.613037943644106242e+00,0.000000000000000000e+00,-2.477344169711151335e+04,-6.281008156274967041e+04,0.000000000000000000e+00,-2.290105778440094664e+00,3.613037943644421546e+00,0.000000000000000000e+00
3.080000000000000000e+04,-2.500179157699388452e+04,-6.244711099612398539e+04,0.000000000000000000e+00,-2.276871581455288229e+00,3.646341220214910805e+00,0.000000000000000000e+00,-2.500179157699122516e+04,-6.244711099612671387e+04,0.000000000000000000e+00,-2.276871581455157223e+00,3.646341220214592393e+00,0.000000000000000000e+00,-2.500179157699390998e+04,-6.244711099612395628e+04,0.000000000000000000e+00,-2.276871581455287785e+00,3.646341220214908585e+00,0.000000000000000000e+00
3.090000000000000000e+04,-2.522881197761322255e+04,-6.208081978190166410e+04,0.000000000000000000e+00,-2.263516311004886816e+00,3.679450601279011579e+00,0.000000000000000000e+00,-2.522881197761053409e+04,-6.208081978190449445e+04,0.000000000000000000e+00,-2.263516311004757142e+00,3.679450601278690947e+00,0.000000000000000000e+00,-2.522881197761323710e+04,-6.208081978190168593e+04,0.000000000000000000e+00,-2.263516311004886816e+00,3.679450601279010691e+00,0.000000000000000000e+00
3.100000000000000000e+04,-2.545449082707794150e+04,-6.171122739775001537e+04,0.000000000000000000e+00,-2.250040677260205513e+00,3.712364326233469569e+00,0.000000000000000000e+00,-2.545449082707526031e+04,-6.171122739775285299e+04,0.000000000000000000e+00,-2.250040677260076283e+00,3.712364326233150713e+00,0.000000000000000000e+00,-2.545449082707797061e+04,-6.171122739775002265e+04,0.000000000000000000e+00,-2.250040677260205513e+00,3.712364326233471790e+00,0.000000000000000000e+00
3.110000000000000000e+04,-2.567881612483409117e+04,-6.133835349687695270e+04,0.000000000000000000e+00,-2.236445396792916540e+00,3.745080644879131171e+00,0.000000000000000000e+00,-2.567881612483139543e+04,-6.133835349687981943e+04,0.000000000000000000e+00,-2.236445396792786866e+00,3.745080644878804765e+00,0.000000000000000000e+00,-2.567881612483410936e+04,-6.133835349687696726e+04,0.000000000000000000e+00,-2.236445396792916540e+00,3.745080644879126730e+00,0.000000000000000000e+00
3.120000000000000000e+04,-2.590177594230324030e+04,-6.096221790698630502e+04,0.000000000000000000e+00,-2.222731192536949507e+00,3.777597817513964173e+00,0.000000000000000000e+00,-2.590177594230050818e+04,-6.096221790698922268e+04,0.000000000000000000e+00,-2.222731192536820721e+00,3.777597817513637324e+00,0.000000000000000000e+00,-2.590177594230324394e+04,-6.096221790698632685e+04,0.000000000000000000e+00,-2.222731192536949063e+00,3.777597817513962397e+00,0.000000000000000000e+00
3.130000000000000000e+04,-2.612335842351676547e+04,-6.058284062922338489e+04,0.000000000000000000e+00,-2.208898793750051048e+00,3.809914115025623715e+00,0.000000000000000000e+00,-2.612335842351408064e+04,-6.058284062922639714e+04,0.000000000000000000e+00,-2.208898793749922262e+00,3.809914115025293313e+00,0.000000000000000000e+00,-2.612335842351682004e+04,-6.058284062922347948e+04,0.000000000000000000e+00,-2.208898793750050604e+00,3.809914115025619274e+00,0.000000000000000000e+00
3.140000000000000000e+04,-2.634355178574664751e+04,-6.020024183711165097e+04,0.000000000000000000e+00,-2.194948935975003401e+00,3.842027818983350329e+00,0.000000000000000000e+00,-2.634355178574394813e+04,-6.020024183711459773e+04,0.000000000000000000e+00,-2.194948935974875059e+00,3.842027818983024368e+00,0.000000000000000000e+00,-2.634355178574669480e+04,-6.020024183711165097e+04,0.000000000000000000e+00,-2.194948935975002957e+00,3.842027818983351217e+00,0.000000000000000000e+00
3.150000000000000000e+04,-2.656234432013158221e+04,-5.981444187547930051e+04,0.000000000000000000e+00,-2.180882361000511693e+00,3.873937221729399027e+00,0.000000000000000000e+00,-2.656234432012884645e+04,-5.981444187548225455e+04,0.000000000000000000e+00,-2.180882361000385128e+00,3.873937221729067737e+00,0.000000000000000000e+00,-2.656234432013161495e+04,-5.981444187547926413e+04,0.000000000000000000e+00,-2.180882361000512137e+00,3.873937221729398583e+00,0.000000000000000000e+00
3.160000000000000000e+04,-2.677972439229980228e+04,-5.942546125937817851e+04,0.000000000000000000e+00,-2.166699816821766156e+00,3.905640626469782717e+00,0.000000000000000000e+00,-2.677972439229703377e+04,-5.942546125938113983e+04,0.000000000000000000e+00,-2.166699816821638258e+00,3.905640626469450982e+00,0.000000000000000000e+00,-2.677972439229980955e+04,-5.942546125937813486e+04,0.000000000000000000e+00,-2.166699816821765268e+00,3.905640626469782717e+00,0.000000000000000000e+00
3.170000000000000000e+04,-2.699568044298776658e+04,-5.903332067299250048e+04,0.000000000000000000e+00,-2.152402057600649066e+00,3.937136347364557309e+00,0.000000000000000000e+00,-2.699568044298495806e+04,-5.903332067299549090e+04,0.000000000000000000e+00,-2.152402057600524277e+00,3.937136347364220246e+00,0.000000000000000000e+00,-2.699568044298775203e+04,-5.903332067299242772e+04,0.000000000000000000e+00,-2.152402057600649954e+00,3.937136347364555089e+00,0.000000000000000000e+00
3.180000000000000000e+04,-2.721020098865474574e+04,-5.863804096853901865e+04,0.000000000000000000e+00,-2.137989843625659248e+00,3.968422709617421162e+00,0.000000000000000000e+00,-2.721020098865191903e+04,-5.863804096854207455e+04,0.000000000000000000e+00,-2.137989843625534014e+00,3.968422709617083655e+00,0.000000000000000000e+00,-2.721020098865471664e+04,-5.863804096853898227e+04,0.000000000000000000e+00,-2.137989843625660136e+00,3.968422709617419386e+00,0.000000000000000000e+00
3.190000000000000000e+04,-2.742327462209347868e+04,-5.823964316515828250e+04,0.000000000000000000e+00,-2.123463941271456434e+00,3.999498049564810032e+00,0.000000000000000000e+00,-2.742327462209071382e+04,-5.823964316516139661e+04,0.000000000000000000e+00,-2.123463941271332089e+00,3.999498049564471636e+00,0.000000000000000000e+00,-2.742327462209351506e+04,-5.823964316515826795e+04,0.000000000000000000e+00,-2.123463941271457323e+00,3.999498049564808699e+00,0.000000000000000000e+00
3.200000000000000000e+04,-2.763489001303707482e+04,-5.783814844779681880e+04,0.000000000000000000e+00,-2.108825122958126741e+00,4.030360714764341878e+00,0.000000000000000000e+00,-2.763489001303421901e+04,-5.783814844780000567e+04,0.000000000000000000e+00,-2.108825122958001952e+00,4.030360714764000818e+00,0.000000000000000000e+00,-2.763489001303703844e+04,-5.783814844779684063e+04,0.000000000000000000e+00,-2.108825122958126741e+00,4.030360714764340990e+00,0.000000000000000000e+00
3.210000000000000000e+04,-2.784503590876067756e+04,-5.743357816608069697e+04,0.000000000000000000e+00,-2.094074167110100859e+00,4.061009064082686137e+00,0.000000000000000000e+00,-2.784503590875787631e+04,-5.743357816608395660e+04,0.000000000000000000e+00,-2.094074167109974738e+00,4.061009064082345077e+00,0.000000000000000000e+00,-2.784503590876069211e+04,-5.743357816608076973e+04,0.000000000000000000e+00,-2.094074167110099527e+00,4.061009064082685249e+00,0.000000000000000000e+00
3.220000000000000000e+04,-2.805370113468088675e+04,-5.702595383318042150e+04,0.000000000000000000e+00,-2.079211858114760503e+00,4.091441467782839680e+00,0.000000000000000000e+00,-2.805370113467806732e+04,-5.702595383318355744e+04,0.000000000000000000e+00,-2.079211858114635714e+00,4.091441467782501284e+00,0.000000000000000000e+00,-2.805370113468089039e+04,-5.702595383318034874e+04,0.000000000000000000e+00,-2.079211858114760059e+00,4.091441467782843233e+00,0.000000000000000000e+00
3.230000000000000000e+04,-2.826087459494918585e+04,-5.661529712466616184e+04,0.000000000000000000e+00,-2.064238986280736654e+00,4.121656307610795267e+00,0.000000000000000000e+00,-2.826087459494632276e+04,-5.661529712466937781e+04,0.000000000000000000e+00,-2.064238986280613197e+00,4.121656307610451542e+00,0.000000000000000000e+00,-2.826087459494916038e+04,-5.661529712466612546e+04,0.000000000000000000e+00,-2.064238986280736654e+00,4.121656307610797043e+00,0.000000000000000000e+00
3.240000000000000000e+04,-2.846654527304219664e+04,-5.620162987735634670e+04,0.000000000000000000e+00,-2.049156347795878297e+00,4.151651976881566952e+00,0.000000000000000000e+00,-2.846654527303934810e+04,-5.620162987735965726e+04,0.000000000000000000e+00,-2.049156347795754396e+00,4.151651976881217898e+00,0.000000000000000000e+00,-2.846654527304219300e+04,-5.620162987735637580e+04,0.000000000000000000e+00,-2.049156347795877853e+00,4.151651976881564288e+00,0.000000000000000000e+00
3.250000000000000000e+04,-2.867070223234765581e+04,-5.578497408815578092e+04,0.000000000000000000e+00,-2.033964744684910286e+00,4.181426880564643511e+00,0.000000000000000000e+00,-2.867070223234483637e+04,-5.578497408815910603e+04,0.000000000000000000e+00,-2.033964744684787274e+00,4.181426880564293569e+00,0.000000000000000000e+00,-2.867070223234769946e+04,-5.578497408815577364e+04,0.000000000000000000e+00,-2.033964744684909842e+00,4.181426880564642623e+00,0.000000000000000000e+00
3.260000000000000000e+04,-2.887333461674585124e+04,-5.536535191288584610e+04,0.000000000000000000e+00,-2.018664984766797232e+00,4.210979435368809476e+00,0.000000000000000000e+00,-2.887333461674301361e+04,-5.536535191288923670e+04,0.000000000000000000e+00,-2.018664984766673776e+00,4.210979435368462198e+00,0.000000000000000000e+00,-2.887333461674588398e+04,-5.536535191288587521e+04,0.000000000000000000e+00,-2.018664984766796344e+00,4.210979435368812140e+00,0.000000000000000000e+00
3.270000000000000000e+04,-2.907443165118675097e+04,-5.494278566510678502e+04,0.000000000000000000e+00,-2.003257881611776092e+00,4.240308069826337345e+00,0.000000000000000000e+00,-2.907443165118393517e+04,-5.494278566511019744e+04,0.000000000000000000e+00,-2.003257881611652635e+00,4.240308069825988291e+00,0.000000000000000000e+00,-2.907443165118680554e+04,-5.494278566510681412e+04,0.000000000000000000e+00,-2.003257881611775204e+00,4.240308069826339121e+00,0.000000000000000000e+00
3.280000000000000000e+04,-2.927398264226331958e+04,-5.451729781493084738e+04,0.000000000000000000e+00,-1.987744254498098329e+00,4.269411224376536751e+00,0.000000000000000000e+00,-2.927398264226043466e+04,-5.451729781493427436e+04,0.000000000000000000e+00,-1.987744254497977536e+00,4.269411224376180591e+00,0.000000000000000000e+00,-2.927398264226332685e+04,-5.451729781493083283e+04,0.000000000000000000e+00,-1.987744254498098995e+00,4.269411224376534975e+00,0.000000000000000000e+00
3.290000000000000000e+04,-2.947197697877971223e+04,-5.408891098782751942e+04,0.000000000000000000e+00,-1.972124928368474528e+00,4.298287351448681903e+00,0.000000000000000000e+00,-2.947197697877675819e+04,-5.408891098783098278e+04,0.000000000000000000e+00,-1.972124928368353070e+00,4.298287351448325744e+00,0.000000000000000000e+00,-2.947197697877965766e+04,-5.408891098782751214e+04,0.000000000000000000e+00,-1.972124928368474306e+00,4.298287351448681903e+00,0.000000000000000000e+00
3.300000000000000000e+04,-2.966840413231574348e+04,-5.365764796342048794e+04,0.000000000000000000e+00,-1.956400733786185953e+00,4.326934915544338622e+00,0.000000000000000000e+00,-2.966840413231282582e+04,-5.365764796342399495e+04,0.000000000000000000e+00,-1.956400733786065604e+00,4.326934915543976246e+00,0.000000000000000000e+00,-2.966840413231572529e+04,-5.365764796342050249e+04,0.000000000000000000e+00,-1.956400733786186397e+00,4.326934915544332405e+00,0.000000000000000000e+00
3.310000000000000000e+04,-2.986325365778701962e+04,-5.322353167427622247e+04,0.000000000000000000e+00,-1.940572506890939408e+00,4.355352393318966620e+00,0.000000000000000000e+00,-2.986325365778406558e+04,-5.322353167427981680e+04,0.000000000000000000e+00,-1.940572506890819726e+00,4.355352393318603355e+00,0.000000000000000000e+00,-2.986325365778698324e+04,-5.322353167427627341e+04,0.000000000000000000e+00,-1.940572506890939186e+00,4.355352393318963067e+00,0.000000000000000000e+00
3.320000000000000000e+04,-3.005651519399974495e+04,-5.278658520468469942e+04,0.000000000000000000e+00,-1.924641089354395262e+00,4.383538273662967555e+00,0.000000000000000000e+00,-3.005651519399685276e+04,-5.278658520468831557e+04,0.000000000000000000e+00,-1.924641089354275802e+00,4.383538273662601625e+00,0.000000000000000000e+00,-3.005651519399977406e+04,-5.278658520468474308e+04,0.000000000000000000e+00,-1.924641089354395262e+00,4.383538273662962226e+00,0.000000000000000000e+00
3.330000000000000000e+04,-3.024817846420241403e+04,-5.234683178943156963e+04,0.000000000000000000e+00,-1.908607328335412134e+00,4.411491057782008340e+00,0.000000000000000000e+00,-3.024817846419946363e+04,-5.234683178943523671e+04,0.000000000000000000e+00,-1.908607328335293785e+00,4.411491057781642411e+00,0.000000000000000000e+00,-3.024817846420240676e+04,-5.234683178943161329e+04,0.000000000000000000e+00,-1.908607328335412134e+00,4.411491057782006564e+00,0.000000000000000000e+00
3.340000000000000000e+04,-3.043823327663147938e+04,-5.190429481256299186e+04,0.000000000000000000e+00,-1.892472076435003814e+00,4.439209259276736930e+00,0.000000000000000000e+00,-3.043823327662853990e+04,-5.190429481256665895e+04,0.000000000000000000e+00,-1.892472076434885020e+00,4.439209259276371888e+00,0.000000000000000000e+00,-3.043823327663148302e+04,-5.190429481256300642e+04,0.000000000000000000e+00,-1.892472076435003148e+00,4.439209259276736041e+00,0.000000000000000000e+00
3.350000000000000000e+04,-3.062666952505396330e+04,-5.145899780614190968e+04,0.000000000000000000e+00,-1.876236191650992424e+00,4.466691404221815986e+00,0.000000000000000000e+00,-3.062666952505104928e+04,-5.145899780614556221e+04,0.000000000000000000e+00,-1.876236191650874963e+00,4.466691404221451833e+00,0.000000000000000000e+00,-3.062666952505399604e+04,-5.145899780614188057e+04,0.000000000000000000e+00,-1.876236191650992868e+00,4.466691404221817763e+00,0.000000000000000000e+00
3.360000000000000000e+04,-3.081347718930465635e+04,-5.101096444899676135e+04,0.000000000000000000e+00,-1.859900537332395132e+00,4.493936031244306406e+00,0.000000000000000000e+00,-3.081347718930167321e+04,-5.101096444900048664e+04,0.000000000000000000e+00,-1.859900537332279002e+00,4.493936031243937812e+00,0.000000000000000000e+00,-3.081347718930464180e+04,-5.101096444899675407e+04,0.000000000000000000e+00,-1.859900537332395576e+00,4.493936031244306406e+00,0.000000000000000000e+00
3.370000000000000000e+04,-3.099864633581863018e+04,-5.056021856546262279e+04,0.000000000000000000e+00,-1.843465982133509762e+00,4.520941691601354506e+00,0.000000000000000000e+00,-3.099864633581565795e+04,-5.056021856546641357e+04,0.000000000000000000e+00,-1.843465982133393410e+00,4.520941691600983248e+00,0.000000000000000000e+00,-3.099864633581862654e+04,-5.056021856546265190e+04,0.000000000000000000e+00,-1.843465982133509762e+00,4.520941691601352730e+00,0.000000000000000000e+00
3.380000000000000000e+04,-3.118216711815999588e+04,-5.010678412411402678e+04,0.000000000000000000e+00,-1.826933399967720639e+00,4.547706949257253939e+00,0.000000000000000000e+00,-3.118216711815700546e+04,-5.010678412411787576e+04,0.000000000000000000e+00,-1.826933399967603844e+00,4.547706949256881792e+00,0.000000000000000000e+00,-3.118216711815997405e+04,-5.010678412411408499e+04,0.000000000000000000e+00,-1.826933399967720195e+00,4.547706949257252163e+00,0.000000000000000000e+00
3.390000000000000000e+04,-3.136402977754507447e+04,-4.965068523649050621e+04,0.000000000000000000e+00,-1.810303669961030870e+00,4.574230380959800613e+00,0.000000000000000000e+00,-3.136402977754208041e+04,-4.965068523649444251e+04,0.000000000000000000e+00,-1.810303669960916073e+00,4.574230380959428466e+00,0.000000000000000000e+00,-3.136402977754507083e+04,-4.965068523649058625e+04,0.000000000000000000e+00,-1.810303669961030648e+00,4.574230380959801501e+00,0.000000000000000000e+00
3.400000000000000000e+04,-3.154422464336152188e+04,-4.919194615581468679e+04,0.000000000000000000e+00,-1.793577676405321064e+00,4.600510576315972600e+00,0.000000000000000000e+00,-3.154422464335853510e+04,-4.919194615581857943e+04,0.000000000000000000e+00,-1.793577676405206489e+00,4.600510576315597788e+00,0.000000000000000000e+00,-3.154422464336152916e+04,-4.919194615581469407e+04,0.000000000000000000e+00,-1.793577676405320842e+00,4.600510576315971711e+00,0.000000000000000000e+00
3.410000000000000000e+04,-3.172274213368259370e+04,-4.873059127570205601e+04,0.000000000000000000e+00,-1.776756308711314070e+00,4.626546137866920816e+00,0.000000000000000000e+00,-3.172274213367954508e+04,-4.873059127570596320e+04,0.000000000000000000e+00,-1.776756308711200605e+00,4.626546137866546005e+00,0.000000000000000000e+00,-3.172274213368255732e+04,-4.873059127570201963e+04,0.000000000000000000e+00,-1.776756308711313848e+00,4.626546137866923480e+00,0.000000000000000000e+00
3.420000000000000000e+04,-3.189957275577640394e+04,-4.826664512886438752e+04,0.000000000000000000e+00,-1.759840461361291020e+00,4.652335681162302450e+00,0.000000000000000000e+00,-3.189957275577332985e+04,-4.826664512886833108e+04,0.000000000000000000e+00,-1.759840461361178443e+00,4.652335681161919645e+00,0.000000000000000000e+00,-3.189957275577634573e+04,-4.826664512886436569e+04,0.000000000000000000e+00,-1.759840461361291464e+00,4.652335681162298009e+00,0.000000000000000000e+00
3.430000000000000000e+04,-3.207470710661090561e+04,-4.780013238580507459e+04,0.000000000000000000e+00,-1.742831033861522272e+00,4.677877834833854109e+00,0.000000000000000000e+00,-3.207470710660793338e+04,-4.780013238580898906e+04,0.000000000000000000e+00,-1.742831033861409251e+00,4.677877834833475745e+00,0.000000000000000000e+00,-3.207470710661095654e+04,-4.780013238580498728e+04,0.000000000000000000e+00,-1.742831033861521828e+00,4.677877834833854997e+00,0.000000000000000000e+00
3.440000000000000000e+04,-3.224813587335427292e+04,-4.733107785350678023e+04,0.000000000000000000e+00,-1.725728930694431007e+00,4.703171240668385877e+00,0.000000000000000000e+00,-3.224813587335123520e+04,-4.733107785351089842e+04,0.000000000000000000e+00,-1.725728930694320651e+00,4.703171240668000408e+00,0.000000000000000000e+00,-3.224813587335426564e+04,-4.733107785350684571e+04,0.000000000000000000e+00,-1.725728930694431451e+00,4.703171240668382325e+00,0.000000000000000000e+00
3.450000000000000000e+04,-3.241984983386922977e+04,-4.685950647411344107e+04,0.000000000000000000e+00,-1.708535061270512578e+00,4.728214553679922716e+00,0.000000000000000000e+00,-3.241984983386615568e+04,-4.685950647411759564e+04,0.000000000000000000e+00,-1.708535061270401556e+00,4.728214553679539023e+00,0.000000000000000000e+00,-3.241984983386919339e+04,-4.685950647411351383e+04,0.000000000000000000e+00,-1.708535061270512356e+00,4.728214553679921828e+00,0.000000000000000000e+00
3.460000000000000000e+04,-3.258983985720411874e+04,-4.638544332360266708e+04,0.000000000000000000e+00,-1.691250339879955433e+00,4.753006442181298752e+00,0.000000000000000000e+00,-3.258983985720106284e+04,-4.638544332360685803e+04,0.000000000000000000e+00,-1.691250339879845743e+00,4.753006442180910618e+00,0.000000000000000000e+00,-3.258983985720411874e+04,-4.638544332360271073e+04,0.000000000000000000e+00,-1.691250339879955211e+00,4.753006442181296087e+00,0.000000000000000000e+00
3.470000000000000000e+04,-3.275809690407841117e+04,-4.590891361045307713e+04,0.000000000000000000e+00,-1.673875685644041766e+00,4.777545587854913123e+00,0.000000000000000000e+00,-3.275809690407530798e+04,-4.590891361045728263e+04,0.000000000000000000e+00,-1.673875685643932298e+00,4.777545587854523212e+00,0.000000000000000000e+00,-3.275809690407836024e+04,-4.590891361045311351e+04,0.000000000000000000e+00,-1.673875685644041544e+00,4.777545587854909570e+00,0.000000000000000000e+00
3.480000000000000000e+04,-3.292461202736292034e+04,-4.542994267430366017e+04,0.000000000000000000e+00,-1.656412022466261291e+00,4.801830685822864098e+00,0.000000000000000000e+00,-3.292461202735987172e+04,-4.542994267430782202e+04,0.000000000000000000e+00,-1.656412022466151601e+00,4.801830685822477740e+00,0.000000000000000000e+00,-3.292461202736292762e+04,-4.542994267430362379e+04,0.000000000000000000e+00,-1.656412022466260847e+00,4.801830685822864986e+00,0.000000000000000000e+00
3.490000000000000000e+04,-3.308937637255623122e+04,-4.494855598460615147e+04,0.000000000000000000e+00,-1.638860278983184315e+00,4.825860444716337128e+00,0.000000000000000000e+00,-3.308937637255316804e+04,-4.494855598461035697e+04,0.000000000000000000e+00,-1.638860278983077290e+00,4.825860444715949882e+00,0.000000000000000000e+00,-3.308937637255623849e+04,-4.494855598460610054e+04,0.000000000000000000e+00,-1.638860278983184982e+00,4.825860444716339792e+00,0.000000000000000000e+00
3.500000000000000000e+04,-3.325238117825490190e+04,-4.446477913927106420e+04,0.000000000000000000e+00,-1.621221388515091455e+00,4.849633586744261038e+00,0.000000000000000000e+00,-3.325238117825185327e+04,-4.446477913927531336e+04,0.000000000000000000e+00,-1.621221388514983985e+00,4.849633586743864910e+00,0.000000000000000000e+00,-3.325238117825491645e+04,-4.446477913927102782e+04,0.000000000000000000e+00,-1.621221388515091233e+00,4.849633586744255709e+00,0.000000000000000000e+00
3.510000000000000000e+04,-3.341361777661976521e+04,-4.397863786330615403e+04,0.000000000000000000e+00,-1.603496289016326237e+00,4.873148847761235913e+00,0.000000000000000000e+00,-3.341361777661672386e+04,-4.397863786331051961e+04,0.000000000000000000e+00,-1.603496289016219434e+00,4.873148847760841562e+00,0.000000000000000000e+00,-3.341361777661979431e+04,-4.397863786330620496e+04,0.000000000000000000e+00,-1.603496289016326237e+00,4.873148847761234137e+00,0.000000000000000000e+00
3.520000000000000000e+04,-3.357307759383675875e+04,-4.349015800744877197e+04,0.000000000000000000e+00,-1.585685923025431876e+00,4.896404977334810837e+00,0.000000000000000000e+00,-3.357307759383365919e+04,-4.349015800745323941e+04,0.000000000000000000e+00,-1.585685923025327071e+00,4.896404977334414710e+00,0.000000000000000000e+00,-3.357307759383674420e+04,-4.349015800744885928e+04,0.000000000000000000e+00,-1.585685923025432098e+00,4.896404977334808173e+00,0.000000000000000000e+00
3.530000000000000000e+04,-3.373075215057260357e+04,-4.299936554679111578e+04,0.000000000000000000e+00,-1.567791237615031363e+00,4.919400738811930296e+00,0.000000000000000000e+00,-3.373075215056950401e+04,-4.299936554679556866e+04,0.000000000000000000e+00,-1.567791237614926558e+00,4.919400738811525287e+00,0.000000000000000000e+00,-3.373075215057258902e+04,-4.299936554679116671e+04,0.000000000000000000e+00,-1.567791237615031363e+00,4.919400738811920526e+00,0.000000000000000000e+00
3.540000000000000000e+04,-3.388663306242605904e+04,-4.250628657939872937e+04,0.000000000000000000e+00,-1.549813184341456207e+00,4.942134909384677144e+00,0.000000000000000000e+00,-3.388663306242295948e+04,-4.250628657940319681e+04,0.000000000000000000e+00,-1.549813184341353622e+00,4.942134909384283681e+00,0.000000000000000000e+00,-3.388663306242605177e+04,-4.250628657939873665e+04,0.000000000000000000e+00,-1.549813184341456873e+00,4.942134909384680697e+00,0.000000000000000000e+00
3.550000000000000000e+04,-3.404071204037358984e+04,-4.201094732492323965e+04,0.000000000000000000e+00,-1.531752719194162893e+00,4.964606280155393847e+00,0.000000000000000000e+00,-3.404071204037045391e+04,-4.201094732492764160e+04,0.000000000000000000e+00,-1.531752719194059864e+00,4.964606280154988838e+00,0.000000000000000000e+00,-3.404071204037355346e+04,-4.201094732492315234e+04,0.000000000000000000e+00,-1.531752719194162671e+00,4.964606280155387630e+00,0.000000000000000000e+00
3.560000000000000000e+04,-3.419298089120996883e+04,-4.151337412320752628e+04,0.000000000000000000e+00,-1.513610802544880229e+00,4.986813656200816069e+00,0.000000000000000000e+00,-3.419298089120690565e+04,-4.151337412321197189e+04,0.000000000000000000e+00,-1.513610802544777645e+00,4.986813656200414613e+00,0.000000000000000000e+00,-3.419298089121000521e+04,-4.151337412320746080e+04,0.000000000000000000e+00,-1.513610802544880229e+00,4.986813656200815181e+00,0.000000000000000000e+00
3.570000000000000000e+04,-3.434343151798448525e+04,-4.101359343288559467e+04,0.000000000000000000e+00,-1.495388399096554188e+00,5.008755856635751513e+00,0.000000000000000000e+00,-3.434343151798136387e+04,-4.101359343289023673e+04,0.000000000000000000e+00,-1.495388399096452714e+00,5.008755856635350057e+00,0.000000000000000000e+00,-3.434343151798447798e+04,-4.101359343288566743e+04,0.000000000000000000e+00,-1.495388399096553744e+00,5.008755856635752401e+00,0.000000000000000000e+00
3.580000000000000000e+04,-3.449205592043075012e+04,-4.051163182997581316e+04,0.000000000000000000e+00,-1.477086477832045830e+00,5.030431714675792421e+00,0.000000000000000000e+00,-3.449205592042762873e+04,-4.051163182998046977e+04,0.000000000000000000e+00,-1.477086477831945022e+00,5.030431714675390964e+00,0.000000000000000000e+00,-3.449205592043074284e+04,-4.051163182997586409e+04,0.000000000000000000e+00,-1.477086477832045386e+00,5.030431714675794197e+00,0.000000000000000000e+00
3.590000000000000000e+04,-3.463884619539271807e+04,-4.000751600646687439e+04,0.000000000000000000e+00,-1.458706011962602744e+00,5.051840077699388587e+00,0.000000000000000000e+00,-3.463884619538961852e+04,-4.000751600647151645e+04,0.000000000000000000e+00,-1.458706011962503046e+00,5.051840077698987130e+00,0.000000000000000000e+00,-3.463884619539273990e+04,-4.000751600646688166e+04,0.000000000000000000e+00,-1.458706011962602966e+00,5.051840077699391252e+00,0.000000000000000000e+00
3.600000000000000000e+04,-3.478379453724477207e+04,-3.950127276889904169e+04,0.000000000000000000e+00,-1.440247978876111112e+00,5.072979807309138778e+00,0.000000000000000000e+00,-3.478379453724165069e+04,-3.950127276890367648e+04,0.000000000000000000e+00,-1.440247978876012969e+00,5.072979807308731992e+00,0.000000000000000000e+00,-3.478379453724478662e+04,-3.950127276889898349e+04,0.000000000000000000e+00,-1.440247978876111334e+00,5.072979807309138778e+00,0.000000000000000000e+00
3.610000000000000000e+04,-3.492689323830662761e+04,-3.899292903693864355e+04,0.000000000000000000e+00,-1.421713360085123945e+00,5.093849779392307653e+00,0.000000000000000000e+00,-3.492689323830349167e+04,-3.899292903694325651e+04,0.000000000000000000e+00,-1.421713360085025801e+00,5.093849779391896426e+00,0.000000000000000000e+00,-3.492689323830662033e+04,-3.899292903693854169e+04,0.000000000000000000e+00,-1.421713360085123723e+00,5.093849779392304988e+00,0.000000000000000000e+00
3.620000000000000000e+04,-3.506813468925334746e+04,-3.848251184194633970e+04,0.000000000000000000e+00,-1.403103141174661062e+00,5.114448884180610833e+00,0.000000000000000000e+00,-3.506813468925022607e+04,-3.848251184195112728e+04,0.000000000000000000e+00,-1.403103141174564472e+00,5.114448884180206711e+00,0.000000000000000000e+00,-3.506813468925336201e+04,-3.848251184194634698e+04,0.000000000000000000e+00,-1.403103141174660617e+00,5.114448884180617050e+00,0.000000000000000000e+00
3.630000000000000000e+04,-3.520751137952000136e+04,-3.797004832554055611e+04,0.000000000000000000e+00,-1.384418311749811892e+00,5.134776026309260999e+00,0.000000000000000000e+00,-3.520751137951686542e+04,-3.797004832554527820e+04,0.000000000000000000e+00,-1.384418311749715969e+00,5.134776026308853325e+00,0.000000000000000000e+00,-3.520751137952000136e+04,-3.797004832554046152e+04,0.000000000000000000e+00,-1.384418311749811448e+00,5.134776026309265440e+00,0.000000000000000000e+00
3.640000000000000000e+04,-3.534501589770091232e+04,-3.745556573815271258e+04,0.000000000000000000e+00,-1.365659865383102911e+00,5.154830124875154240e+00,0.000000000000000000e+00,-3.534501589769776911e+04,-3.745556573815758020e+04,0.000000000000000000e+00,-1.365659865383007876e+00,5.154830124874739461e+00,0.000000000000000000e+00,-3.534501589770090504e+04,-3.745556573815274169e+04,0.000000000000000000e+00,-1.365659865383102911e+00,5.154830124875152464e+00,0.000000000000000000e+00
3.650000000000000000e+04,-3.548064093194383895e+04,-3.693909143757971469e+04,0.000000000000000000e+00,-1.346828799561668788e+00,5.174610113494374275e+00,0.000000000000000000e+00,-3.548064093194070301e+04,-3.693909143758474966e+04,0.000000000000000000e+00,-1.346828799561575307e+00,5.174610113493958607e+00,0.000000000000000000e+00,-3.548064093194384623e+04,-3.693909143757984566e+04,0.000000000000000000e+00,-1.346828799561668566e+00,5.174610113494374275e+00,0.000000000000000000e+00
3.660000000000000000e+04,-3.561437927033880260e+04,-3.642065288752858760e+04,0.000000000000000000e+00,-1.327926115634211701e+00,5.194114940358922183e+00,0.000000000000000000e+00,-3.561437927033565938e+04,-3.642065288753353525e+04,0.000000000000000000e+00,-1.327926115634119109e+00,5.194114940358498522e+00,0.000000000000000000e+00,-3.561437927033880260e+04,-3.642065288752860943e+04,0.000000000000000000e+00,-1.327926115634211701e+00,5.194114940358915078e+00,0.000000000000000000e+00
3.670000000000000000e+04,-3.574622380130155943e+04,-3.590027765615552198e+04,0.000000000000000000e+00,-1.308952818757749714e+00,5.213343568292593488e+00,0.000000000000000000e+00,-3.574622380129839439e+04,-3.590027765616038960e+04,0.000000000000000000e+00,-1.308952818757658232e+00,5.213343568292172492e+00,0.000000000000000000e+00,-3.574622380130153761e+04,-3.590027765615543467e+04,0.000000000000000000e+00,-1.308952818757750158e+00,5.213343568292589936e+00,0.000000000000000000e+00
3.680000000000000000e+04,-3.587616751395165920e+04,-3.537799341460043797e+04,0.000000000000000000e+00,-1.289909917844171972e+00,5.232294974806194432e+00,0.000000000000000000e+00,-3.587616751394851599e+04,-3.537799341460547294e+04,0.000000000000000000e+00,-1.289909917844081155e+00,5.232294974805772547e+00,0.000000000000000000e+00,-3.587616751395167375e+04,-3.537799341460045980e+04,0.000000000000000000e+00,-1.289909917844171527e+00,5.232294974806191767e+00,0.000000000000000000e+00
3.690000000000000000e+04,-3.600420349848549813e+04,-3.485382793551631039e+04,0.000000000000000000e+00,-1.270798425506585616e+00,5.250968152151862967e+00,0.000000000000000000e+00,-3.600420349848236947e+04,-3.485382793552127259e+04,0.000000000000000000e+00,-1.270798425506495910e+00,5.250968152151437529e+00,0.000000000000000000e+00,-3.600420349848552723e+04,-3.485382793551622308e+04,0.000000000000000000e+00,-1.270798425506585616e+00,5.250968152151857637e+00,0.000000000000000000e+00
3.700000000000000000e+04,-3.613032494654355105e+04,-3.432780909159051953e+04,0.000000000000000000e+00,-1.251619358005472193e+00,5.269362107376664994e+00,0.000000000000000000e+00,-3.613032494654039328e+04,-3.432780909159572184e+04,0.000000000000000000e+00,-1.251619358005384264e+00,5.269362107376242221e+00,0.000000000000000000e+00,-3.613032494654355105e+04,-3.432780909159061412e+04,0.000000000000000000e+00,-1.251619358005471971e+00,5.269362107376664106e+00,0.000000000000000000e+00
3.710000000000000000e+04,-3.625452515157236485e+04,-3.379996485406492138e+04,0.000000000000000000e+00,-1.232373735194648212e+00,5.287475862375423219e+00,0.000000000000000000e+00,-3.625452515156920708e+04,-3.379996485407010914e+04,0.000000000000000000e+00,-1.232373735194560949e+00,5.287475862375000446e+00,0.000000000000000000e+00,-3.625452515157236485e+04,-3.379996485406497231e+04,0.000000000000000000e+00,-1.232373735194647990e+00,5.287475862375423219e+00,0.000000000000000000e+00
3.720000000000000000e+04,-3.637679750918137142e+04,-3.327032329124654643e+04,0.000000000000000000e+00,-1.213062580467031193e+00,5.305308453942700453e+00,0.000000000000000000e+00,-3.637679750917822093e+04,-3.327032329125171236e+04,0.000000000000000000e+00,-1.213062580466944151e+00,5.305308453942271463e+00,0.000000000000000000e+00,-3.637679750918137870e+04,-3.327032329124654643e+04,0.000000000000000000e+00,-1.213062580467030749e+00,5.305308453942696012e+00,0.000000000000000000e+00
3.730000000000000000e+04,-3.649713551749393810e+04,-3.273891256701597013e+04,0.000000000000000000e+00,-1.193686920700219645e+00,5.322858933824008432e+00,0.000000000000000000e+00,-3.649713551749081671e+04,-3.273891256702119790e+04,0.000000000000000000e+00,-1.193686920700135046e+00,5.322858933823583882e+00,0.000000000000000000e+00,-3.649713551749398903e+04,-3.273891256701596285e+04,0.000000000000000000e+00,-1.193686920700219645e+00,5.322858933824009320e+00,0.000000000000000000e+00
3.740000000000000000e+04,-3.661553277749323752e+04,-3.220576093932974618e+04,0.000000000000000000e+00,-1.174247786201896737e+00,5.340126368766284770e+00,0.000000000000000000e+00,-3.661553277749012341e+04,-3.220576093933502852e+04,0.000000000000000000e+00,-1.174247786201813026e+00,5.340126368765853115e+00,0.000000000000000000e+00,-3.661553277749328845e+04,-3.220576093932976073e+04,0.000000000000000000e+00,-1.174247786201896737e+00,5.340126368766280329e+00,0.000000000000000000e+00
3.750000000000000000e+04,-3.673198299336235505e+04,-3.167089675871748477e+04,0.000000000000000000e+00,-1.154746210655032801e+00,5.357109840567446213e+00,0.000000000000000000e+00,-3.673198299335921911e+04,-3.167089675872283988e+04,0.000000000000000000e+00,-1.154746210654949756e+00,5.357109840567014558e+00,0.000000000000000000e+00,-3.673198299336238415e+04,-3.167089675871754298e+04,0.000000000000000000e+00,-1.154746210655032579e+00,5.357109840567442660e+00,0.000000000000000000e+00
3.760000000000000000e+04,-3.684647997281915741e+04,-3.113434846677456517e+04,0.000000000000000000e+00,-1.135183231062923070e+00,5.373808446125273974e+00,0.000000000000000000e+00,-3.684647997281597782e+04,-3.113434846677989481e+04,0.000000000000000000e+00,-1.135183231062841580e+00,5.373808446124844096e+00,0.000000000000000000e+00,-3.684647997281916469e+04,-3.113434846677453606e+04,0.000000000000000000e+00,-1.135183231062922626e+00,5.373808446125273974e+00,0.000000000000000000e+00
3.770000000000000000e+04,-3.695901762744551525e+04,-3.059614459464920219e+04,0.000000000000000000e+00,-1.115559887694048236e+00,5.390221297485418006e+00,0.000000000000000000e+00,-3.695901762744233565e+04,-3.059614459465467735e+04,0.000000000000000000e+00,-1.115559887693967411e+00,5.390221297484981910e+00,0.000000000000000000e+00,-3.695901762744551525e+04,-3.059614459464928586e+04,0.000000000000000000e+00,-1.115559887694047791e+00,5.390221297485413565e+00,0.000000000000000000e+00
3.780000000000000000e+04,-3.706958997301117051e+04,-3.005631376152625307e+04,0.000000000000000000e+00,-1.095877224026750252e+00,5.406347521888584140e+00,0.000000000000000000e+00,-3.706958997300800547e+04,-3.005631376153173187e+04,0.000000000000000000e+00,-1.095877224026671870e+00,5.406347521888152485e+00,0.000000000000000000e+00,-3.706958997301118507e+04,-3.005631376152628218e+04,0.000000000000000000e+00,-1.095877224026750252e+00,5.406347521888585916e+00,0.000000000000000000e+00
3.790000000000000000e+04,-3.717819112979189958e+04,-2.951488467310450505e+04,0.000000000000000000e+00,-1.076136286693754940e+00,5.422186261817003583e+00,0.000000000000000000e+00,-3.717819112978871999e+04,-2.951488467310985652e+04,0.000000000000000000e+00,-1.076136286693677224e+00,5.422186261816570152e+00,0.000000000000000000e+00,-3.717819112979189958e+04,-2.951488467310437409e+04,0.000000000000000000e+00,-1.076136286693754940e+00,5.422186261817004471e+00,0.000000000000000000e+00
3.800000000000000000e+04,-3.728481532288203016e+04,-2.897188612007023767e+04,0.000000000000000000e+00,-1.056338125426505847e+00,5.437736675039978707e+00,0.000000000000000000e+00,-3.728481532287888695e+04,-2.897188612007563279e+04,0.000000000000000000e+00,-1.056338125426429464e+00,5.437736675039540835e+00,0.000000000000000000e+00,-3.728481532288207381e+04,-2.897188612007012125e+04,0.000000000000000000e+00,-1.056338125426506291e+00,5.437736675039976042e+00,0.000000000000000000e+00
3.810000000000000000e+04,-3.738945688250189414e+04,-2.842734697656705976e+04,0.000000000000000000e+00,-1.036483792999353337e+00,5.452997934658682766e+00,0.000000000000000000e+00,-3.738945688249868545e+04,-2.842734697657250581e+04,0.000000000000000000e+00,-1.036483792999277398e+00,5.452997934658245782e+00,0.000000000000000000e+00,-3.738945688250188687e+04,-2.842734697656692879e+04,0.000000000000000000e+00,-1.036483792999352671e+00,5.452997934658682766e+00,0.000000000000000000e+00
3.820000000000000000e+04,-3.749211024429876124e+04,-2.788129619865969289e+04,0.000000000000000000e+00,-1.016574345173566929e+00,5.467969229150156707e+00,0.000000000000000000e+00,-3.749211024429553072e+04,-2.788129619866535722e+04,0.000000000000000000e+00,-1.016574345173492100e+00,5.467969229149713506e+00,0.000000000000000000e+00,-3.749211024429873214e+04,-2.788129619865975110e+04,0.000000000000000000e+00,-1.016574345173566485e+00,5.467969229150150490e+00,0.000000000000000000e+00
3.830000000000000000e+04,-3.759276994964323239e+04,-2.733376282279519364e+04,0.000000000000000000e+00,-9.966108406411988696e-01,5.482649762410410688e+00,0.000000000000000000e+00,-3.759276994963997276e+04,-2.733376282280078158e+04,0.000000000000000000e+00,-9.966108406411250398e-01,5.482649762409971927e+00,0.000000000000000000e+00,-3.759276994964318146e+04,-2.733376282279514635e+04,0.000000000000000000e+00,-9.966108406411986476e-01,5.482649762410410688e+00,0.000000000000000000e+00
3.840000000000000000e+04,-3.769143064591917209e+04,-2.678477596425730735e+04,0.000000000000000000e+00,-9.765943409687847243e-01,5.497038753796822164e+00,0.000000000000000000e+00,-3.769143064591596340e+04,-2.678477596426305172e+04,0.000000000000000000e+00,-9.765943409687128929e-01,5.497038753796384292e+00,0.000000000000000000e+00,-3.769143064591917937e+04,-2.678477596425735101e+04,0.000000000000000000e+00,-9.765943409687845023e-01,5.497038753796823940e+00,0.000000000000000000e+00
3.850000000000000000e+04,-3.778808708680869313e+04,-2.623436481562012341e+04,0.000000000000000000e+00,-9.565259105408987494e-01,5.511135438169596057e+00,0.000000000000000000e+00,-3.778808708680546988e+04,-2.623436481562589688e+04,0.000000000000000000e+00,-9.565259105408280282e-01,5.511135438169154632e+00,0.000000000000000000e+00,-3.778808708680869313e+04,-2.623436481562016343e+04,0.000000000000000000e+00,-9.565259105408987494e-01,5.511135438169596057e+00,0.000000000000000000e+00
3.860000000000000000e+04,-3.788273413257073844e+04,-2.568255864519451279e+04,0.000000000000000000e+00,-9.364066165035476175e-01,5.524939065932457538e+00,0.000000000000000000e+00,-3.788273413256747881e+04,-2.568255864520019531e+04,0.000000000000000000e+00,-9.364066165034794498e-01,5.524939065932019666e+00,0.000000000000000000e+00,-3.788273413257070206e+04,-2.568255864519439638e+04,0.000000000000000000e+00,-9.364066165035479505e-01,5.524939065932461979e+00,0.000000000000000000e+00
3.870000000000000000e+04,-3.797536675031454070e+04,-2.512938679547165520e+04,0.000000000000000000e+00,-9.162375287074344676e-01,5.538448903072549001e+00,0.000000000000000000e+00,-3.797536675031127379e+04,-2.512938679547760694e+04,0.000000000000000000e+00,-9.162375287073665220e-01,5.538448903072107576e+00,0.000000000000000000e+00,-3.797536675031449704e+04,-2.512938679547178253e+04,0.000000000000000000e+00,-9.162375287074343566e-01,5.538448903072549889e+00,0.000000000000000000e+00
3.880000000000000000e+04,-3.806598001426731935e+04,-2.457487868156447075e+04,0.000000000000000000e+00,-8.960197196510573114e-01,5.551664231199410438e+00,0.000000000000000000e+00,-3.806598001426407427e+04,-2.457487868157028061e+04,0.000000000000000000e+00,-8.960197196509900319e-01,5.551664231198965460e+00,0.000000000000000000e+00,-3.806598001426729752e+04,-2.457487868156442346e+04,0.000000000000000000e+00,-8.960197196510569784e-01,5.551664231199408661e+00,0.000000000000000000e+00
3.890000000000000000e+04,-3.815456910603621509e+04,-2.401906378964066971e+04,0.000000000000000000e+00,-8.757542644236866458e-01,5.564584347583213741e+00,0.000000000000000000e+00,-3.815456910603297001e+04,-2.401906378964669057e+04,0.000000000000000000e+00,-8.757542644236211427e-01,5.564584347582766100e+00,0.000000000000000000e+00,-3.815456910603620054e+04,-2.401906378964076794e+04,0.000000000000000000e+00,-8.757542644236860907e-01,5.564584347583211077e+00,0.000000000000000000e+00
3.900000000000000000e+04,-3.824112931486440357e+04,-2.346197167535766494e+04,0.000000000000000000e+00,-8.554422406481978491e-01,5.577208565192123046e+00,0.000000000000000000e+00,-3.824112931486112211e+04,-2.346197167536370762e+04,0.000000000000000000e+00,-8.554422406481334562e-01,5.577208565191671852e+00,0.000000000000000000e+00,-3.824112931486435264e+04,-2.346197167535775225e+04,0.000000000000000000e+00,-8.554422406481975161e-01,5.577208565192117717e+00,0.000000000000000000e+00
3.910000000000000000e+04,-3.832565603788150474e+04,-2.290363196228898596e+04,0.000000000000000000e+00,-8.350847284237632451e-01,5.589536212728816622e+00,0.000000000000000000e+00,-3.832565603787828150e+04,-2.290363196229495588e+04,0.000000000000000000e+00,-8.350847284236998513e-01,5.589536212728368980e+00,0.000000000000000000e+00,-3.832565603788151930e+04,-2.290363196228896777e+04,0.000000000000000000e+00,-8.350847284237630230e-01,5.589536212728816622e+00,0.000000000000000000e+00
3.920000000000000000e+04,-3.840814478034881176e+04,-2.234407434034952894e+04,0.000000000000000000e+00,-8.146828102684180450e-01,5.601566634666212963e+00,0.000000000000000000e+00,-3.840814478034554486e+04,-2.234407434035557526e+04,0.000000000000000000e+00,-8.146828102683575379e-01,5.601566634665764433e+00,0.000000000000000000e+00,-3.840814478034878266e+04,-2.234407434034952166e+04,0.000000000000000000e+00,-8.146828102684184891e-01,5.601566634666212963e+00,0.000000000000000000e+00
3.930000000000000000e+04,-3.848859115589759313e+04,-2.178332856421743054e+04,0.000000000000000000e+00,-7.942375710615054984e-01,5.613299191282294487e+00,0.000000000000000000e+00,-3.848859115589434805e+04,-2.178332856422344776e+04,0.000000000000000000e+00,-7.942375710614454354e-01,5.613299191281843292e+00,0.000000000000000000e+00,-3.848859115589758585e+04,-2.178332856421735778e+04,0.000000000000000000e+00,-7.942375710615054984e-01,5.613299191282292711e+00,0.000000000000000000e+00
3.940000000000000000e+04,-3.856699088676302927e+04,-2.122142445175081957e+04,0.000000000000000000e+00,-7.737500979859728290e-01,5.624733258694142535e+00,0.000000000000000000e+00,-3.856699088675972598e+04,-2.122142445175698231e+04,0.000000000000000000e+00,-7.737500979859148753e-01,5.624733258693685123e+00,0.000000000000000000e+00,-3.856699088676297106e+04,-2.122142445175082685e+04,0.000000000000000000e+00,-7.737500979859726069e-01,5.624733258694135429e+00,0.000000000000000000e+00
3.950000000000000000e+04,-3.864333980401110603e+04,-2.065839188240340445e+04,0.000000000000000000e+00,-7.532214804705752442e-01,5.635868228891098397e+00,0.000000000000000000e+00,-3.864333980400778091e+04,-2.065839188240954536e+04,0.000000000000000000e+00,-7.532214804705182898e-01,5.635868228890640985e+00,0.000000000000000000e+00,-3.864333980401102599e+04,-2.065839188240335716e+04,0.000000000000000000e+00,-7.532214804705750222e-01,5.635868228891092180e+00,0.000000000000000000e+00
3.960000000000000000e+04,-3.871763384776067687e+04,-2.009426079563435633e+04,0.000000000000000000e+00,-7.326528101319347286e-01,5.646703509767121432e+00,0.000000000000000000e+00,-3.871763384775736631e+04,-2.009426079564059182e+04,0.000000000000000000e+00,-7.326528101318784403e-01,5.646703509766664908e+00,0.000000000000000000e+00,-3.871763384776061139e+04,-2.009426079563437452e+04,0.000000000000000000e+00,-7.326528101319342845e-01,5.646703509767116991e+00,0.000000000000000000e+00
3.970000000000000000e+04,-3.878986906739918049e+04,-1.952906118931737728e+04,0.000000000000000000e+00,-7.120451807164953628e-01,5.657238525152251896e+00,0.000000000000000000e+00,-3.878986906739596452e+04,-1.952906118932364916e+04,0.000000000000000000e+00,-7.120451807164415170e-01,5.657238525151797148e+00,0.000000000000000000e+00,-3.878986906739921687e+04,-1.952906118931736273e+04,0.000000000000000000e+00,-7.120451807164950297e-01,5.657238525152251007e+00,0.000000000000000000e+00
3.980000000000000000e+04,-3.886004162179306149e+04,-1.896282311814487912e+04,0.000000000000000000e+00,-6.913996880423693980e-01,5.667472714843263759e+00,0.000000000000000000e+00,-3.886004162178979459e+04,-1.896282311815114372e+04,0.000000000000000000e+00,-6.913996880423166624e-01,5.667472714842804571e+00,0.000000000000000000e+00,-3.886004162179304694e+04,-1.896282311814482819e+04,0.000000000000000000e+00,-6.913996880423691760e-01,5.667472714843259318e+00,0.000000000000000000e+00
3.990000000000000000e+04,-3.892814777949126437e+04,-1.839557669202995021e+04,0.000000000000000000e+00,-6.707174299410554319e-01,5.677405534633422235e+00,0.000000000000000000e+00,-3.892814777948802657e+04,-1.839557669203625119e+04,0.000000000000000000e+00,-6.707174299410052498e-01,5.677405534632967488e+00,0.000000000000000000e+00,-3.892814777949127892e+04,-1.839557669202987017e+04,0.000000000000000000e+00,-6.707174299410554319e-01,5.677405534633422235e+00,0.000000000000000000e+00
4.000000000000000000e+04,-3.899418391892447835e+04,-1.782735207450541202e+04,0.000000000000000000e+00,-6.499995061990728740e-01,5.687036456341473922e+00,0.000000000000000000e+00,-3.899418391892121144e+04,-1.782735207451178576e+04,0.000000000000000000e+00,-6.499995061990235801e-01,5.687036456341019175e+00,0.000000000000000000e+00,-3.899418391892446380e+04,-1.782735207450537564e+04,0.000000000000000000e+00,-6.499995061990727629e-01,5.687036456341475699e+00,0.000000000000000000e+00
4.010000000000000000e+04,-3.905814652859716443e+04,-1.725817948111949954e+04,0.000000000000000000e+00,-6.292470184994694016e-01,5.696364967839691928e+00,0.000000000000000000e+00,-3.905814652859387570e+04,-1.725817948112624072e+04,0.000000000000000000e+00,-6.292470184994212179e-01,5.696364967839232740e+00,0.000000000000000000e+00,-3.905814652859712805e+04,-1.725817948111979786e+04,0.000000000000000000e+00,-6.292470184994694016e-01,5.696364967839690152e+00,0.000000000000000000e+00
4.020000000000000000e+04,-3.912003220727446023e+04,-1.668808917783061042e+04,0.000000000000000000e+00,-6.084610703632442608e-01,5.705390573081110972e+00,0.000000000000000000e+00,-3.912003220727124426e+04,-1.668808917783706056e+04,0.000000000000000000e+00,-6.084610703631986306e-01,5.705390573080653560e+00,0.000000000000000000e+00,-3.912003220727449661e+04,-1.668808917783055222e+04,0.000000000000000000e+00,-6.084610703632444828e-01,5.705390573081111860e+00,0.000000000000000000e+00
4.030000000000000000e+04,-3.917983766416332219e+04,-1.611711147939471994e+04,0.000000000000000000e+00,-5.876427670906720913e-01,5.714112792125931151e+00,0.000000000000000000e+00,-3.917983766416006983e+04,-1.611711147940125193e+04,0.000000000000000000e+00,-5.876427670906270162e-01,5.714112792125474627e+00,0.000000000000000000e+00,-3.917983766416332219e+04,-1.611711147939471266e+04,0.000000000000000000e+00,-5.876427670906719802e-01,5.714112792125933815e+00,0.000000000000000000e+00
4.040000000000000000e+04,-3.923755971908691572e+04,-1.554527674775687046e+04,0.000000000000000000e+00,-5.667932157025175055e-01,5.722531161167019320e+00,0.000000000000000000e+00,-3.923755971908367064e+04,-1.554527674776337517e+04,0.000000000000000000e+00,-5.667932157024736517e-01,5.722531161166560132e+00,0.000000000000000000e+00,-3.923755971908692300e+04,-1.554527674775680134e+04,0.000000000000000000e+00,-5.667932157025175055e-01,5.722531161167019320e+00,0.000000000000000000e+00
4.050000000000000000e+04,-3.929319530265429057e+04,-1.497261539043427911e+04,0.000000000000000000e+00,-5.459135248811770591e-01,5.730645232554564927e+00,0.000000000000000000e+00,-3.929319530265101639e+04,-1.497261539044103847e+04,0.000000000000000000e+00,-5.459135248811355368e-01,5.730645232554106627e+00,0.000000000000000000e+00,-3.929319530265426874e+04,-1.497261539043439552e+04,0.000000000000000000e+00,-5.459135248811770591e-01,5.730645232554567592e+00,0.000000000000000000e+00
4.060000000000000000e+04,-3.934674145642318763e+04,-1.439915785890130792e+04,0.000000000000000000e+00,-5.250048049117252980e-01,5.738454574819911613e+00,0.000000000000000000e+00,-3.934674145641992072e+04,-1.439915785890796724e+04,0.000000000000000000e+00,-5.250048049116848858e-01,5.738454574819448872e+00,0.000000000000000000e+00,-3.934674145642317308e+04,-1.439915785890128973e+04,0.000000000000000000e+00,-5.250048049117252980e-01,5.738454574819910725e+00,0.000000000000000000e+00
4.070000000000000000e+04,-3.939819533305760706e+04,-1.382493464696803130e+04,0.000000000000000000e+00,-5.040681676228675467e-01,5.745958772698465111e+00,0.000000000000000000e+00,-3.939819533305439836e+04,-1.382493464697473974e+04,0.000000000000000000e+00,-5.040681676228292440e-01,5.745958772698002370e+00,0.000000000000000000e+00,-3.939819533305765071e+04,-1.382493464696799492e+04,0.000000000000000000e+00,-5.040681676228674357e-01,5.745958772698465111e+00,0.000000000000000000e+00
4.080000000000000000e+04,-3.944755419647926465e+04,-1.324997628916043323e+04,0.000000000000000000e+00,-4.831047263278269721e-01,5.753157427151812442e+00,0.000000000000000000e+00,-3.944755419647604140e+04,-1.324997628916726171e+04,0.000000000000000000e+00,-4.831047263277897796e-01,5.753157427151344372e+00,0.000000000000000000e+00,-3.944755419647929375e+04,-1.324997628916048416e+04,0.000000000000000000e+00,-4.831047263278269166e-01,5.753157427151808889e+00,0.000000000000000000e+00
4.090000000000000000e+04,-3.949481542201281991e+04,-1.267431335909629706e+04,0.000000000000000000e+00,-4.621155957651363888e-01,5.760050155388896087e+00,0.000000000000000000e+00,-3.949481542200953118e+04,-1.267431335910308917e+04,0.000000000000000000e+00,-4.621155957651003066e-01,5.760050155388435122e+00,0.000000000000000000e+00,-3.949481542201277625e+04,-1.267431335909627705e+04,0.000000000000000000e+00,-4.621155957651363333e-01,5.760050155388899640e+00,0.000000000000000000e+00
4.100000000000000000e+04,-3.953997649652539985e+04,-1.209797646785865072e+04,0.000000000000000000e+00,-4.411018920393641185e-01,5.766636590886434988e+00,0.000000000000000000e+00,-3.953997649652219116e+04,-1.209797646786565565e+04,0.000000000000000000e+00,-4.411018920393306453e-01,5.766636590885969582e+00,0.000000000000000000e+00,-3.953997649652543623e+04,-1.209797646785877623e+04,0.000000000000000000e+00,-4.411018920393642295e-01,5.766636590886435876e+00,0.000000000000000000e+00
4.110000000000000000e+04,-3.958303501856082585e+04,-1.152099626236956101e+04,0.000000000000000000e+00,-4.200647325617699046e-01,5.772916383408336571e+00,0.000000000000000000e+00,-3.958303501855763898e+04,-1.152099626237652956e+04,0.000000000000000000e+00,-4.200647325617374861e-01,5.772916383407870278e+00,0.000000000000000000e+00,-3.958303501856086950e+04,-1.152099626236961740e+04,0.000000000000000000e+00,-4.200647325617699046e-01,5.772916383408337460e+00,0.000000000000000000e+00
4.120000000000000000e+04,-3.962398869846673915e+04,-1.094340342375880573e+04,0.000000000000000000e+00,-3.990052359908766721e-01,5.778889199024376921e+00,0.000000000000000000e+00,-3.962398869846346497e+04,-1.094340342376574517e+04,0.000000000000000000e+00,-3.990052359908454194e-01,5.778889199023911516e+00,0.000000000000000000e+00,-3.962398869846669550e+04,-1.094340342375880209e+04,0.000000000000000000e+00,-3.990052359908767277e-01,5.778889199024378698e+00,0.000000000000000000e+00
4.130000000000000000e+04,-3.966283535851619672e+04,-1.036522866573324427e+04,0.000000000000000000e+00,-3.779245221729909954e-01,5.784554720127935923e+00,0.000000000000000000e+00,-3.966283535851300257e+04,-1.036522866574031832e+04,0.000000000000000000e+00,-3.779245221729621296e-01,5.784554720127472294e+00,0.000000000000000000e+00,-3.966283535851622582e+04,-1.036522866573330793e+04,0.000000000000000000e+00,-3.779245221729909954e-01,5.784554720127939476e+00,0.000000000000000000e+00
4.140000000000000000e+04,-3.969957293302437756e+04,-9.786502732944092713e+03,0.000000000000000000e+00,-3.568237120826576181e-01,5.789912645452901074e+00,0.000000000000000000e+00,-3.969957293302113249e+04,-9.786502732951043072e+03,0.000000000000000000e+00,-3.568237120826300290e-01,5.789912645452430340e+00,0.000000000000000000e+00,-3.969957293302434846e+04,-9.786502732943999945e+03,0.000000000000000000e+00,-3.568237120826576181e-01,5.789912645452897522e+00,0.000000000000000000e+00
4.150000000000000000e+04,-3.973419946845731465e+04,-9.207256399350473657e+03,0.000000000000000000e+00,-3.357039277630431418e-01,5.794962690089647595e+00,0.000000000000000000e+00,-3.973419946845410595e+04,-9.207256399357629562e+03,0.000000000000000000e+00,-3.357039277630178842e-01,5.794962690089177748e+00,0.000000000000000000e+00,-3.973419946845732920e+04,-9.207256399350517313e+03,0.000000000000000000e+00,-3.357039277630430862e-01,5.794962690089645818e+00,0.000000000000000000e+00
4.160000000000000000e+04,-3.976671312353672693e+04,-8.627520466585177928e+03,0.000000000000000000e+00,-3.145662922662803007e-01,5.799704585500244036e+00,0.000000000000000000e+00,-3.976671312353344547e+04,-8.627520466592284720e+03,0.000000000000000000e+00,-3.145662922662562089e-01,5.799704585499774190e+00,0.000000000000000000e+00,-3.976671312353666872e+04,-8.627520466585139729e+03,0.000000000000000000e+00,-3.145662922662802452e-01,5.799704585500242260e+00,0.000000000000000000e+00
4.170000000000000000e+04,-3.979711216933705145e+04,-8.047325762314605527e+03,0.000000000000000000e+00,-2.934119295937409611e-01,5.804138079532698669e+00,0.000000000000000000e+00,-3.979711216933384276e+04,-8.047325762321833281e+03,0.000000000000000000e+00,-2.934119295937181460e-01,5.804138079532225269e+00,0.000000000000000000e+00,-3.979711216933707328e+04,-8.047325762314655549e+03,0.000000000000000000e+00,-2.934119295937409611e-01,5.804138079532694228e+00,0.000000000000000000e+00
4.180000000000000000e+04,-3.982539498937834287e+04,-7.466703138601267710e+03,0.000000000000000000e+00,-2.722419646362707057e-01,5.808262936434353207e+00,0.000000000000000000e+00,-3.982539498937510507e+04,-7.466703138608435438e+03,0.000000000000000000e+00,-2.722419646362503887e-01,5.808262936433890467e+00,0.000000000000000000e+00,-3.982539498937833559e+04,-7.466703138601187675e+03,0.000000000000000000e+00,-2.722419646362706502e-01,5.808262936434360313e+00,0.000000000000000000e+00
4.190000000000000000e+04,-3.985156007971137296e+04,-6.885683470261865295e+03,0.000000000000000000e+00,-2.510575231143759023e-01,5.812078936864494949e+00,0.000000000000000000e+00,-3.985156007970809878e+04,-6.885683470269022109e+03,0.000000000000000000e+00,-2.510575231143567509e-01,5.812078936864019774e+00,0.000000000000000000e+00,-3.985156007971132203e+04,-6.885683470261740695e+03,0.000000000000000000e+00,-2.510575231143758468e-01,5.812078936864489620e+00,0.000000000000000000e+00
4.200000000000000000e+04,-3.987560604899795726e+04,-6.304297653226181865e+03,0.000000000000000000e+00,-2.298597315183554812e-01,5.815585877905888879e+00,0.000000000000000000e+00,-3.987560604899472673e+04,-6.304297653233516030e+03,0.000000000000000000e+00,-2.298597315183376621e-01,5.815585877905417256e+00,0.000000000000000000e+00,-3.987560604899794271e+04,-6.304297653226200964e+03,0.000000000000000000e+00,-2.298597315183555090e-01,5.815585877905887990e+00,0.000000000000000000e+00
4.210000000000000000e+04,-3.989753161858522799e+04,-5.722576602894696407e+03,0.000000000000000000e+00,-2.086497170484038488e-01,5.818783573075698712e+00,0.000000000000000000e+00,-3.989753161858191743e+04,-5.722576602901929618e+03,0.000000000000000000e+00,-2.086497170483885000e-01,5.818783573075231530e+00,0.000000000000000000e+00,-3.989753161858514068e+04,-5.722576602894545431e+03,0.000000000000000000e+00,-2.086497170484038488e-01,5.818783573075703153e+00,0.000000000000000000e+00
4.220000000000000000e+04,-3.991733562257280573e+04,-5.140551252492936328e+03,0.000000000000000000e+00,-1.874286075546744978e-01,5.821671852335342123e+00,0.000000000000000000e+00,-3.991733562256962614e+04,-5.140551252500424198e+03,0.000000000000000000e+00,-1.874286075546603425e-01,5.821671852334871389e+00,0.000000000000000000e+00,-3.991733562257284939e+04,-5.140551252493006359e+03,0.000000000000000000e+00,-1.874286075546744423e-01,5.821671852335343011e+00,0.000000000000000000e+00
4.230000000000000000e+04,-3.993501700787601294e+04,-4.558252551428973675e+03,0.000000000000000000e+00,-1.661975314772975998e-01,5.824250562099521744e+00,0.000000000000000000e+00,-3.993501700787281152e+04,-4.558252551436428803e+03,0.000000000000000000e+00,-1.661975314772861090e-01,5.824250562099048345e+00,0.000000000000000000e+00,-3.993501700787603477e+04,-4.558252551428940933e+03,0.000000000000000000e+00,-1.661975314772976553e-01,5.824250562099519968e+00,0.000000000000000000e+00
4.240000000000000000e+04,-3.995057483428070555e+04,-3.975711463645449840e+03,0.000000000000000000e+00,-1.449576177863857729e-01,5.826519565244410614e+00,0.000000000000000000e+00,-3.995057483427745319e+04,-3.975711463652889506e+03,0.000000000000000000e+00,-1.449576177863754756e-01,5.826519565243941656e+00,0.000000000000000000e+00,-3.995057483428066189e+04,-3.975711463645368440e+03,0.000000000000000000e+00,-1.449576177863858006e-01,5.826519565244413279e+00,0.000000000000000000e+00
4.250000000000000000e+04,-3.996400827449373901e+04,-3.392958965974161401e+03,0.000000000000000000e+00,-1.237099959219904455e-01,5.828478741114963668e+00,0.000000000000000000e+00,-3.996400827449052304e+04,-3.392958965981757046e+03,0.000000000000000000e+00,-1.237099959219813555e-01,5.828478741114493822e+00,0.000000000000000000e+00,-3.996400827449373173e+04,-3.392958965974202329e+03,0.000000000000000000e+00,-1.237099959219904455e-01,5.828478741114964556e+00,0.000000000000000000e+00
4.260000000000000000e+04,-3.997531661418726435e+04,-2.810026046489132568e+03,0.000000000000000000e+00,-1.024557957340481718e-01,5.830127985531298407e+00,0.000000000000000000e+00,-3.997531661418401927e+04,-2.810026046496776871e+03,0.000000000000000000e+00,-1.024557957340415798e-01,5.830127985530821455e+00,0.000000000000000000e+00,-3.997531661418722069e+04,-2.810026046489153032e+03,0.000000000000000000e+00,-1.024557957340481440e-01,5.830127985531293078e+00,0.000000000000000000e+00
4.270000000000000000e+04,-3.998449925203609746e+04,-2.226943702857941389e+03,0.000000000000000000e+00,-8.119614742230402138e-02,5.831467210794237133e+00,0.000000000000000000e+00,-3.998449925203289604e+04,-2.226943702865689829e+03,0.000000000000000000e+00,-8.119614742229869231e-02,5.831467210793760181e+00,0.000000000000000000e+00,-3.998449925203609746e+04,-2.226943702858031884e+03,0.000000000000000000e+00,-8.119614742230399362e-02,5.831467210794231804e+00,0.000000000000000000e+00
4.280000000000000000e+04,-3.999155569975031540e+04,-1.643742940694210120e+03,0.000000000000000000e+00,-5.993218147620521519e-02,5.832496345689996531e+00,0.000000000000000000e+00,-3.999155569974708487e+04,-1.643742940701918769e+03,0.000000000000000000e+00,-5.993218147620119063e-02,5.832496345689525796e+00,0.000000000000000000e+00,-3.999155569975028629e+04,-1.643742940694227173e+03,0.000000000000000000e+00,-5.993218147620520131e-02,5.832496345689997419e+00,0.000000000000000000e+00
4.290000000000000000e+04,-3.999648558210063493e+04,-1.060454771908000112e+03,0.000000000000000000e+00,-3.866502861479070852e-02,5.833215335493974862e+00,0.000000000000000000e+00,-3.999648558209744078e+04,-1.060454771915835408e+03,0.000000000000000000e+00,-3.866502861478929298e-02,5.833215335493497911e+00,0.000000000000000000e+00,-3.999648558210064220e+04,-1.060454771908074690e+03,0.000000000000000000e+00,-3.866502861479070852e-02,5.833215335493970422e+00,0.000000000000000000e+00
4.300000000000000000e+04,-3.999928863693890162e+04,-4.771102130579529330e+02,0.000000000000000000e+00,-1.739581972656874254e-02,5.833624141973608346e+00,0.000000000000000000e+00,-3.999928863693570020e+04,-4.771102130656903455e+02,0.000000000000000000e+00,-1.739581972656860376e-02,5.833624141973135835e+00,0.000000000000000000e+00,-3.999928863693889434e+04,-4.771102130578958054e+02,0.000000000000000000e+00,-1.739581972656873560e-02,5.833624141973608346e+00,0.000000000000000000e+00
4.310000000000000000e+04,-3.999996471521159401e+04,1.062597162997117266e+02,0.000000000000000000e+00,3.874314190627748192e-03,5.833722743390481469e+00,0.000000000000000000e+00,-3.999996471520841442e+04,1.062597162917046489e+02,0.000000000000000000e+00,3.874314190625269272e-03,5.833722743390008958e+00,0.000000000000000000e+00,-3.999996471521160129e+04,1.062597162995686801e+02,0.000000000000000000e+00,3.874314190627748192e-03,5.833722743390481469e+00,0.000000000000000000e+00
4.320000000000000000e+04,-3.999851378096808912e+04,6.896239952582400292e+02,0.000000000000000000e+00,2.514424208977181219e-02,5.833511134501428330e+00,0.000000000000000000e+00,-3.999851378096487315e+04,6.896239952504516850e+02,0.000000000000000000e+00,2.514424208976800967e-02,5.833511134500950490e+00,0.000000000000000000e+00,-3.999851378096805274e+04,6.896239952583496233e+02,0.000000000000000000e+00,2.514424208977181566e-02,5.833511134501423001e+00,0.000000000000000000e+00
4.330000000000000000e+04,-3.999493591136223404e+04,1.272951603212975897e+03,0.000000000000000000e+00,4.641283293479553373e-02,5.832989326558816856e+00,0.000000000000000000e+00,-3.999493591135901806e+04,1.272951603205114679e+03,0.000000000000000000e+00,4.641283293479037120e-02,5.832989326558339904e+00,0.000000000000000000e+00,-3.999493591136219766e+04,1.272951603213047065e+03,0.000000000000000000e+00,4.641283293479553373e-02,5.832989326558812415e+00,0.000000000000000000e+00
4.340000000000000000e+04,-3.998923129664856242e+04,1.856211521508288570e+03,0.000000000000000000e+00,6.767895576072927022e-02,5.832157347309973261e+00,0.000000000000000000e+00,-3.998923129664536100e+04,1.856211521500252047e+03,0.000000000000000000e+00,6.767895576072148478e-02,5.832157347309500750e+00,0.000000000000000000e+00,-3.998923129664854059e+04,1.856211521508253554e+03,0.000000000000000000e+00,6.767895576072927022e-02,5.832157347309973261e+00,0.000000000000000000e+00
4.350000000000000000e+04,-3.998140024017199175e+04,2.439372735087992623e+03,0.000000000000000000e+00,8.894147973383736971e-02,5.831015240995704119e+00,0.000000000000000000e+00,-3.998140024016884854e+04,2.439372735079843551e+03,0.000000000000000000e+00,8.894147973382822425e-02,5.831015240995230720e+00,0.000000000000000000e+00,-3.998140024017202086e+04,2.439372735087878937e+03,0.000000000000000000e+00,8.894147973383734196e-02,5.831015240995703230e+00,0.000000000000000000e+00
4.360000000000000000e+04,-3.997144315835193265e+04,3.022404234144603834e+03,0.000000000000000000e+00,1.101992742117582358e-01,5.829563068347916044e+00,0.000000000000000000e+00,-3.997144315834872395e+04,3.022404234136527521e+03,0.000000000000000000e+00,1.101992742117477719e-01,5.829563068347442645e+00,0.000000000000000000e+00,-3.997144315835188900e+04,3.022404234144597467e+03,0.000000000000000000e+00,1.101992742117582358e-01,5.829563068347916044e+00,0.000000000000000000e+00
4.370000000000000000e+04,-3.995936058065952966e+04,3.605275015768711455e+03,0.000000000000000000e+00,1.314512088036230986e-01,5.827800906586418250e+00,0.000000000000000000e+00,-3.995936058065639372e+04,3.605275015760559199e+03,0.000000000000000000e+00,1.314512088036098869e-01,5.827800906585940410e+00,0.000000000000000000e+00,-3.995936058065955149e+04,3.605275015768698722e+03,0.000000000000000000e+00,1.314512088036230431e-01,5.827800906586413809e+00,0.000000000000000000e+00
4.380000000000000000e+04,-3.994515314959042007e+04,4.187954085596487857e+03,0.000000000000000000e+00,1.526961534301604639e-01,5.825728849414787192e+00,0.000000000000000000e+00,-3.994515314958726958e+04,4.187954085588400631e+03,0.000000000000000000e+00,1.526961534301459755e-01,5.825728849414309352e+00,0.000000000000000000e+00,-3.994515314959042007e+04,4.187954085596574259e+03,0.000000000000000000e+00,1.526961534301604639e-01,5.825728849414782751e+00,0.000000000000000000e+00
4.390000000000000000e+04,-3.992882162062975112e+04,4.770410459459177218e+03,0.000000000000000000e+00,1.739329783837985088e-01,5.823347007015414079e+00,0.000000000000000000e+00,-3.992882162062661519e+04,4.770410459450858980e+03,0.000000000000000000e+00,1.739329783837813004e-01,5.823347007014936239e+00,0.000000000000000000e+00,-3.992882162062975840e+04,4.770410459459102640e+03,0.000000000000000000e+00,1.739329783837984811e-01,5.823347007015408749e+00,0.000000000000000000e+00
4.400000000000000000e+04,-3.991036686221248237e+04,5.352613165028975345e+03,0.000000000000000000e+00,1.951605543887261485e-01,5.820655506043621585e+00,0.000000000000000000e+00,-3.991036686220935371e+04,5.352613165020677116e+03,0.000000000000000000e+00,1.951605543887076077e-01,5.820655506043146410e+00,0.000000000000000000e+00,-3.991036686221249693e+04,5.352613165028955336e+03,0.000000000000000000e+00,1.951605543887261762e-01,5.820655506043618921e+00,0.000000000000000000e+00
4.410000000000000000e+04,-3.988978985567705240e+04,5.934531243467819877e+03,0.000000000000000000e+00,2.163777526609529378e-01,5.817654489620949221e+00,0.000000000000000000e+00,-3.988978985567391646e+04,5.934531243459503457e+03,0.000000000000000000e+00,2.163777526609329260e-01,5.817654489620472269e+00,0.000000000000000000e+00,-3.988978985567705240e+04,5.934531243467815329e+03,0.000000000000000000e+00,2.163777526609528823e-01,5.817654489620945668e+00,0.000000000000000000e+00
4.420000000000000000e+04,-3.986709169521322474e+04,6.516133751072571613e+03,0.000000000000000000e+00,2.375834449683275063e-01,5.814344117327514994e+00,0.000000000000000000e+00,-3.986709169521002332e+04,6.516133751064135140e+03,0.000000000000000000e+00,2.375834449683048577e-01,5.814344117327043371e+00,0.000000000000000000e+00,-3.986709169521315198e+04,6.516133751072516134e+03,0.000000000000000000e+00,2.375834449683275063e-01,5.814344117327515882e+00,0.000000000000000000e+00
4.430000000000000000e+04,-3.984227358780364739e+04,7.097389760920312256e+03,0.000000000000000000e+00,2.587765036905288474e-01,5.810724565193567059e+00,0.000000000000000000e+00,-3.984227358780051873e+04,7.097389760911960366e+03,0.000000000000000000e+00,2.587765036905048666e-01,5.810724565193096325e+00,0.000000000000000000e+00,-3.984227358780364011e+04,7.097389760920375920e+03,0.000000000000000000e+00,2.587765036905289584e-01,5.810724565193567948e+00,0.000000000000000000e+00
4.440000000000000000e+04,-3.981533685316034826e+04,7.678268364513874985e+03,0.000000000000000000e+00,2.799558018790354597e-01,5.806796025690090346e+00,0.000000000000000000e+00,-3.981533685315719777e+04,7.678268364505513091e+03,0.000000000000000000e+00,2.799558018790099245e-01,5.806796025689617835e+00,0.000000000000000000e+00,-3.981533685316031915e+04,7.678268364513962297e+03,0.000000000000000000e+00,2.799558018790354041e-01,5.806796025690090346e+00,0.000000000000000000e+00
4.450000000000000000e+04,-3.978628292365378002e+04,8.258738673424581066e+03,0.000000000000000000e+00,3.011202133170464146e-01,5.802558707718581843e+00,0.000000000000000000e+00,-3.978628292365062225e+04,8.258738673416039092e+03,0.000000000000000000e+00,3.011202133170181594e-01,5.802558707718111108e+00,0.000000000000000000e+00,-3.978628292365372909e+04,8.258738673424557419e+03,0.000000000000000000e+00,3.011202133170463591e-01,5.802558707718581843e+00,0.000000000000000000e+00
4.460000000000000000e+04,-3.975511334423697554e+04,8.838769820934394374e+03,0.000000000000000000e+00,3.222686125793658984e-01,5.798012836599951925e+00,0.000000000000000000e+00,-3.975511334423393419e+04,8.838769820926001557e+03,0.000000000000000000e+00,3.222686125793362000e-01,5.798012836599482966e+00,0.000000000000000000e+00,-3.975511334423704102e+04,8.838769820934552627e+03,0.000000000000000000e+00,3.222686125793658429e-01,5.798012836599953701e+00,0.000000000000000000e+00
4.470000000000000000e+04,-3.972182977236382430e+04,9.418330963679007255e+03,0.000000000000000000e+00,3.433998750922560017e-01,5.793158654062537494e+00,0.000000000000000000e+00,-3.972182977236075385e+04,9.418330963670427082e+03,0.000000000000000000e+00,3.433998750922237497e-01,5.793158654062065871e+00,0.000000000000000000e+00,-3.972182977236384613e+04,9.418330963679047272e+03,0.000000000000000000e+00,3.433998750922560572e-01,5.793158654062535717e+00,0.000000000000000000e+00
4.480000000000000000e+04,-3.968643397790013114e+04,9.997391283285687678e+03,0.000000000000000000e+00,3.645128771932271139e-01,5.787996418229234052e+00,0.000000000000000000e+00,-3.968643397789697337e+04,9.997391283277018374e+03,0.000000000000000000e+00,3.645128771931934186e-01,5.787996418228762430e+00,0.000000000000000000e+00,-3.968643397790006566e+04,9.997391283285671307e+03,0.000000000000000000e+00,3.645128771932271139e-01,5.787996418229232276e+00,0.000000000000000000e+00
4.490000000000000000e+04,-3.964892784302978544e+04,1.057591998801357113e+04,0.000000000000000000e+00,3.856064961907967881e-01,5.782526403603789333e+00,0.000000000000000000e+00,-3.964892784302670771e+04,1.057591998800492365e+04,0.000000000000000000e+00,3.856064961907617050e-01,5.782526403603321263e+00,0.000000000000000000e+00,-3.964892784302979999e+04,1.057591998801361115e+04,0.000000000000000000e+00,3.856064961907967881e-01,5.782526403603790222e+00,0.000000000000000000e+00
4.500000000000000000e+04,-3.960931336215522606e+04,1.115388631439080928e+04,0.000000000000000000e+00,4.066796104241865439e-01,5.776748901056208751e+00,0.000000000000000000e+00,-3.960931336215217743e+04,1.115388631438210905e+04,0.000000000000000000e+00,4.066796104241486298e-01,5.776748901055738017e+00,0.000000000000000000e+00,-3.960931336215525516e+04,1.115388631439086566e+04,0.000000000000000000e+00,4.066796104241864884e-01,5.776748901056206087e+00,0.000000000000000000e+00
4.510000000000000000e+04,-3.956759264179068850e+04,1.173125952885008883e+04,0.000000000000000000e+00,4.277310993229617164e-01,5.770664217807258467e+00,0.000000000000000000e+00,-3.956759264178764715e+04,1.173125952884120852e+04,0.000000000000000000e+00,4.277310993229224700e-01,5.770664217806789509e+00,0.000000000000000000e+00,-3.956759264179072488e+04,1.173125952884999970e+04,0.000000000000000000e+00,4.277310993229617719e-01,5.770664217807256691e+00,0.000000000000000000e+00
4.520000000000000000e+04,-3.952376790045056259e+04,1.230800892936263699e+04,0.000000000000000000e+00,4.487598434666271174e-01,5.764272677412165535e+00,0.000000000000000000e+00,-3.952376790044744121e+04,1.230800892935379852e+04,0.000000000000000000e+00,4.487598434665864278e-01,5.764272677411696577e+00,0.000000000000000000e+00,-3.952376790045051166e+04,1.230800892936262244e+04,0.000000000000000000e+00,4.487598434666271174e-01,5.764272677412162871e+00,0.000000000000000000e+00
4.530000000000000000e+04,-3.947784146853099810e+04,1.288410384707187768e+04,0.000000000000000000e+00,4.697647246441476465e-01,5.757574619743387245e+00,0.000000000000000000e+00,-3.947784146852794947e+04,1.288410384706298282e+04,0.000000000000000000e+00,4.697647246441041813e-01,5.757574619742919175e+00,0.000000000000000000e+00,-3.947784146853101265e+04,1.288410384707187404e+04,0.000000000000000000e+00,4.697647246441476465e-01,5.757574619743385469e+00,0.000000000000000000e+00
4.540000000000000000e+04,-3.942981578818679554e+04,1.345951364792312961e+04,0.000000000000000000e+00,4.907446259134062849e-01,5.750570400972556229e+00,0.000000000000000000e+00,-3.942981578818371054e+04,1.345951364791422384e+04,0.000000000000000000e+00,4.907446259133614319e-01,5.750570400972084606e+00,0.000000000000000000e+00,-3.942981578818677372e+04,1.345951364792314962e+04,0.000000000000000000e+00,4.907446259134062294e-01,5.750570400972550900e+00,0.000000000000000000e+00
4.550000000000000000e+04,-3.937969341320067178e+04,1.403420773429318797e+04,0.000000000000000000e+00,5.116984316606068006e-01,5.743260393551508969e+00,0.000000000000000000e+00,-3.937969341319755767e+04,1.403420773428432221e+04,0.000000000000000000e+00,5.116984316605591721e-01,5.743260393551045340e+00,0.000000000000000000e+00,-3.937969341320060630e+04,1.403420773429331894e+04,0.000000000000000000e+00,5.116984316606066896e-01,5.743260393551511633e+00,0.000000000000000000e+00
4.560000000000000000e+04,-3.932747700884781079e+04,1.460815554661746137e+04,0.000000000000000000e+00,5.326250276595865252e-01,5.735644986192539818e+00,0.000000000000000000e+00,-3.932747700884482038e+04,1.460815554660845555e+04,0.000000000000000000e+00,5.326250276595374533e-01,5.735644986192077077e+00,0.000000000000000000e+00,-3.932747700884786173e+04,1.460815554661748502e+04,0.000000000000000000e+00,5.326250276595864142e-01,5.735644986192543371e+00,0.000000000000000000e+00
4.570000000000000000e+04,-3.927316935175465187e+04,1.518132656501419842e+04,0.000000000000000000e+00,5.535233011310747298e-01,5.727724583847674467e+00,0.000000000000000000e+00,-3.927316935175158142e+04,1.518132656500518715e+04,0.000000000000000000e+00,5.535233011310242146e-01,5.727724583847206397e+00,0.000000000000000000e+00,-3.927316935175461549e+04,1.518132656501425117e+04,0.000000000000000000e+00,5.535233011310747298e-01,5.727724583847672690e+00,0.000000000000000000e+00
4.580000000000000000e+04,-3.921677332975011086e+04,1.575369031090836506e+04,0.000000000000000000e+00,5.743921408018612951e-01,5.719499607687147602e+00,0.000000000000000000e+00,-3.921677332974705496e+04,1.575369031089937744e+04,0.000000000000000000e+00,5.743921408018082264e-01,5.719499607686677756e+00,0.000000000000000000e+00,-3.921677332975007448e+04,1.575369031090851058e+04,0.000000000000000000e+00,5.743921408018614061e-01,5.719499607687142273e+00,0.000000000000000000e+00
4.590000000000000000e+04,-3.915829194171301788e+04,1.632521634865202941e+04,0.000000000000000000e+00,5.952304369638858894e-01,5.710970495077020814e+00,0.000000000000000000e+00,-3.915829194170999108e+04,1.632521634864289626e+04,0.000000000000000000e+00,5.952304369638311554e-01,5.710970495076558073e+00,0.000000000000000000e+00,-3.915829194171301060e+04,1.632521634865206579e+04,0.000000000000000000e+00,5.952304369638858894e-01,5.710970495077021702e+00,0.000000000000000000e+00
4.600000000000000000e+04,-3.909772829741222085e+04,1.689587428714230191e+04,0.000000000000000000e+00,6.160370815332543160e-01,5.702137699555940742e+00,0.000000000000000000e+00,-3.909772829740925226e+04,1.689587428713304689e+04,0.000000000000000000e+00,6.160370815331965844e-01,5.702137699555478889e+00,0.000000000000000000e+00,-3.909772829741225723e+04,1.689587428714228372e+04,0.000000000000000000e+00,6.160370815332540939e-01,5.702137699555941630e+00,0.000000000000000000e+00
4.610000000000000000e+04,-3.903508561734145042e+04,1.746563378143799491e+04,0.000000000000000000e+00,6.368109681091520535e-01,5.693001690810980620e+00,0.000000000000000000e+00,-3.903508561733841634e+04,1.746563378142861620e+04,0.000000000000000000e+00,6.368109681090931007e-01,5.693001690810519655e+00,0.000000000000000000e+00,-3.903508561734140676e+04,1.746563378143788213e+04,0.000000000000000000e+00,6.368109681091520535e-01,5.693001690810981508e+00,0.000000000000000000e+00
4.620000000000000000e+04,-3.897036723254749086e+04,1.803446453437290620e+04,0.000000000000000000e+00,6.575509920326876312e-01,5.683562954652693122e+00,0.000000000000000000e+00,-3.897036723254452227e+04,1.803446453436348747e+04,0.000000000000000000e+00,6.575509920326272351e-01,5.683562954652233046e+00,0.000000000000000000e+00,-3.897036723254750541e+04,1.803446453437278979e+04,0.000000000000000000e+00,6.575509920326877422e-01,5.683562954652694899e+00,0.000000000000000000e+00
4.630000000000000000e+04,-3.890357658445392735e+04,1.860233629816712346e+04,0.000000000000000000e+00,6.782560504456278672e-01,5.673821992989275032e+00,0.000000000000000000e+00,-3.890357658445098059e+04,1.860233629815770109e+04,0.000000000000000000e+00,6.782560504455644734e-01,5.673821992988810514e+00,0.000000000000000000e+00,-3.890357658445395646e+04,1.860233629816706889e+04,0.000000000000000000e+00,6.782560504456276451e-01,5.673821992989271479e+00,0.000000000000000000e+00
4.640000000000000000e+04,-3.883471722467750078e+04,1.916921887603518553e+04,0.000000000000000000e+00,6.989250423490385167e-01,5.663779323799857934e+00,0.000000000000000000e+00,-3.883471722467453219e+04,1.916921887602589049e+04,0.000000000000000000e+00,6.989250423489735686e-01,5.663779323799394305e+00,0.000000000000000000e+00,-3.883471722467750078e+04,1.916921887603529103e+04,0.000000000000000000e+00,6.989250423490382946e-01,5.663779323799854382e+00,0.000000000000000000e+00
4.650000000000000000e+04,-3.876379281483934028e+04,1.973508212379249744e+04,0.000000000000000000e+00,7.195568686618392107e-01,5.653435481106996008e+00,0.000000000000000000e+00,-3.876379281483640807e+04,1.973508212378300232e+04,0.000000000000000000e+00,7.195568686617731524e-01,5.653435481106530602e+00,0.000000000000000000e+00,-3.876379281483936938e+04,1.973508212379243923e+04,0.000000000000000000e+00,7.195568686618393217e-01,5.653435481106990679e+00,0.000000000000000000e+00
4.660000000000000000e+04,-3.869080712637054967e+04,2.029989595145662315e+04,0.000000000000000000e+00,7.401504322792442636e-01,5.642791014948237205e+00,0.000000000000000000e+00,-3.869080712636762473e+04,2.029989595144723717e+04,0.000000000000000000e+00,7.401504322791755408e-01,5.642791014947778017e+00,0.000000000000000000e+00,-3.869080712637056422e+04,2.029989595145673957e+04,0.000000000000000000e+00,7.401504322792443746e-01,5.642791014948236317e+00,0.000000000000000000e+00
4.670000000000000000e+04,-3.861576404031139100e+04,2.086363032484962605e+04,0.000000000000000000e+00,7.607046381310960115e-01,5.631846491346912842e+00,0.000000000000000000e+00,-3.861576404030842968e+04,2.086363032484007999e+04,0.000000000000000000e+00,7.607046381310252903e-01,5.631846491346453654e+00,0.000000000000000000e+00,-3.861576404031136190e+04,2.086363032484961514e+04,0.000000000000000000e+00,7.607046381310956784e-01,5.631846491346911066e+00,0.000000000000000000e+00
4.680000000000000000e+04,-3.853866754710488021e+04,2.142625526719307527e+04,0.000000000000000000e+00,7.812183932401040032e-01,5.620602492281989271e+00,0.000000000000000000e+00,-3.853866754710192617e+04,2.142625526718338006e+04,0.000000000000000000e+00,7.812183932400306174e-01,5.620602492281538076e+00,0.000000000000000000e+00,-3.853866754710483656e+04,2.142625526719298068e+04,0.000000000000000000e+00,7.812183932401037811e-01,5.620602492281993712e+00,0.000000000000000000e+00
4.690000000000000000e+04,-3.845952174638473662e+04,2.198774086070305202e+04,0.000000000000000000e+00,8.016906067799571822e-01,5.609059615657187692e+00,0.000000000000000000e+00,-3.845952174638186989e+04,2.198774086069339319e+04,0.000000000000000000e+00,8.016906067798825752e-01,5.609059615656726727e+00,0.000000000000000000e+00,-3.845952174638476572e+04,2.198774086070303019e+04,0.000000000000000000e+00,8.016906067799572932e-01,5.609059615657182363e+00,0.000000000000000000e+00
4.700000000000000000e+04,-3.837833084675762802e+04,2.254805724818131421e+04,0.000000000000000000e+00,8.221201901333361484e-01,5.597218475269087890e+00,0.000000000000000000e+00,-3.837833084675470309e+04,2.254805724817165537e+04,0.000000000000000000e+00,8.221201901332599871e-01,5.597218475268638471e+00,0.000000000000000000e+00,-3.837833084675757709e+04,2.254805724818132876e+04,0.000000000000000000e+00,8.221201901333362594e-01,5.597218475269092330e+00,0.000000000000000000e+00
4.710000000000000000e+04,-3.829509916557848919e+04,2.310717463460238650e+04,0.000000000000000000e+00,8.425060569497961893e-01,5.585079700774628009e+00,0.000000000000000000e+00,-3.829509916557570978e+04,2.310717463459265855e+04,0.000000000000000000e+00,8.425060569497171414e-01,5.585079700774174150e+00,0.000000000000000000e+00,-3.829509916557857650e+04,2.310717463460239378e+04,0.000000000000000000e+00,8.425060569497963003e-01,5.585079700774625344e+00,0.000000000000000000e+00
4.720000000000000000e+04,-3.820983112872240599e+04,2.366506328869820572e+04,0.000000000000000000e+00,8.628471232035317406e-01,5.572643937657488777e+00,0.000000000000000000e+00,-3.820983112871949561e+04,2.366506328868819037e+04,0.000000000000000000e+00,8.628471232034510274e-01,5.572643937657034030e+00,0.000000000000000000e+00,-3.820983112872235506e+04,2.366506328869796198e+04,0.000000000000000000e+00,8.628471232035318517e-01,5.572643937657484337e+00,0.000000000000000000e+00
4.730000000000000000e+04,-3.812253127034741919e+04,2.422169354453822598e+04,0.000000000000000000e+00,8.831423072510271588e-01,5.559911847193845347e+00,0.000000000000000000e+00,-3.812253127034461068e+04,2.422169354452834159e+04,0.000000000000000000e+00,8.831423072509446692e-01,5.559911847193396817e+00,0.000000000000000000e+00,-3.812253127034746285e+04,2.422169354453814231e+04,0.000000000000000000e+00,8.831423072510270478e-01,5.559911847193846235e+00,0.000000000000000000e+00
4.740000000000000000e+04,-3.803320423265529098e+04,2.477703580310882535e+04,0.000000000000000000e+00,9.033905298885689383e-01,5.546884106417202531e+00,0.000000000000000000e+00,-3.803320423265242425e+04,2.477703580309897006e+04,0.000000000000000000e+00,9.033905298884837842e-01,5.546884106416754001e+00,0.000000000000000000e+00,-3.803320423265525460e+04,2.477703580310883626e+04,0.000000000000000000e+00,9.033905298885689383e-01,5.546884106417201643e+00,0.000000000000000000e+00
4.750000000000000000e+04,-3.794185476564313285e+04,2.533106053388549481e+04,0.000000000000000000e+00,9.235907144096309196e-01,5.533561408082363187e+00,0.000000000000000000e+00,-3.794185476564030978e+04,2.533106053387565771e+04,0.000000000000000000e+00,9.235907144095439891e-01,5.533561408081909327e+00,0.000000000000000000e+00,-3.794185476564313285e+04,2.533106053388555301e+04,0.000000000000000000e+00,9.235907144096306975e-01,5.533561408082356081e+00,0.000000000000000000e+00
4.760000000000000000e+04,-3.784848772685189033e+04,2.588373827640397940e+04,0.000000000000000000e+00,9.437417866621347073e-01,5.519944460628586569e+00,0.000000000000000000e+00,-3.784848772684904543e+04,2.588373827639400042e+04,0.000000000000000000e+00,9.437417866620452234e-01,5.519944460628140703e+00,0.000000000000000000e+00,-3.784848772685184667e+04,2.588373827640396485e+04,0.000000000000000000e+00,9.437417866621347073e-01,5.519944460628585681e+00,0.000000000000000000e+00
4.770000000000000000e+04,-3.775310808110731887e+04,2.643503964182618074e+04,0.000000000000000000e+00,9.638426751055604313e-01,5.506033988141965096e+00,0.000000000000000000e+00,-3.775310808110451035e+04,2.643503964181617994e+04,0.000000000000000000e+00,9.638426751054697261e-01,5.506033988141528113e+00,0.000000000000000000e+00,-3.775310808110730432e+04,2.643503964182617710e+04,0.000000000000000000e+00,9.638426751055606534e-01,5.506033988141971314e+00,0.000000000000000000e+00
4.780000000000000000e+04,-3.765572090025647776e+04,2.698493531450373121e+04,0.000000000000000000e+00,9.838923108679344942e-01,5.491830730316891618e+00,0.000000000000000000e+00,-3.765572090025368379e+04,2.698493531449372676e+04,0.000000000000000000e+00,9.838923108678419016e-01,5.491830730316450193e+00,0.000000000000000000e+00,-3.765572090025647049e+04,2.698493531450375303e+04,0.000000000000000000e+00,9.838923108679344942e-01,5.491830730316893394e+00,0.000000000000000000e+00
4.790000000000000000e+04,-3.755633136289776303e+04,2.753339605353667866e+04,0.000000000000000000e+00,1.003889627802661444e+00,5.477335442416702449e+00,0.000000000000000000e+00,-3.755633136289495451e+04,2.753339605352638318e+04,0.000000000000000000e+00,1.003889627802566187e+00,5.477335442416253919e+00,0.000000000000000000e+00,-3.755633136289772665e+04,2.753339605353647130e+04,0.000000000000000000e+00,1.003889627802661444e+00,5.477335442416695344e+00,0.000000000000000000e+00
4.800000000000000000e+04,-3.745494475410546875e+04,2.808039269432704896e+04,0.000000000000000000e+00,1.023833562545215514e+00,5.462548895233531709e+00,0.000000000000000000e+00,-3.745494475410274026e+04,2.808039269431700814e+04,0.000000000000000000e+00,1.023833562545118925e+00,5.462548895233088508e+00,0.000000000000000000e+00,-3.745494475410549785e+04,2.808039269432712535e+04,0.000000000000000000e+00,1.023833562545215736e+00,5.462548895233529045e+00,0.000000000000000000e+00
4.810000000000000000e+04,-3.735156646514922613e+04,2.862589615013275761e+04,0.000000000000000000e+00,1.043723054569692721e+00,5.447471875047362744e+00,0.000000000000000000e+00,-3.735156646514643217e+04,2.862589615012240756e+04,0.000000000000000000e+00,1.043723054569594355e+00,5.447471875046921319e+00,0.000000000000000000e+00,-3.735156646514917520e+04,2.862589615013255752e+04,0.000000000000000000e+00,1.043723054569692721e+00,5.447471875047360079e+00,0.000000000000000000e+00
4.820000000000000000e+04,-3.724620199320645770e+04,2.916987741361034568e+04,0.000000000000000000e+00,1.063557046245198645e+00,5.432105183584162944e+00,0.000000000000000000e+00,-3.724620199320373649e+04,2.916987741360004293e+04,0.000000000000000000e+00,1.063557046245097615e+00,5.432105183583724184e+00,0.000000000000000000e+00,-3.724620199320647225e+04,2.916987741361025837e+04,0.000000000000000000e+00,1.063557046245198645e+00,5.432105183584161168e+00,0.000000000000000000e+00
4.830000000000000000e+04,-3.713885694107110612e+04,2.971230755836074241e+04,0.000000000000000000e+00,1.083334482892087447e+00,5.416449637973286713e+00,0.000000000000000000e+00,-3.713885694106837764e+04,2.971230755835049422e+04,0.000000000000000000e+00,1.083334482891984640e+00,5.416449637972846176e+00,0.000000000000000000e+00,-3.713885694107109884e+04,2.971230755836073877e+04,0.000000000000000000e+00,1.083334482892087225e+00,5.416449637973282272e+00,0.000000000000000000e+00
4.840000000000000000e+04,-3.702953701685485430e+04,3.025315774046583101e+04,0.000000000000000000e+00,1.103054312838050333e+00,5.400506070703990247e+00,0.000000000000000000e+00,-3.702953701685211854e+04,3.025315774045564831e+04,0.000000000000000000e+00,1.103054312837945528e+00,5.400506070703557704e+00,0.000000000000000000e+00,-3.702953701685481792e+04,3.025315774046595834e+04,0.000000000000000000e+00,1.103054312838050777e+00,5.400506070703991135e+00,0.000000000000000000e+00
4.850000000000000000e+04,-3.691824803368392168e+04,3.079239920002268627e+04,0.000000000000000000e+00,1.122715487474034823e+00,5.384275329581221570e+00,0.000000000000000000e+00,-3.691824803368125868e+04,3.079239920001245991e+04,0.000000000000000000e+00,1.122715487473927576e+00,5.384275329580784586e+00,0.000000000000000000e+00,-3.691824803368395078e+04,3.079239920002279905e+04,0.000000000000000000e+00,1.122715487474034601e+00,5.384275329581217129e+00,0.000000000000000000e+00
4.860000000000000000e+04,-3.680499590939021436e+04,3.133000326267268974e+04,0.000000000000000000e+00,1.142316961310003265e+00,5.367758277680458434e+00,0.000000000000000000e+00,-3.680499590938752954e+04,3.133000326266228876e+04,0.000000000000000000e+00,1.142316961309895129e+00,5.367758277680026779e+00,0.000000000000000000e+00,-3.680499590939020709e+04,3.133000326267266064e+04,0.000000000000000000e+00,1.142316961310003487e+00,5.367758277680458434e+00,0.000000000000000000e+00
4.870000000000000000e+04,-3.668978666619607247e+04,3.186594134112610482e+04,0.000000000000000000e+00,1.161857692030535016e+00,5.350955793301892527e+00,0.000000000000000000e+00,-3.668978666619338765e+04,3.186594134111567109e+04,0.000000000000000000e+00,1.161857692030423994e+00,5.350955793301461760e+00,0.000000000000000000e+00,-3.668978666619605065e+04,3.186594134112610845e+04,0.000000000000000000e+00,1.161857692030535016e+00,5.350955793301890751e+00,0.000000000000000000e+00
4.880000000000000000e+04,-3.657262643039447721e+04,3.240018493668281008e+04,0.000000000000000000e+00,1.181336640550239458e+00,5.333868769923668651e+00,0.000000000000000000e+00,-3.657262643039179238e+04,3.240018493667244547e+04,0.000000000000000000e+00,1.181336640550127104e+00,5.333868769923242326e+00,0.000000000000000000e+00,-3.657262643039444811e+04,3.240018493668291194e+04,0.000000000000000000e+00,1.181336640550239681e+00,5.333868769923670428e+00,0.000000000000000000e+00
4.890000000000000000e+04,-3.645352143202308798e+04,3.293270564074767753e+04,0.000000000000000000e+00,1.200752771069022895e+00,5.316498116154413367e+00,0.000000000000000000e+00,-3.645352143202043953e+04,3.293270564073719288e+04,0.000000000000000000e+00,1.200752771068908320e+00,5.316498116153985265e+00,0.000000000000000000e+00,-3.645352143202308798e+04,3.293270564074768481e+04,0.000000000000000000e+00,1.200752771069022451e+00,5.316498116154412479e+00,0.000000000000000000e+00
4.900000000000000000e+04,-3.633247800453309901e+04,3.346347513634036295e+04,0.000000000000000000e+00,1.220105051127158280e+00,5.298844755684875452e+00,0.000000000000000000e+00,-3.633247800453047239e+04,3.346347513632986374e+04,0.000000000000000000e+00,1.220105051127040818e+00,5.298844755684454455e+00,0.000000000000000000e+00,-3.633247800453309901e+04,3.346347513634042116e+04,0.000000000000000000e+00,1.220105051127157836e+00,5.298844755684879004e+00,0.000000000000000000e+00
4.910000000000000000e+04,-3.620950258445233339e+04,3.399246519960230216e+04,0.000000000000000000e+00,1.239392451660188410e+00,5.280909627238870030e+00,0.000000000000000000e+00,-3.620950258444969950e+04,3.399246519959155557e+04,0.000000000000000000e+00,1.239392451660069616e+00,5.280909627238444592e+00,0.000000000000000000e+00,-3.620950258445231884e+04,3.399246519960214209e+04,0.000000000000000000e+00,1.239392451660188188e+00,5.280909627238867365e+00,0.000000000000000000e+00
4.920000000000000000e+04,-3.608460171104298206e+04,3.451964770129567478e+04,0.000000000000000000e+00,1.258613947053653259e+00,5.262693684523291893e+00,0.000000000000000000e+00,-3.608460171104034089e+04,3.451964770128530654e+04,0.000000000000000000e+00,1.258613947053531357e+00,5.262693684522863791e+00,0.000000000000000000e+00,-3.608460171104294568e+04,3.451964770129595854e+04,0.000000000000000000e+00,1.258613947053652593e+00,5.262693684523284787e+00,0.000000000000000000e+00
4.930000000000000000e+04,-3.595778202595387120e+04,3.504499460830271710e+04,0.000000000000000000e+00,1.277768515197615251e+00,5.244197896177439588e+00,0.000000000000000000e+00,-3.595778202595127368e+04,3.504499460829191958e+04,0.000000000000000000e+00,1.277768515197492238e+00,5.244197896177021256e+00,0.000000000000000000e+00,-3.595778202595385665e+04,3.504499460830260068e+04,0.000000000000000000e+00,1.277768515197615029e+00,5.244197896177439588e+00,0.000000000000000000e+00
4.940000000000000000e+04,-3.582905027286743280e+04,3.556847798511129804e+04,0.000000000000000000e+00,1.296855137541023328e+00,5.225423245721536603e+00,0.000000000000000000e+00,-3.582905027286487893e+04,3.556847798510057328e+04,0.000000000000000000e+00,1.296855137540899428e+00,5.225423245721116494e+00,0.000000000000000000e+00,-3.582905027286745462e+04,3.556847798511127621e+04,0.000000000000000000e+00,1.296855137541023550e+00,5.225423245721533938e+00,0.000000000000000000e+00
4.950000000000000000e+04,-3.569841329714102903e+04,3.609006999530515168e+04,0.000000000000000000e+00,1.315872799145869187e+00,5.206370731504357252e+00,0.000000000000000000e+00,-3.569841329713846062e+04,3.609006999529434688e+04,0.000000000000000000e+00,1.315872799145741956e+00,5.206370731503942473e+00,0.000000000000000000e+00,-3.569841329714101448e+04,3.609006999530512257e+04,0.000000000000000000e+00,1.315872799145868965e+00,5.206370731504358140e+00,0.000000000000000000e+00
4.960000000000000000e+04,-3.556587804544268874e+04,3.660974290304130409e+04,0.000000000000000000e+00,1.334820488741149447e+00,5.187041366650220198e+00,0.000000000000000000e+00,-3.556587804544019309e+04,3.660974290303043381e+04,0.000000000000000000e+00,1.334820488741021105e+00,5.187041366649799201e+00,0.000000000000000000e+00,-3.556587804544273240e+04,3.660974290304123133e+04,0.000000000000000000e+00,1.334820488741149447e+00,5.187041366650213092e+00,0.000000000000000000e+00
4.970000000000000000e+04,-3.543145156538230367e+04,3.712746907452575397e+04,0.000000000000000000e+00,1.353697198776655952e+00,5.167436179005029828e+00,0.000000000000000000e+00,-3.543145156537977891e+04,3.712746907451497827e+04,0.000000000000000000e+00,1.353697198776525168e+00,5.167436179004617713e+00,0.000000000000000000e+00,-3.543145156538231095e+04,3.712746907452580490e+04,0.000000000000000000e+00,1.353697198776655286e+00,5.167436179005029828e+00,0.000000000000000000e+00
4.980000000000000000e+04,-3.529514100513618905e+04,3.764322097948333248e+04,0.000000000000000000e+00,1.372501925476537821e+00,5.147556211081713684e+00,0.000000000000000000e+00,-3.529514100513367157e+04,3.764322097947252041e+04,0.000000000000000000e+00,1.372501925476405926e+00,5.147556211081304234e+00,0.000000000000000000e+00,-3.529514100513617450e+04,3.764322097948341252e+04,0.000000000000000000e+00,1.372501925476538487e+00,5.147556211081713684e+00,0.000000000000000000e+00
4.990000000000000000e+04,-3.515695361306745326e+04,3.815697119262081105e+04,0.000000000000000000e+00,1.391233668892688513e+00,5.127402520004714859e+00,0.000000000000000000e+00,-3.515695361306494306e+04,3.815697119260994077e+04,0.000000000000000000e+00,1.391233668892554842e+00,5.127402520004307185e+00,0.000000000000000000e+00,-3.515695361306743871e+04,3.815697119262086198e+04,0.000000000000000000e+00,1.391233668892688957e+00,5.127402520004715747e+00,0.000000000000000000e+00
5.000000000000000000e+04,-3.501689673734037206e+04,3.866869239508581813e+04,0.000000000000000000e+00,1.409891432957912194e+00,5.106976177453802279e+00,0.000000000000000000e+00,-3.501689673733789823e+04,3.866869239507480961e+04,0.000000000000000000e+00,1.409891432957775859e+00,5.106976177453400823e+00,0.000000000000000000e+00,-3.501689673734036478e+04,3.866869239508578903e+04,0.000000000000000000e+00,1.409891432957912638e+00,5.106976177453805832e+00,0.000000000000000000e+00
5.010000000000000000e+04,-3.487497782552975696e+04,3.917835737591900397e+04,0.000000000000000000e+00,1.428474225538889364e+00,5.086278269607099389e+00,0.000000000000000000e+00,-3.487497782552729768e+04,3.917835737590806093e+04,0.000000000000000000e+00,1.428474225538751696e+00,5.086278269606699709e+00,0.000000000000000000e+00,-3.487497782552975696e+04,3.917835737591906218e+04,0.000000000000000000e+00,1.428474225538889808e+00,5.086278269607103830e+00,0.000000000000000000e+00
5.020000000000000000e+04,-3.473120442422485212e+04,3.968593903350178152e+04,0.000000000000000000e+00,1.446981058488939986e+00,5.065309897083302815e+00,0.000000000000000000e+00,-3.473120442422233464e+04,3.968593903349094035e+04,0.000000000000000000e+00,1.446981058488799876e+00,5.065309897082900470e+00,0.000000000000000000e+00,-3.473120442422478664e+04,3.968593903350196342e+04,0.000000000000000000e+00,1.446981058488939764e+00,5.065309897083303703e+00,0.000000000000000000e+00
5.030000000000000000e+04,-3.458558417862775968e+04,4.019141037699719891e+04,0.000000000000000000e+00,1.465410947700562794e+00,5.044072174883154958e+00,0.000000000000000000e+00,-3.458558417862535862e+04,4.019141037698618311e+04,0.000000000000000000e+00,1.465410947700420019e+00,5.044072174882757942e+00,0.000000000000000000e+00,-3.458558417862778879e+04,4.019141037699727167e+04,0.000000000000000000e+00,1.465410947700562794e+00,5.044072174883158510e+00,0.000000000000000000e+00
5.040000000000000000e+04,-3.443812483214779058e+04,4.069474452778440900e+04,0.000000000000000000e+00,1.483762913157765873e+00,5.022566232330191838e+00,0.000000000000000000e+00,-3.443812483214533131e+04,4.069474452777321858e+04,0.000000000000000000e+00,1.483762913157621544e+00,5.022566232329791269e+00,0.000000000000000000e+00,-3.443812483214775420e+04,4.069474452778432897e+04,0.000000000000000000e+00,1.483762913157765650e+00,5.022566232330190061e+00,0.000000000000000000e+00
5.050000000000000000e+04,-3.428883422598848119e+04,4.119591472088883165e+04,0.000000000000000000e+00,1.502035978988184084e+00,5.000793213010631177e+00,0.000000000000000000e+00,-3.428883422598605830e+04,4.119591472087748116e+04,0.000000000000000000e+00,1.502035978988038423e+00,5.000793213010234162e+00,0.000000000000000000e+00,-3.428883422598846664e+04,4.119591472088862065e+04,0.000000000000000000e+00,1.502035978988184084e+00,5.000793213010631177e+00,0.000000000000000000e+00
5.060000000000000000e+04,-3.413772029873158317e+04,4.169489430640486535e+04,0.000000000000000000e+00,1.520229173514968224e+00,4.978754274712613892e+00,0.000000000000000000e+00,-3.413772029872923304e+04,4.169489430639360944e+04,0.000000000000000000e+00,1.520229173514819676e+00,4.978754274712222205e+00,0.000000000000000000e+00,-3.413772029873161955e+04,4.169489430640479986e+04,0.000000000000000000e+00,1.520229173514967780e+00,4.978754274712615668e+00,0.000000000000000000e+00
5.070000000000000000e+04,-3.398479108591470867e+04,4.219165675091382582e+04,0.000000000000000000e+00,1.538341529308450362e+00,4.956450589364621351e+00,0.000000000000000000e+00,-3.398479108591231488e+04,4.219165675090261357e+04,0.000000000000000000e+00,1.538341529308300482e+00,4.956450589364229664e+00,0.000000000000000000e+00,-3.398479108591469412e+04,4.219165675091384037e+04,0.000000000000000000e+00,1.538341529308450140e+00,4.956450589364623127e+00,0.000000000000000000e+00
5.080000000000000000e+04,-3.383005471960359137e+04,4.268617563889396843e+04,0.000000000000000000e+00,1.556372083237596904e+00,4.933883342973146569e+00,0.000000000000000000e+00,-3.383005471960121940e+04,4.268617563888277073e+04,0.000000000000000000e+00,1.556372083237444359e+00,4.933883342972751329e+00,0.000000000000000000e+00,-3.383005471960356954e+04,4.268617563889405574e+04,0.000000000000000000e+00,1.556372083237596682e+00,4.933883342973140351e+00,0.000000000000000000e+00
5.090000000000000000e+04,-3.367351942796021467e+04,4.317842467412573751e+04,0.000000000000000000e+00,1.574319876521212080e+00,4.911053735559619327e+00,0.000000000000000000e+00,-3.367351942795790092e+04,4.317842467411427060e+04,0.000000000000000000e+00,1.574319876521058426e+00,4.911053735559232081e+00,0.000000000000000000e+00,-3.367351942796024377e+04,4.317842467412557016e+04,0.000000000000000000e+00,1.574319876521212302e+00,4.911053735559620215e+00,0.000000000000000000e+00
5.100000000000000000e+04,-3.351519353480514837e+04,4.366837768108886667e+04,0.000000000000000000e+00,1.592183954778932709e+00,4.887962981096649173e+00,0.000000000000000000e+00,-3.351519353480282007e+04,4.366837768107754528e+04,0.000000000000000000e+00,1.592183954778777277e+00,4.887962981096261927e+00,0.000000000000000000e+00,-3.351519353480514837e+04,4.366837768108886667e+04,0.000000000000000000e+00,1.592183954778932486e+00,4.887962981096648285e+00,0.000000000000000000e+00
5.110000000000000000e+04,-3.335508545917464653e+04,4.415600860635645222e+04,0.000000000000000000e+00,1.609963368081969826e+00,4.864612307443401562e+00,0.000000000000000000e+00,-3.335508545917231095e+04,4.415600860634515993e+04,0.000000000000000000e+00,1.609963368081811730e+00,4.864612307443017869e+00,0.000000000000000000e+00,-3.335508545917461015e+04,4.415600860635653953e+04,0.000000000000000000e+00,1.609963368081969382e+00,4.864612307443400674e+00,0.000000000000000000e+00
5.120000000000000000e+04,-3.319320371487317607e+04,4.464129151997866575e+04,0.000000000000000000e+00,1.627657171003621173e+00,4.841002956280355818e+00,0.000000000000000000e+00,-3.319320371487089869e+04,4.464129151996721339e+04,0.000000000000000000e+00,1.627657171003461745e+00,4.841002956279972125e+00,0.000000000000000000e+00,-3.319320371487319062e+04,4.464129151997861482e+04,0.000000000000000000e+00,1.627657171003620951e+00,4.841002956280353153e+00,0.000000000000000000e+00
5.130000000000000000e+04,-3.302955691002085223e+04,4.512420061686180998e+04,0.000000000000000000e+00,1.645264422669552751e+00,4.817136183043242426e+00,0.000000000000000000e+00,-3.302955691001859668e+04,4.512420061685015389e+04,0.000000000000000000e+00,1.645264422669390880e+00,4.817136183042868502e+00,0.000000000000000000e+00,-3.302955691002085950e+04,4.512420061686160625e+04,0.000000000000000000e+00,1.645264422669552751e+00,4.817136183043245978e+00,0.000000000000000000e+00
5.140000000000000000e+04,-3.286415374659543158e+04,4.560471021814050619e+04,0.000000000000000000e+00,1.662784186807819253e+00,4.793013256856340831e+00,0.000000000000000000e+00,-3.286415374659311783e+04,4.560471021812899562e+04,0.000000000000000000e+00,1.662784186807656273e+00,4.793013256855960691e+00,0.000000000000000000e+00,-3.286415374659536610e+04,4.560471021814047708e+04,0.000000000000000000e+00,1.662784186807819697e+00,4.793013256856336390e+00,0.000000000000000000e+00
5.150000000000000000e+04,-3.269700301996947383e+04,4.608279477254417725e+04,0.000000000000000000e+00,1.680215531798661566e+00,4.768635460464906828e+00,0.000000000000000000e+00,-3.269700301996720373e+04,4.608279477253280493e+04,0.000000000000000000e+00,1.680215531798496142e+00,4.768635460464529352e+00,0.000000000000000000e+00,-3.269700301996943745e+04,4.608279477254430822e+04,0.000000000000000000e+00,1.680215531798661122e+00,4.768635460464904163e+00,0.000000000000000000e+00
5.160000000000000000e+04,-3.252811361844307976e+04,4.655842885775503237e+04,0.000000000000000000e+00,1.697557530724036035e+00,4.744004090167042165e+00,0.000000000000000000e+00,-3.252811361844088606e+04,4.655842885774337628e+04,0.000000000000000000e+00,1.697557530723868613e+00,4.744004090166669130e+00,0.000000000000000000e+00,-3.252811361844309431e+04,4.655842885775493778e+04,0.000000000000000000e+00,1.697557530724036035e+00,4.744004090167041277e+00,0.000000000000000000e+00
5.170000000000000000e+04,-3.235749452277101227e+04,4.703158718175895046e+04,0.000000000000000000e+00,1.714809261416910147e+00,4.719120455744729270e+00,0.000000000000000000e+00,-3.235749452276885495e+04,4.703158718174708338e+04,0.000000000000000000e+00,1.714809261416740727e+00,4.719120455744358011e+00,0.000000000000000000e+00,-3.235749452277104865e+04,4.703158718175867398e+04,0.000000000000000000e+00,1.714809261416909925e+00,4.719120455744728382e+00,0.000000000000000000e+00
5.180000000000000000e+04,-3.218515480568516068e+04,4.750224458419135772e+04,0.000000000000000000e+00,1.731969806510297083e+00,4.693985880394183852e+00,0.000000000000000000e+00,-3.218515480568291241e+04,4.750224458417981077e+04,0.000000000000000000e+00,1.731969806510125665e+00,4.693985880393809929e+00,0.000000000000000000e+00,-3.218515480568509156e+04,4.750224458419143048e+04,0.000000000000000000e+00,1.731969806510296417e+00,4.693985880394177634e+00,0.000000000000000000e+00
5.190000000000000000e+04,-3.201110363141170819e+04,4.797037603767635301e+04,0.000000000000000000e+00,1.749038253486036254e+00,4.668601700655475639e+00,0.000000000000000000e+00,-3.201110363140953268e+04,4.797037603766483517e+04,0.000000000000000000e+00,1.749038253485863503e+00,4.668601700655113262e+00,0.000000000000000000e+00,-3.201110363141168273e+04,4.797037603767649853e+04,0.000000000000000000e+00,1.749038253486036698e+00,4.668601700655477416e+00,0.000000000000000000e+00
5.200000000000000000e+04,-3.183535025518466136e+04,4.843595664915535599e+04,0.000000000000000000e+00,1.766013694723319816e+00,4.642969266341520296e+00,0.000000000000000000e+00,-3.183535025518252587e+04,4.843595664914367080e+04,0.000000000000000000e+00,1.766013694723144845e+00,4.642969266341158807e+00,0.000000000000000000e+00,-3.183535025518466136e+04,4.843595664915534871e+04,0.000000000000000000e+00,1.766013694723319372e+00,4.642969266341521184e+00,0.000000000000000000e+00
5.210000000000000000e+04,-3.165790402275303495e+04,4.889896166121168062e+04,0.000000000000000000e+00,1.782895227546950956e+00,4.617089940466225784e+00,0.000000000000000000e+00,-3.165790402275091765e+04,4.889896166119977715e+04,0.000000000000000000e+00,1.782895227546773764e+00,4.617089940465863407e+00,0.000000000000000000e+00,-3.165790402275301676e+04,4.889896166121150600e+04,0.000000000000000000e+00,1.782895227546950956e+00,4.617089940466222231e+00,0.000000000000000000e+00
5.220000000000000000e+04,-3.147877436988404952e+04,4.935936645338661037e+04,0.000000000000000000e+00,1.799681954275346385e+00,4.590965099172052533e+00,0.000000000000000000e+00,-3.147877436988196132e+04,4.935936645337504160e+04,0.000000000000000000e+00,1.799681954275168305e+00,4.590965099171692820e+00,0.000000000000000000e+00,-3.147877436988403861e+04,4.935936645338679955e+04,0.000000000000000000e+00,1.799681954275347051e+00,4.590965099172049868e+00,0.000000000000000000e+00
5.230000000000000000e+04,-3.129797082186141051e+04,4.981714654349093325e+04,0.000000000000000000e+00,1.816372982268275038e+00,4.564596131656838196e+00,0.000000000000000000e+00,-3.129797082185939507e+04,4.981714654347898613e+04,0.000000000000000000e+00,1.816372982268094738e+00,4.564596131656482925e+00,0.000000000000000000e+00,-3.129797082186145781e+04,4.981714654349077318e+04,0.000000000000000000e+00,1.816372982268275038e+00,4.564596131656838196e+00,0.000000000000000000e+00
5.240000000000000000e+04,-3.111550299297898891e+04,5.027227758890273981e+04,0.000000000000000000e+00,1.832967423974317001e+00,4.537984440099922523e+00,0.000000000000000000e+00,-3.111550299297694801e+04,5.027227758889060351e+04,0.000000000000000000e+00,1.832967423974133592e+00,4.537984440099569916e+00,0.000000000000000000e+00,-3.111550299297898891e+04,5.027227758890244877e+04,0.000000000000000000e+00,1.832967423974316334e+00,4.537984440099921635e+00,0.000000000000000000e+00
5.250000000000000000e+04,-3.093138058602911769e+04,5.072473538786475547e+04,0.000000000000000000e+00,1.849464396978060421e+00,4.511131439587579450e+00,0.000000000000000000e+00,-3.093138058602707679e+04,5.072473538785279379e+04,0.000000000000000000e+00,1.849464396977876346e+00,4.511131439587226843e+00,0.000000000000000000e+00,-3.093138058602909950e+04,5.072473538786465360e+04,0.000000000000000000e+00,1.849464396978060421e+00,4.511131439587575898e+00,0.000000000000000000e+00
5.260000000000000000e+04,-3.074561339178698836e+04,5.117449588077119552e+04,0.000000000000000000e+00,1.865863024047033747e+00,4.484038558037767075e+00,0.000000000000000000e+00,-3.074561339178501657e+04,5.117449588075929205e+04,0.000000000000000000e+00,1.865863024046847674e+00,4.484038558037418021e+00,0.000000000000000000e+00,-3.074561339178702110e+04,5.117449588077118096e+04,0.000000000000000000e+00,1.865863024047033303e+00,4.484038558037765299e+00,0.000000000000000000e+00
5.270000000000000000e+04,-3.055821128849015804e+04,5.162153515144577250e+04,0.000000000000000000e+00,1.882162433178341310e+00,4.456707236124213267e+00,0.000000000000000000e+00,-3.055821128848816807e+04,5.162153515143405821e+04,0.000000000000000000e+00,1.882162433178152794e+00,4.456707236123867766e+00,0.000000000000000000e+00,-3.055821128849013985e+04,5.162153515144600533e+04,0.000000000000000000e+00,1.882162433178340866e+00,4.456707236124212379e+00,0.000000000000000000e+00
5.280000000000000000e+04,-3.036918424131273059e+04,5.206582942841504700e+04,0.000000000000000000e+00,1.898361757645035119e+00,4.429138927199801401e+00,0.000000000000000000e+00,-3.036918424131079882e+04,5.206582942840303440e+04,0.000000000000000000e+00,1.898361757644846159e+00,4.429138927199454123e+00,0.000000000000000000e+00,-3.036918424131274878e+04,5.206582942841500335e+04,0.000000000000000000e+00,1.898361757645035786e+00,4.429138927199796072e+00,0.000000000000000000e+00
5.290000000000000000e+04,-3.017854230183607433e+04,5.250735508617036976e+04,0.000000000000000000e+00,1.914460136042213989e+00,4.401335097219263304e+00,0.000000000000000000e+00,-3.017854230183415712e+04,5.250735508615816798e+04,0.000000000000000000e+00,1.914460136042020810e+00,4.401335097218923131e+00,0.000000000000000000e+00,-3.017854230183607433e+04,5.250735508617018786e+04,0.000000000000000000e+00,1.914460136042213101e+00,4.401335097219260639e+00,0.000000000000000000e+00
5.300000000000000000e+04,-2.998629560751389363e+04,5.294608864642563276e+04,0.000000000000000000e+00,1.930456712332807356e+00,4.373297224661271798e+00,0.000000000000000000e+00,-2.998629560751196914e+04,5.294608864641374385e+04,0.000000000000000000e+00,1.930456712332613289e+00,4.373297224660938731e+00,0.000000000000000000e+00,-2.998629560751387180e+04,5.294608864642577828e+04,0.000000000000000000e+00,1.930456712332806912e+00,4.373297224661274463e+00,0.000000000000000000e+00
5.310000000000000000e+04,-2.979245438113322598e+04,5.338200677936710417e+04,0.000000000000000000e+00,1.946350635893118408e+00,4.345026800449794280e+00,0.000000000000000000e+00,-2.979245438113137789e+04,5.338200677935482963e+04,0.000000000000000000e+00,1.946350635892923009e+00,4.345026800449462101e+00,0.000000000000000000e+00,-2.979245438113326236e+04,5.338200677936689317e+04,0.000000000000000000e+00,1.946350635893118186e+00,4.345026800449794280e+00,0.000000000000000000e+00
5.320000000000000000e+04,-2.959702893027118989e+04,5.381508630488975905e+04,0.000000000000000000e+00,1.962141061558043020e+00,4.316525327874799700e+00,0.000000000000000000e+00,-2.959702893026934908e+04,5.381508630487785558e+04,0.000000000000000000e+00,1.962141061557845845e+00,4.316525327874471074e+00,0.000000000000000000e+00,-2.959702893027120444e+04,5.381508630488997733e+04,0.000000000000000000e+00,1.962141061558043686e+00,4.316525327874799700e+00,0.000000000000000000e+00
5.330000000000000000e+04,-2.940002964674643590e+04,5.424530419383523986e+04,0.000000000000000000e+00,1.977827149666015139e+00,4.287794322512354483e+00,0.000000000000000000e+00,-2.940002964674454779e+04,5.424530419382324180e+04,0.000000000000000000e+00,1.977827149665815964e+00,4.287794322512027634e+00,0.000000000000000000e+00,-2.940002964674638133e+04,5.424530419383538538e+04,0.000000000000000000e+00,1.977827149666015139e+00,4.287794322512354483e+00,0.000000000000000000e+00
5.340000000000000000e+04,-2.920146700606661034e+04,5.467263756921212189e+04,0.000000000000000000e+00,1.993408066103653731e+00,4.258835312144004348e+00,0.000000000000000000e+00,-2.920146700606475497e+04,5.467263756919992738e+04,0.000000000000000000e+00,1.993408066103453891e+00,4.258835312143679275e+00,0.000000000000000000e+00,-2.920146700606657032e+04,5.467263756921209279e+04,0.000000000000000000e+00,1.993408066103654397e+00,4.258835312144003460e+00,0.000000000000000000e+00
5.350000000000000000e+04,-2.900135156687162817e+04,5.509706370741431601e+04,0.000000000000000000e+00,2.008882982350126412e+00,4.229649836675537955e+00,0.000000000000000000e+00,-2.900135156686983464e+04,5.509706370740192506e+04,0.000000000000000000e+00,2.008882982349921686e+00,4.229649836675220875e+00,0.000000000000000000e+00,-2.900135156687161725e+04,5.509706370741414139e+04,0.000000000000000000e+00,2.008882982350125079e+00,4.229649836675540620e+00,0.000000000000000000e+00
5.360000000000000000e+04,-2.879969397037208546e+04,5.551856003942899406e+04,0.000000000000000000e+00,2.024251075521185328e+00,4.200239448055132385e+00,0.000000000000000000e+00,-2.879969397037026647e+04,5.551856003941662493e+04,0.000000000000000000e+00,2.024251075520980159e+00,4.200239448054812641e+00,0.000000000000000000e+00,-2.879969397037203453e+04,5.551856003942885582e+04,0.000000000000000000e+00,2.024251075521184884e+00,4.200239448055130609e+00,0.000000000000000000e+00
5.370000000000000000e+04,-2.859650493978307350e+04,5.593710415203706361e+04,0.000000000000000000e+00,2.039511528412952579e+00,4.170605710190766757e+00,0.000000000000000000e+00,-2.859650493978131271e+04,5.593710415202489821e+04,0.000000000000000000e+00,2.039511528412745189e+00,4.170605710190451454e+00,0.000000000000000000e+00,-2.859650493978304803e+04,5.593710415203718003e+04,0.000000000000000000e+00,2.039511528412952135e+00,4.170605710190764981e+00,0.000000000000000000e+00
5.380000000000000000e+04,-2.839179527975455858e+04,5.635267378900526091e+04,0.000000000000000000e+00,2.054663529545351253e+00,4.140750198867124254e+00,0.000000000000000000e+00,-2.839179527975277597e+04,5.635267378899296455e+04,0.000000000000000000e+00,2.054663529545142975e+00,4.140750198866811616e+00,0.000000000000000000e+00,-2.839179527975449309e+04,5.635267378900526819e+04,0.000000000000000000e+00,2.054663529545351253e+00,4.140750198867122478e+00,0.000000000000000000e+00
5.390000000000000000e+04,-2.818557587579617393e+04,5.676524685226846486e+04,0.000000000000000000e+00,2.069706273205270897e+00,4.110674501661758740e+00,0.000000000000000000e+00,-2.818557587579448955e+04,5.676524685225585563e+04,0.000000000000000000e+00,2.069706273205061731e+00,4.110674501661449654e+00,0.000000000000000000e+00,-2.818557587579618848e+04,5.676524685226818110e+04,0.000000000000000000e+00,2.069706273205271341e+00,4.110674501661757851e+00,0.000000000000000000e+00
5.400000000000000000e+04,-2.797785769369910122e+04,5.717480140310479328e+04,0.000000000000000000e+00,2.084638959489407029e+00,4.080380217860685832e+00,0.000000000000000000e+00,-2.797785769369746049e+04,5.717480140309248236e+04,0.000000000000000000e+00,2.084638959489194754e+00,4.080380217860385628e+00,0.000000000000000000e+00,-2.797785769369913396e+04,5.717480140310485876e+04,0.000000000000000000e+00,2.084638959489407029e+00,4.080380217860689385e+00,0.000000000000000000e+00
5.410000000000000000e+04,-2.776865177895245142e+04,5.758131566330464557e+04,0.000000000000000000e+00,2.099460794346789783e+00,4.049868958373366468e+00,0.000000000000000000e+00,-2.776865177895076340e+04,5.758131566329223278e+04,0.000000000000000000e+00,2.099460794346576176e+00,4.049868958373061822e+00,0.000000000000000000e+00,-2.776865177895241504e+04,5.758131566330463829e+04,0.000000000000000000e+00,2.099460794346789783e+00,4.049868958373362915e+00,0.000000000000000000e+00
5.420000000000000000e+04,-2.755796925615580403e+04,5.798476801632554270e+04,0.000000000000000000e+00,2.114170989621019459e+00,4.019142345646979919e+00,0.000000000000000000e+00,-2.755796925615418513e+04,5.798476801631305716e+04,0.000000000000000000e+00,2.114170989620803631e+00,4.019142345646678827e+00,0.000000000000000000e+00,-2.755796925615581495e+04,5.798476801632548450e+04,0.000000000000000000e+00,2.114170989621019014e+00,4.019142345646977255e+00,0.000000000000000000e+00
5.430000000000000000e+04,-2.734582132842825376e+04,5.838513700844324194e+04,0.000000000000000000e+00,2.128768763092168115e+00,3.988202013580224303e+00,0.000000000000000000e+00,-2.734582132842668580e+04,5.838513700843092374e+04,0.000000000000000000e+00,2.128768763091951399e+00,3.988202013579924543e+00,0.000000000000000000e+00,-2.734582132842828651e+04,5.838513700844339473e+04,0.000000000000000000e+00,2.128768763092168559e+00,3.988202013580218974e+00,0.000000000000000000e+00
5.440000000000000000e+04,-2.713221927681224770e+04,5.878240134989330545e+04,0.000000000000000000e+00,2.143253338518380957e+00,3.957049607436385230e+00,0.000000000000000000e+00,-2.713221927681065426e+04,5.878240134988061618e+04,0.000000000000000000e+00,2.143253338518162465e+00,3.957049607436089467e+00,0.000000000000000000e+00,-2.713221927681223315e+04,5.878240134989310172e+04,0.000000000000000000e+00,2.143253338518380513e+00,3.957049607436381677e+00,0.000000000000000000e+00
5.450000000000000000e+04,-2.691717445967358071e+04,5.917653991600056179e+04,0.000000000000000000e+00,2.157623945677146438e+00,3.925686783755864440e+00,0.000000000000000000e+00,-2.691717445967204185e+04,5.917653991598782886e+04,0.000000000000000000e+00,2.157623945676925725e+00,3.925686783755579778e+00,0.000000000000000000e+00,-2.691717445967358799e+04,5.917653991600035806e+04,0.000000000000000000e+00,2.157623945677146438e+00,3.925686783755867548e+00,0.000000000000000000e+00
5.460000000000000000e+04,-2.670069831209795666e+04,5.956753174830507487e+04,0.000000000000000000e+00,2.171879820406257267e+00,3.894115210268115135e+00,0.000000000000000000e+00,-2.670069831209637778e+04,5.956753174829249474e+04,0.000000000000000000e+00,2.171879820406035666e+00,3.894115210267829141e+00,0.000000000000000000e+00,-2.670069831209790209e+04,5.956753174830503849e+04,0.000000000000000000e+00,2.171879820406257711e+00,3.894115210268114247e+00,0.000000000000000000e+00
5.470000000000000000e+04,-2.648280234528222354e+04,5.995535605567600578e+04,0.000000000000000000e+00,2.186020204644448128e+00,3.862336565802902300e+00,0.000000000000000000e+00,-2.648280234528069923e+04,5.995535605566324375e+04,0.000000000000000000e+00,2.186020204644224307e+00,3.862336565802617638e+00,0.000000000000000000e+00,-2.648280234528220171e+04,5.995535605567580933e+04,0.000000000000000000e+00,2.186020204644448128e+00,3.862336565802900523e+00,0.000000000000000000e+00
5.480000000000000000e+04,-2.626349814592290204e+04,6.033999221541546285e+04,0.000000000000000000e+00,2.200044346471698553e+00,3.830352540201076295e+00,0.000000000000000000e+00,-2.626349814592143957e+04,6.033999221540299186e+04,0.000000000000000000e+00,2.200044346471471179e+00,3.830352540200798739e+00,0.000000000000000000e+00,-2.626349814592290932e+04,6.033999221541560837e+04,0.000000000000000000e+00,2.200044346471697665e+00,3.830352540201077183e+00,0.000000000000000000e+00
5.490000000000000000e+04,-2.604279737559976638e+04,6.072141977435816079e+04,0.000000000000000000e+00,2.213951500149217821e+00,3.798164834224717623e+00,0.000000000000000000e+00,-2.604279737559831119e+04,6.072141977434555156e+04,0.000000000000000000e+00,2.213951500148989560e+00,3.798164834224443176e+00,0.000000000000000000e+00,-2.604279737559976274e+04,6.072141977435817535e+04,0.000000000000000000e+00,2.213951500149216933e+00,3.798164834224719399e+00,0.000000000000000000e+00
5.500000000000000000e+04,-2.582071177015564172e+04,6.109961844995594583e+04,0.000000000000000000e+00,2.227740926159106571e+00,3.765775159466670630e+00,0.000000000000000000e+00,-2.582071177015419016e+04,6.109961844994322746e+04,0.000000000000000000e+00,2.227740926158877866e+00,3.765775159466396627e+00,0.000000000000000000e+00,-2.582071177015560534e+04,6.109961844995589490e+04,0.000000000000000000e+00,2.227740926159107016e+00,3.765775159466667965e+00,0.000000000000000000e+00
5.510000000000000000e+04,-2.559725313907247619e+04,6.147456813135812990e+04,0.000000000000000000e+00,2.241411891243676457e+00,3.733185238259540739e+00,0.000000000000000000e+00,-2.559725313907105010e+04,6.147456813134536060e+04,0.000000000000000000e+00,2.241411891243446419e+00,3.733185238259268957e+00,0.000000000000000000e+00,-2.559725313907246164e+04,6.147456813135802804e+04,0.000000000000000000e+00,2.241411891243676457e+00,3.733185238259540295e+00,0.000000000000000000e+00
5.520000000000000000e+04,-2.537243336484336760e+04,6.184624888048041612e+04,0.000000000000000000e+00,2.254963668444441183e+00,3.700396803584109051e+00,0.000000000000000000e+00,-2.537243336484200699e+04,6.184624888046774140e+04,0.000000000000000000e+00,2.254963668444208480e+00,3.700396803583847039e+00,0.000000000000000000e+00,-2.537243336484338215e+04,6.184624888048045250e+04,0.000000000000000000e+00,2.254963668444440739e+00,3.700396803584113492e+00,0.000000000000000000e+00
5.530000000000000000e+04,-2.514626440234074835e+04,6.221464093306567520e+04,0.000000000000000000e+00,2.268395537140769136e+00,3.667411598977206921e+00,0.000000000000000000e+00,-2.514626440233944595e+04,6.221464093305278948e+04,0.000000000000000000e+00,2.268395537140534213e+00,3.667411598976941800e+00,0.000000000000000000e+00,-2.514626440234078837e+04,6.221464093306553696e+04,0.000000000000000000e+00,2.268395537140768692e+00,3.667411598977203813e+00,0.000000000000000000e+00
5.540000000000000000e+04,-2.491875827818069956e+04,6.257972469973308034e+04,0.000000000000000000e+00,2.281706783088208290e+00,3.634231378438940396e+00,0.000000000000000000e+00,-2.491875827817933168e+04,6.257972469972056570e+04,0.000000000000000000e+00,2.281706783087973367e+00,3.634231378438677496e+00,0.000000000000000000e+00,-2.491875827818066318e+04,6.257972469973331317e+04,0.000000000000000000e+00,2.281706783088208734e+00,3.634231378438939064e+00,0.000000000000000000e+00
5.550000000000000000e+04,-2.468992709008295787e+04,6.294148076702305116e+04,0.000000000000000000e+00,2.294896698456470929e+00,3.600857906339474113e+00,0.000000000000000000e+00,-2.468992709008167003e+04,6.294148076701040554e+04,0.000000000000000000e+00,2.294896698456233342e+00,3.600857906339219205e+00,0.000000000000000000e+00,-2.468992709008296515e+04,6.294148076702318212e+04,0.000000000000000000e+00,2.294896698456470929e+00,3.600857906339476333e+00,0.000000000000000000e+00
5.560000000000000000e+04,-2.445978300622850657e+04,6.329988989842589945e+04,0.000000000000000000e+00,2.307964581867057774e+00,3.567292957325211233e+00,0.000000000000000000e+00,-2.445978300622722600e+04,6.329988989841326838e+04,0.000000000000000000e+00,2.307964581866818410e+00,3.567292957324954550e+00,0.000000000000000000e+00,-2.445978300622848474e+04,6.329988989842608862e+04,0.000000000000000000e+00,2.307964581867058218e+00,3.567292957325207237e+00,0.000000000000000000e+00
5.570000000000000000e+04,-2.422833826461163699e+04,6.365493303540744819e+04,0.000000000000000000e+00,2.320909738430568581e+00,3.533538316224372977e+00,0.000000000000000000e+00,-2.422833826461046556e+04,6.365493303539463523e+04,0.000000000000000000e+00,2.320909738430325664e+00,3.533538316224124287e+00,0.000000000000000000e+00,-2.422833826461169156e+04,6.365493303540749912e+04,0.000000000000000000e+00,2.320909738430568137e+00,3.533538316224372089e+00,0.000000000000000000e+00
5.580000000000000000e+04,-2.399560517239003093e+04,6.400659129842068069e+04,0.000000000000000000e+00,2.333731479783641483e+00,3.499595777952162479e+00,0.000000000000000000e+00,-2.399560517238880493e+04,6.400659129840794049e+04,0.000000000000000000e+00,2.333731479783397678e+00,3.499595777951914233e+00,0.000000000000000000e+00,-2.399560517239002002e+04,6.400659129842080438e+04,0.000000000000000000e+00,2.333731479783641038e+00,3.499595777952161146e+00,0.000000000000000000e+00
5.590000000000000000e+04,-2.376159610522937146e+04,6.435484598791133612e+04,0.000000000000000000e+00,2.346429124125569032e+00,3.465467147415253635e+00,0.000000000000000000e+00,-2.376159610522816001e+04,6.435484598789853044e+04,0.000000000000000000e+00,2.346429124125324339e+00,3.465467147415010274e+00,0.000000000000000000e+00,-2.376159610522934236e+04,6.435484598791142344e+04,0.000000000000000000e+00,2.346429124125569476e+00,3.465467147415252747e+00,0.000000000000000000e+00
5.600000000000000000e+04,-2.352632350664609112e+04,6.469967858531069942e+04,0.000000000000000000e+00,2.359001996254547429e+00,3.431154239415857177e+00,0.000000000000000000e+00,-2.352632350664487967e+04,6.469967858529797377e+04,0.000000000000000000e+00,2.359001996254299183e+00,3.431154239415620921e+00,0.000000000000000000e+00,-2.352632350664602563e+04,6.469967858531090315e+04,0.000000000000000000e+00,2.359001996254546540e+00,3.431154239415858509e+00,0.000000000000000000e+00
5.610000000000000000e+04,-2.328979988734520157e+04,6.504107075402163900e+04,0.000000000000000000e+00,2.371449427603571358e+00,3.396658878555211203e+00,0.000000000000000000e+00,-2.328979988734404469e+04,6.504107075400883332e+04,0.000000000000000000e+00,2.371449427603322224e+00,3.396658878554975391e+00,0.000000000000000000e+00,-2.328979988734518702e+04,6.504107075402175542e+04,0.000000000000000000e+00,2.371449427603570470e+00,3.396658878555212091e+00,0.000000000000000000e+00
5.620000000000000000e+04,-2.305203782455527107e+04,6.537900434039277025e+04,0.000000000000000000e+00,2.383770756276003766e+00,3.361982899136531699e+00,0.000000000000000000e+00,-2.305203782455422333e+04,6.537900434037969535e+04,0.000000000000000000e+00,2.383770756275753300e+00,3.361982899136299441e+00,0.000000000000000000e+00,-2.305203782455532564e+04,6.537900434039265383e+04,0.000000000000000000e+00,2.383770756276003766e+00,3.361982899136531255e+00,0.000000000000000000e+00
5.630000000000000000e+04,-2.281304996135973488e+04,6.571346137468330562e+04,0.000000000000000000e+00,2.395965327080758378e+00,3.327128145067504761e+00,0.000000000000000000e+00,-2.281304996135864712e+04,6.571346137467051449e+04,0.000000000000000000e+00,2.395965327080506579e+00,3.327128145067275167e+00,0.000000000000000000e+00,-2.281304996135971305e+04,6.571346137468350935e+04,0.000000000000000000e+00,2.395965327080759266e+00,3.327128145067502540e+00,0.000000000000000000e+00
5.640000000000000000e+04,-2.257284900602401467e+04,6.604442407202115282e+04,0.000000000000000000e+00,2.408032491567144717e+00,3.292096469762217481e+00,0.000000000000000000e+00,-2.257284900602293419e+04,6.604442407200814341e+04,0.000000000000000000e+00,2.408032491566892030e+00,3.292096469761991884e+00,0.000000000000000000e+00,-2.257284900602399284e+04,6.604442407202115282e+04,0.000000000000000000e+00,2.408032491567145605e+00,3.292096469762217925e+00,0.000000000000000000e+00
5.650000000000000000e+04,-2.233144773132033879e+04,6.637187483334494755e+04,0.000000000000000000e+00,2.419971608059352519e+00,3.256889736042609229e+00,0.000000000000000000e+00,-2.233144773131931652e+04,6.637187483333208365e+04,0.000000000000000000e+00,2.419971608059096280e+00,3.256889736042388517e+00,0.000000000000000000e+00,-2.233144773132033151e+04,6.637187483334512217e+04,0.000000000000000000e+00,2.419971608059352075e+00,3.256889736042609673e+00,0.000000000000000000e+00
5.660000000000000000e+04,-2.208885897384837153e+04,6.669579624634305947e+04,0.000000000000000000e+00,2.431782041690562224e+00,3.221509816039414886e+00,0.000000000000000000e+00,-2.208885897384742566e+04,6.669579624633026833e+04,0.000000000000000000e+00,2.431782041690303320e+00,3.221509816039198171e+00,0.000000000000000000e+00,-2.208885897384840791e+04,6.669579624634333595e+04,0.000000000000000000e+00,2.431782041690561336e+00,3.221509816039414442e+00,0.000000000000000000e+00
5.670000000000000000e+04,-2.184509563335269922e+04,6.701617108637816273e+04,0.000000000000000000e+00,2.443463164436713519e+00,3.185958591092610703e+00,0.000000000000000000e+00,-2.184509563335173516e+04,6.701617108636502235e+04,0.000000000000000000e+00,2.443463164436455948e+00,3.185958591092397985e+00,0.000000000000000000e+00,-2.184509563335270650e+04,6.701617108637808997e+04,0.000000000000000000e+00,2.443463164436714408e+00,3.185958591092612924e+00,0.000000000000000000e+00
5.680000000000000000e+04,-2.160017067203656188e+04,6.733298231740202755e+04,0.000000000000000000e+00,2.455014355149908845e+00,3.150237951651376989e+00,0.000000000000000000e+00,-2.160017067203558327e+04,6.733298231738893082e+04,0.000000000000000000e+00,2.455014355149649052e+00,3.150237951651165602e+00,0.000000000000000000e+00,-2.160017067203651823e+04,6.733298231740202755e+04,0.000000000000000000e+00,2.455014355149909289e+00,3.150237951651376100e+00,0.000000000000000000e+00
5.690000000000000000e+04,-2.135409711387279094e+04,6.764621309286402538e+04,0.000000000000000000e+00,2.466434999591421651e+00,3.114349797173563417e+00,0.000000000000000000e+00,-2.135409711387191055e+04,6.764621309285079769e+04,0.000000000000000000e+00,2.466434999591159638e+00,3.114349797173356471e+00,0.000000000000000000e+00,-2.135409711387281277e+04,6.764621309286392352e+04,0.000000000000000000e+00,2.466434999591422095e+00,3.114349797173561640e+00,0.000000000000000000e+00
5.700000000000000000e+04,-2.110688804391157464e+04,6.795584675660473295e+04,0.000000000000000000e+00,2.477724490464375151e+00,3.078296036024699589e+00,0.000000000000000000e+00,-2.110688804391072335e+04,6.795584675659144705e+04,0.000000000000000000e+00,2.477724490464111362e+00,3.078296036024497528e+00,0.000000000000000000e+00,-2.110688804391158192e+04,6.795584675660460198e+04,0.000000000000000000e+00,2.477724490464375151e+00,3.078296036024697369e+00,0.000000000000000000e+00
5.710000000000000000e+04,-2.085855660758409067e+04,6.826186684374231845e+04,0.000000000000000000e+00,2.488882227446027606e+00,3.042078585376508215e+00,0.000000000000000000e+00,-2.085855660758325394e+04,6.826186684372938180e+04,0.000000000000000000e+00,2.488882227445763373e+00,3.042078585376311040e+00,0.000000000000000000e+00,-2.085855660758410522e+04,6.826186684374253673e+04,0.000000000000000000e+00,2.488882227446028050e+00,3.042078585376509992e+00,0.000000000000000000e+00
5.720000000000000000e+04,-2.060911601000383962e+04,6.856425708154938184e+04,0.000000000000000000e+00,2.499907617219704115e+00,3.005699371104963546e+00,0.000000000000000000e+00,-2.060911601000299197e+04,6.856425708153637243e+04,0.000000000000000000e+00,2.499907617219437661e+00,3.005699371104766371e+00,0.000000000000000000e+00,-2.060911601000380688e+04,6.856425708154955646e+04,0.000000000000000000e+00,2.499907617219704559e+00,3.005699371104959994e+00,0.000000000000000000e+00
5.730000000000000000e+04,-2.035857951526422403e+04,6.886300139031605795e+04,0.000000000000000000e+00,2.510800073506336716e+00,2.969160327687863088e+00,0.000000000000000000e+00,-2.035857951526346005e+04,6.886300139030271384e+04,0.000000000000000000e+00,2.510800073506066710e+00,2.969160327687672574e+00,0.000000000000000000e+00,-2.035857951526423858e+04,6.886300139031592698e+04,0.000000000000000000e+00,2.510800073506335384e+00,2.969160327687861312e+00,0.000000000000000000e+00
5.740000000000000000e+04,-2.010696044573368272e+04,6.915808388420566916e+04,0.000000000000000000e+00,2.521559017095635902e+00,2.932463398101997853e+00,0.000000000000000000e+00,-2.010696044573291147e+04,6.915808388419228140e+04,0.000000000000000000e+00,2.521559017095367228e+00,2.932463398101810004e+00,0.000000000000000000e+00,-2.010696044573368272e+04,6.915808388420549454e+04,0.000000000000000000e+00,2.521559017095636346e+00,2.932463398101997409e+00,0.000000000000000000e+00
5.750000000000000000e+04,-1.985427218134660507e+04,6.944948887210036628e+04,0.000000000000000000e+00,2.532183875876914847e+00,2.895610533719796820e+00,0.000000000000000000e+00,-1.985427218134590657e+04,6.944948887208731321e+04,0.000000000000000000e+00,2.532183875876643064e+00,2.895610533719613855e+00,0.000000000000000000e+00,-1.985427218134664508e+04,6.944948887210055545e+04,0.000000000000000000e+00,2.532183875876913959e+00,2.895610533719795932e+00,0.000000000000000000e+00
5.760000000000000000e+04,-1.960052815889246995e+04,6.973720085843605921e+04,0.000000000000000000e+00,2.542674084869477547e+00,2.858603694205584134e+00,0.000000000000000000e+00,-1.960052815889182602e+04,6.973720085842270055e+04,0.000000000000000000e+00,2.542674084869205320e+00,2.858603694205407386e+00,0.000000000000000000e+00,-1.960052815889252815e+04,6.973720085843598645e+04,0.000000000000000000e+00,2.542674084869477547e+00,2.858603694205584134e+00,0.000000000000000000e+00
5.770000000000000000e+04,-1.934574187130111386e+04,7.002120454402337782e+04,0.000000000000000000e+00,2.553029086252688984e+00,2.821444847411374468e+00,0.000000000000000000e+00,-1.934574187130036444e+04,7.002120454401007737e+04,0.000000000000000000e+00,2.553029086252416313e+00,2.821444847411197721e+00,0.000000000000000000e+00,-1.934574187130105929e+04,7.002120454402334872e+04,0.000000000000000000e+00,2.553029086252689428e+00,2.821444847411374024e+00,0.000000000000000000e+00
5.780000000000000000e+04,-1.908992686692468124e+04,7.030148482686444186e+04,0.000000000000000000e+00,2.563248329395626079e+00,2.784135969272206523e+00,0.000000000000000000e+00,-1.908992686692404095e+04,7.030148482685125782e+04,0.000000000000000000e+00,2.563248329395352076e+00,2.784135969272033329e+00,0.000000000000000000e+00,-1.908992686692469942e+04,7.030148482686454372e+04,0.000000000000000000e+00,2.563248329395626524e+00,2.784135969272204303e+00,0.000000000000000000e+00
5.790000000000000000e+04,-1.883309674881841056e+04,7.057802680295449682e+04,0.000000000000000000e+00,2.573331270886357380e+00,2.746679043701099943e+00,0.000000000000000000e+00,-1.883309674881775936e+04,7.057802680294134188e+04,0.000000000000000000e+00,2.573331270886080713e+00,2.746679043700933409e+00,0.000000000000000000e+00,-1.883309674881837782e+04,7.057802680295465689e+04,0.000000000000000000e+00,2.573331270886356936e+00,2.746679043701099054e+00,0.000000000000000000e+00
5.800000000000000000e+04,-1.857526517401603633e+04,7.085081576707446948e+04,0.000000000000000000e+00,2.583277374560837281e+00,2.709076062483561032e+00,0.000000000000000000e+00,-1.857526517401545789e+04,7.085081576706125634e+04,0.000000000000000000e+00,2.583277374560560613e+00,2.709076062483392722e+00,0.000000000000000000e+00,-1.857526517401606543e+04,7.085081576707457134e+04,0.000000000000000000e+00,2.583277374560837725e+00,2.709076062483557923e+00,0.000000000000000000e+00
5.810000000000000000e+04,-1.831644585280449246e+04,7.111983721357327886e+04,0.000000000000000000e+00,2.593086111531429871e+00,2.671329025171626625e+00,0.000000000000000000e+00,-1.831644585280389583e+04,7.111983721355970192e+04,0.000000000000000000e+00,2.593086111531150983e+00,2.671329025171468086e+00,0.000000000000000000e+00,-1.831644585280446699e+04,7.111983721357304603e+04,0.000000000000000000e+00,2.593086111531429871e+00,2.671329025171627070e+00,0.000000000000000000e+00
5.820000000000000000e+04,-1.805665254799413378e+04,7.138507683713757433e+04,0.000000000000000000e+00,2.602756960215014459e+00,2.633439938977605976e+00,0.000000000000000000e+00,-1.805665254799360991e+04,7.138507683712443395e+04,0.000000000000000000e+00,2.602756960214733351e+00,2.633439938977449657e+00,0.000000000000000000e+00,-1.805665254799414106e+04,7.138507683713779261e+04,0.000000000000000000e+00,2.602756960215014015e+00,2.633439938977603312e+00,0.000000000000000000e+00
5.830000000000000000e+04,-1.779589907418758958e+04,7.164652053355635144e+04,0.000000000000000000e+00,2.612289406360730482e+00,2.595410818667282626e+00,0.000000000000000000e+00,-1.779589907418705843e+04,7.164652053354303644e+04,0.000000000000000000e+00,2.612289406360449373e+00,2.595410818667128972e+00,0.000000000000000000e+00,-1.779589907418758230e+04,7.164652053355639509e+04,0.000000000000000000e+00,2.612289406360730482e+00,2.595410818667281738e+00,0.000000000000000000e+00
5.840000000000000000e+04,-1.753419929704448441e+04,7.190415440046624281e+04,0.000000000000000000e+00,2.621682943077329853e+00,2.557243686452807196e+00,0.000000000000000000e+00,-1.753419929704403330e+04,7.190415440045289870e+04,0.000000000000000000e+00,2.621682943077045191e+00,2.557243686452661979e+00,0.000000000000000000e+00,-1.753419929704451715e+04,7.190415440046628646e+04,0.000000000000000000e+00,2.621682943077328520e+00,2.557243686452808973e+00,0.000000000000000000e+00
5.850000000000000000e+04,-1.727156713254482020e+04,7.215796473809378222e+04,0.000000000000000000e+00,2.630937070860110971e+00,2.518940571885178059e+00,0.000000000000000000e+00,-1.727156713254434726e+04,7.215796473808043811e+04,0.000000000000000000e+00,2.630937070859826310e+00,2.518940571885037283e+00,0.000000000000000000e+00,-1.727156713254479473e+04,7.215796473809384042e+04,0.000000000000000000e+00,2.630937070860110971e+00,2.518940571885178947e+00,0.000000000000000000e+00
5.860000000000000000e+04,-1.700801654624828370e+04,7.240793804998300038e+04,0.000000000000000000e+00,2.640051297617504567e+00,2.480503511746292133e+00,0.000000000000000000e+00,-1.700801654624785078e+04,7.240793804996961262e+04,0.000000000000000000e+00,2.640051297617218129e+00,2.480503511746154466e+00,0.000000000000000000e+00,-1.700801654624825460e+04,7.240793804998304404e+04,0.000000000000000000e+00,2.640051297617504567e+00,2.480503511746290357e+00,0.000000000000000000e+00
5.870000000000000000e+04,-1.674356155255218619e+04,7.265406104371300898e+04,0.000000000000000000e+00,2.649025138697219894e+00,2.441934549940651067e+00,0.000000000000000000e+00,-1.674356155255179328e+04,7.265406104369963577e+04,0.000000000000000000e+00,2.649025138696933457e+00,2.441934549940515620e+00,0.000000000000000000e+00,-1.674356155255218982e+04,7.265406104371306719e+04,0.000000000000000000e+00,2.649025138697220338e+00,2.441934549940650623e+00,0.000000000000000000e+00
5.880000000000000000e+04,-1.647821621394599788e+04,7.289632063160510734e+04,0.000000000000000000e+00,2.657858116912031221e+00,2.403235737386676618e+00,0.000000000000000000e+00,-1.647821621394562317e+04,7.289632063159176323e+04,0.000000000000000000e+00,2.657858116911743451e+00,2.403235737386543391e+00,0.000000000000000000e+00,-1.647821621394597605e+04,7.289632063160520920e+04,0.000000000000000000e+00,2.657858116912032109e+00,2.403235737386672621e+00,0.000000000000000000e+00
5.890000000000000000e+04,-1.621199464026349597e+04,7.313470393141871318e+04,0.000000000000000000e+00,2.666549762565144199e+00,2.364409131907642347e+00,0.000000000000000000e+00,-1.621199464026319038e+04,7.313470393140522356e+04,0.000000000000000000e+00,2.666549762564853765e+00,2.364409131907518891e+00,0.000000000000000000e+00,-1.621199464026350324e+04,7.313470393141869863e+04,0.000000000000000000e+00,2.666549762565144199e+00,2.364409131907642347e+00,0.000000000000000000e+00
5.900000000000000000e+04,-1.594491098793278798e+04,7.336919826703588478e+04,0.000000000000000000e+00,2.675099613475170557e+00,2.325456798122285562e+00,0.000000000000000000e+00,-1.594491098793247147e+04,7.336919826702229329e+04,0.000000000000000000e+00,2.675099613474879678e+00,2.325456798122158997e+00,0.000000000000000000e+00,-1.594491098793277160e+04,7.336919826703575382e+04,0.000000000000000000e+00,2.675099613475170557e+00,2.325456798122281565e+00,0.000000000000000000e+00
5.910000000000000000e+04,-1.567697945922301733e+04,7.359979116913583130e+04,0.000000000000000000e+00,2.683507215000714652e+00,2.286380807334943199e+00,0.000000000000000000e+00,-1.567697945922277540e+04,7.359979116912228346e+04,0.000000000000000000e+00,2.683507215000422441e+00,2.286380807334828624e+00,0.000000000000000000e+00,-1.567697945922303552e+04,7.359979116913577309e+04,0.000000000000000000e+00,2.683507215000714652e+00,2.286380807334945420e+00,0.000000000000000000e+00
5.920000000000000000e+04,-1.540821430148975924e+04,7.382647037585848011e+04,0.000000000000000000e+00,2.691772120064538143e+00,2.247183237425506519e+00,0.000000000000000000e+00,-1.540821430148954460e+04,7.382647037584465579e+04,0.000000000000000000e+00,2.691772120064245044e+00,2.247183237425397717e+00,0.000000000000000000e+00,-1.540821430148976469e+04,7.382647037585817452e+04,0.000000000000000000e+00,2.691772120064538587e+00,2.247183237425508739e+00,0.000000000000000000e+00
5.930000000000000000e+04,-1.513862980641695322e+04,7.404922383345477283e+04,0.000000000000000000e+00,2.699893889177342743e+00,2.207866172738860655e+00,0.000000000000000000e+00,-1.513862980641675131e+04,7.404922383344105037e+04,0.000000000000000000e+00,2.699893889177047868e+00,2.207866172738750077e+00,0.000000000000000000e+00,-1.513862980641696413e+04,7.404922383345456910e+04,0.000000000000000000e+00,2.699893889177342299e+00,2.207866172738860211e+00,0.000000000000000000e+00
5.940000000000000000e+04,-1.486824030925711850e+04,7.426803969692927785e+04,0.000000000000000000e+00,2.707872090461130199e+00,2.168431703974054159e+00,0.000000000000000000e+00,-1.486824030925692023e+04,7.426803969691621023e+04,0.000000000000000000e+00,2.707872090460835324e+00,2.168431703973947133e+00,0.000000000000000000e+00,-1.486824030925709303e+04,7.426803969692972896e+04,0.000000000000000000e+00,2.707872090461131087e+00,2.168431703974051494e+00,0.000000000000000000e+00
5.950000000000000000e+04,-1.459706018806900829e+04,7.448290633067139424e+04,0.000000000000000000e+00,2.715706299672181245e+00,2.128881928073155905e+00,0.000000000000000000e+00,-1.459706018806885186e+04,7.448290633065783186e+04,0.000000000000000000e+00,2.715706299671883706e+00,2.128881928073054652e+00,0.000000000000000000e+00,-1.459706018806898282e+04,7.448290633067137969e+04,0.000000000000000000e+00,2.715706299672181689e+00,2.128881928073153240e+00,0.000000000000000000e+00
5.960000000000000000e+04,-1.432510386295316857e+04,7.469381230906909332e+04,0.000000000000000000e+00,2.723396100223599348e+00,2.089218948109735408e+00,0.000000000000000000e+00,-1.432510386295306671e+04,7.469381230905538541e+04,0.000000000000000000e+00,2.723396100223300031e+00,2.089218948109636376e+00,0.000000000000000000e+00,-1.432510386295318858e+04,7.469381230906891869e+04,0.000000000000000000e+00,2.723396100223598459e+00,2.089218948109734075e+00,0.000000000000000000e+00
5.970000000000000000e+04,-1.405238579528513947e+04,7.490074641712103039e+04,0.000000000000000000e+00,2.730941083207474307e+00,2.049444873177016291e+00,0.000000000000000000e+00,-1.405238579528500486e+04,7.490074641710755532e+04,0.000000000000000000e+00,2.730941083207172326e+00,2.049444873176923476e+00,0.000000000000000000e+00,-1.405238579528508308e+04,7.490074641712110315e+04,0.000000000000000000e+00,2.730941083207472531e+00,2.049444873177015403e+00,0.000000000000000000e+00
5.980000000000000000e+04,-1.377892048694606638e+04,7.510369765103212558e+04,0.000000000000000000e+00,2.738340847416617763e+00,2.009561818275749090e+00,0.000000000000000000e+00,-1.377892048694604091e+04,7.510369765101870871e+04,0.000000000000000000e+00,2.738340847416315782e+00,2.009561818275661604e+00,0.000000000000000000e+00,-1.377892048694607729e+04,7.510369765103227110e+04,0.000000000000000000e+00,2.738340847416617319e+00,2.009561818275748202e+00,0.000000000000000000e+00
5.990000000000000000e+04,-1.350472247955235071e+04,7.530265521879750304e+04,0.000000000000000000e+00,2.745594999365909672e+00,1.969571904201728785e+00,0.000000000000000000e+00,-1.350472247955234343e+04,7.530265521878395521e+04,0.000000000000000000e+00,2.745594999365606359e+00,1.969571904201645740e+00,0.000000000000000000e+00,-1.350472247955237071e+04,7.530265521879750304e+04,0.000000000000000000e+00,2.745594999365908340e+00,1.969571904201731227e+00,0.000000000000000000e+00
6.000000000000000000e+04,-1.322980635368163348e+04,7.549760854077688418e+04,0.000000000000000000e+00,2.752703153313207807e+00,1.929477257433024562e+00,0.000000000000000000e+00,-1.322980635368161529e+04,7.549760854076303076e+04,0.000000000000000000e+00,2.752703153312903606e+00,1.929477257432945514e+00,0.000000000000000000e+00,-1.322980635368160074e+04,7.549760854077660770e+04,0.000000000000000000e+00,2.752703153313206919e+00,1.929477257433025228e+00,0.000000000000000000e+00
6.010000000000000000e+04,-1.295418672809773125e+04,7.568854725025617518e+04,0.000000000000000000e+00,2.759664931279868227e+00,1.889280010016900491e+00,0.000000000000000000e+00,-1.295418672809776945e+04,7.568854725024288928e+04,0.000000000000000000e+00,2.759664931279563582e+00,1.889280010016829658e+00,0.000000000000000000e+00,-1.295418672809771124e+04,7.568854725025648077e+04,0.000000000000000000e+00,2.759664931279868672e+00,1.889280010016903377e+00,0.000000000000000000e+00
6.020000000000000000e+04,-1.267787825897344737e+04,7.587546119400253519e+04,0.000000000000000000e+00,2.766479963070844761e+00,1.848982299456462641e+00,0.000000000000000000e+00,-1.267787825897356561e+04,7.587546119398897281e+04,0.000000000000000000e+00,2.766479963070538339e+00,1.848982299456392697e+00,0.000000000000000000e+00,-1.267787825897346738e+04,7.587546119400257885e+04,0.000000000000000000e+00,2.766479963070845205e+00,1.848982299456460865e+00,0.000000000000000000e+00
6.030000000000000000e+04,-1.240089563911117148e+04,7.605834043279872276e+04,0.000000000000000000e+00,2.773147886294367481e+00,1.808586268596961588e+00,0.000000000000000000e+00,-1.240089563911127152e+04,7.605834043278505851e+04,0.000000000000000000e+00,2.773147886294060616e+00,1.808586268596893865e+00,0.000000000000000000e+00,-1.240089563911116238e+04,7.605834043279865000e+04,0.000000000000000000e+00,2.773147886294367925e+00,1.808586268596960478e+00,0.000000000000000000e+00
6.040000000000000000e+04,-1.212325359716120875e+04,7.623717524197534658e+04,0.000000000000000000e+00,2.779668346381221511e+00,1.768094065511871094e+00,0.000000000000000000e+00,-1.212325359716135790e+04,7.623717524196181330e+04,0.000000000000000000e+00,2.779668346380913313e+00,1.768094065511808699e+00,0.000000000000000000e+00,-1.212325359716120693e+04,7.623717524197543389e+04,0.000000000000000000e+00,2.779668346381221955e+00,1.768094065511869539e+00,0.000000000000000000e+00
6.050000000000000000e+04,-1.184496689683911973e+04,7.641195611192728393e+04,0.000000000000000000e+00,2.786040996603595943e+00,1.727507843388657705e+00,0.000000000000000000e+00,-1.184496689683930708e+04,7.641195611191392527e+04,0.000000000000000000e+00,2.786040996603285524e+00,1.727507843388605968e+00,0.000000000000000000e+00,-1.184496689683911245e+04,7.641195611192754586e+04,0.000000000000000000e+00,2.786040996603595055e+00,1.727507843388660591e+00,0.000000000000000000e+00
6.060000000000000000e+04,-1.156605033614032436e+04,7.658267374861938879e+04,0.000000000000000000e+00,2.792265498093518872e+00,1.686829760414301660e+00,0.000000000000000000e+00,-1.156605033614053900e+04,7.658267374860573909e+04,0.000000000000000000e+00,2.792265498093208009e+00,1.686829760414250590e+00,0.000000000000000000e+00,-1.156605033614033709e+04,7.658267374861935969e+04,0.000000000000000000e+00,2.792265498093518428e+00,1.686829760414304324e+00,0.000000000000000000e+00
6.070000000000000000e+04,-1.128651874655327993e+04,7.674931907407916151e+04,0.000000000000000000e+00,2.798341519860887416e+00,1.646061979660490948e+00,0.000000000000000000e+00,-1.128651874655352549e+04,7.674931907406549726e+04,0.000000000000000000e+00,2.798341519860575222e+00,1.646061979660441210e+00,0.000000000000000000e+00,-1.128651874655327993e+04,7.674931907407911785e+04,0.000000000000000000e+00,2.798341519860886972e+00,1.646061979660488728e+00,0.000000000000000000e+00
6.080000000000000000e+04,-1.100638699227082543e+04,7.691188322688150220e+04,0.000000000000000000e+00,2.804268738811055428e+00,1.605206668968630623e+00,0.000000000000000000e+00,-1.100638699227112375e+04,7.691188322686805623e+04,0.000000000000000000e+00,2.804268738810742789e+00,1.605206668968588213e+00,0.000000000000000000e+00,-1.100638699227083634e+04,7.691188322688169137e+04,0.000000000000000000e+00,2.804268738811055428e+00,1.605206668968629735e+00,0.000000000000000000e+00
6.090000000000000000e+04,-1.072566996939989622e+04,7.707035756261972710e+04,0.000000000000000000e+00,2.810046839762025073e+00,1.564266000834578563e+00,0.000000000000000000e+00,-1.072566996940016361e+04,7.707035756260609196e+04,0.000000000000000000e+00,2.810046839761710213e+00,1.564266000834537929e+00,0.000000000000000000e+00,-1.072566996939986711e+04,7.707035756261972710e+04,0.000000000000000000e+00,2.810046839762024184e+00,1.564266000834578341e+00,0.000000000000000000e+00
6.100000000000000000e+04,-1.044438260516902665e+04,7.722473365436331369e+04,0.000000000000000000e+00,2.815675515461196099e+00,1.523242152293082796e+00,0.000000000000000000e+00,-1.044438260516933951e+04,7.722473365434978041e+04,0.000000000000000000e+00,2.815675515460881240e+00,1.523242152293049489e+00,0.000000000000000000e+00,-1.044438260516899754e+04,7.722473365436343011e+04,0.000000000000000000e+00,2.815675515461196099e+00,1.523242152293083462e+00,0.000000000000000000e+00
6.110000000000000000e+04,-1.016253985713509610e+04,7.737500329310819507e+04,0.000000000000000000e+00,2.821154466601715427e+00,1.482137304802058964e+00,0.000000000000000000e+00,-1.016253985713545626e+04,7.737500329309492372e+04,0.000000000000000000e+00,2.821154466601399680e+00,1.482137304802029876e+00,0.000000000000000000e+00,-1.016253985713507245e+04,7.737500329310858797e+04,0.000000000000000000e+00,2.821154466601715871e+00,1.482137304802057853e+00,0.000000000000000000e+00
6.120000000000000000e+04,-9.880156712387659354e+03,7.752115848821308464e+04,0.000000000000000000e+00,2.826483401838384424e+00,1.440953644126565791e+00,0.000000000000000000e+00,-9.880156712388052256e+03,7.752115848819939129e+04,0.000000000000000000e+00,2.826483401838067788e+00,1.440953644126534483e+00,0.000000000000000000e+00,-9.880156712387661173e+03,7.752115848821304098e+04,0.000000000000000000e+00,2.826483401838384424e+00,1.440953644126561350e+00,0.000000000000000000e+00
6.130000000000000000e+04,-9.597248186752025504e+03,7.766319146782159805e+04,0.000000000000000000e+00,2.831662037803152288e+00,1.399693360222560301e+00,0.000000000000000000e+00,-9.597248186752452966e+03,7.766319146780809388e+04,0.000000000000000000e+00,2.831662037802836096e+00,1.399693360222538319e+00,0.000000000000000000e+00,-9.597248186752020047e+03,7.766319146782174357e+04,0.000000000000000000e+00,2.831662037803153620e+00,1.399693360222558969e+00,0.000000000000000000e+00
6.140000000000000000e+04,-9.313829323990823468e+03,7.780109467927948572e+04,0.000000000000000000e+00,2.836690099120193764e+00,1.358358647120493146e+00,0.000000000000000000e+00,-9.313829323991307319e+03,7.780109467926624347e+04,0.000000000000000000e+00,2.836690099119874464e+00,1.358358647120483820e+00,0.000000000000000000e+00,-9.313829323990830744e+03,7.780109467927989317e+04,0.000000000000000000e+00,2.836690099120193320e+00,1.358358647120498475e+00,0.000000000000000000e+00
6.150000000000000000e+04,-9.029915195004112320e+03,7.793486078953463584e+04,0.000000000000000000e+00,2.841567318420532118e+00,1.316951702808626834e+00,0.000000000000000000e+00,-9.029915195004616180e+03,7.793486078952094249e+04,0.000000000000000000e+00,2.841567318420213262e+00,1.316951702808613067e+00,0.000000000000000000e+00,-9.029915195004130510e+03,7.793486078953457763e+04,0.000000000000000000e+00,2.841567318420532118e+00,1.316951702808626390e+00,0.000000000000000000e+00
6.160000000000000000e+04,-8.745520897027832689e+03,7.806448268552497029e+04,0.000000000000000000e+00,2.846293436356280182e+00,1.275474729116094608e+00,0.000000000000000000e+00,-8.745520897028345644e+03,7.806448268551114597e+04,0.000000000000000000e+00,2.846293436355960438e+00,1.275474729116088612e+00,0.000000000000000000e+00,-8.745520897027816318e+03,7.806448268552478112e+04,0.000000000000000000e+00,2.846293436356280626e+00,1.275474729116095718e+00,0.000000000000000000e+00
6.170000000000000000e+04,-8.460661552831094014e+03,7.818995347455958836e+04,0.000000000000000000e+00,2.850868201614417785e+00,1.233929931595913132e+00,0.000000000000000000e+00,-8.460661552831619701e+03,7.818995347454589501e+04,0.000000000000000000e+00,2.850868201614094932e+00,1.233929931595910467e+00,0.000000000000000000e+00,-8.460661552831048539e+03,7.818995347455954470e+04,0.000000000000000000e+00,2.850868201614416453e+00,1.233929931595911356e+00,0.000000000000000000e+00
6.180000000000000000e+04,-8.175352309911919292e+03,7.831126648468454368e+04,0.000000000000000000e+00,2.855291370930151729e+00,1.192319519407632811e+00,0.000000000000000000e+00,-8.175352309912563214e+03,7.831126648467085033e+04,0.000000000000000000e+00,2.855291370929827988e+00,1.192319519407635253e+00,0.000000000000000000e+00,-8.175352309911948396e+03,7.831126648468450003e+04,0.000000000000000000e+00,2.855291370930150840e+00,1.192319519407629702e+00,0.000000000000000000e+00
6.190000000000000000e+04,-7.889608339692204027e+03,7.842841526503651403e+04,0.000000000000000000e+00,2.859562709099863653e+00,1.150645705199895730e+00,0.000000000000000000e+00,-7.889608339692827030e+03,7.842841526502302440e+04,0.000000000000000000e+00,2.859562709099539912e+00,1.150645705199902835e+00,0.000000000000000000e+00,-7.889608339692203117e+03,7.842841526503667410e+04,0.000000000000000000e+00,2.859562709099863209e+00,1.150645705199896396e+00,0.000000000000000000e+00
6.200000000000000000e+04,-7.603444836710172240e+03,7.854139358618762344e+04,0.000000000000000000e+00,2.863681988993612038e+00,1.108910704992766227e+00,0.000000000000000000e+00,-7.603444836710839809e+03,7.854139358617388643e+04,0.000000000000000000e+00,2.863681988993286520e+00,1.108910704992778884e+00,0.000000000000000000e+00,-7.603444836710172240e+03,7.854139358618753613e+04,0.000000000000000000e+00,2.863681988993610705e+00,1.108910704992766005e+00,0.000000000000000000e+00
6.210000000000000000e+04,-7.316877017813152634e+03,7.865019544047443196e+04,0.000000000000000000e+00,2.867648991567202543e+00,1.067116738059894487e+00,0.000000000000000000e+00,-7.316877017813839302e+03,7.865019544046056399e+04,0.000000000000000000e+00,2.867648991566877026e+00,1.067116738059916026e+00,0.000000000000000000e+00,-7.316877017813128077e+03,7.865019544047422823e+04,0.000000000000000000e+00,2.867648991567202099e+00,1.067116738059896708e+00,0.000000000000000000e+00
6.220000000000000000e+04,-7.029920121347997338e+03,7.875481504231924191e+04,0.000000000000000000e+00,2.871463505873848021e+00,1.025266026810523812e+00,0.000000000000000000e+00,-7.029920121348705834e+03,7.875481504230530118e+04,0.000000000000000000e+00,2.871463505873522504e+00,1.025266026810543796e+00,0.000000000000000000e+00,-7.029920121347986424e+03,7.875481504231895087e+04,0.000000000000000000e+00,2.871463505873848021e+00,1.025266026810523368e+00,0.000000000000000000e+00
6.230000000000000000e+04,-6.742589406350918580e+03,7.885524682853696868e+04,0.000000000000000000e+00,2.875125329075379099e+00,9.833607966712669679e-01,0.000000000000000000e+00,-6.742589406351660728e+03,7.885524682852311525e+04,0.000000000000000000e+00,2.875125329075051805e+00,9.833607966712913928e-01,0.000000000000000000e+00,-6.742589406350897661e+03,7.885524682853676495e+04,0.000000000000000000e+00,2.875125329075378655e+00,9.833607966712647475e-01,0.000000000000000000e+00
6.240000000000000000e+04,-6.454900151736073894e+03,7.895148545863153413e+04,0.000000000000000000e+00,2.878634266453026669e+00,9.414032759678185869e-01,0.000000000000000000e+00,-6.454900151736859698e+03,7.895148545861765160e+04,0.000000000000000000e+00,2.878634266452698931e+00,9.414032759678496731e-01,0.000000000000000000e+00,-6.454900151736051157e+03,7.895148545863131585e+04,0.000000000000000000e+00,2.878634266453026669e+00,9.414032759678166995e-01,0.000000000000000000e+00
6.250000000000000000e+04,-6.166867655483132694e+03,7.904352581507875584e+04,0.000000000000000000e+00,2.881990131417785150e+00,8.993956958064437401e-01,0.000000000000000000e+00,-6.166867655483929411e+03,7.904352581506513525e+04,0.000000000000000000e+00,2.881990131417456080e+00,8.993956958064788232e-01,0.000000000000000000e+00,-6.166867655483112685e+03,7.904352581507877039e+04,0.000000000000000000e+00,2.881990131417784706e+00,8.993956958064446283e-01,0.000000000000000000e+00
6.260000000000000000e+04,-5.878507233823649585e+03,7.913136300360015593e+04,0.000000000000000000e+00,2.885192745520326341e+00,8.573402899553315137e-01,0.000000000000000000e+00,-5.878507233824498144e+03,7.913136300358647713e+04,0.000000000000000000e+00,2.885192745519996826e+00,8.573402899553689283e-01,0.000000000000000000e+00,-5.878507233823636852e+03,7.913136300360011228e+04,0.000000000000000000e+00,2.885192745520326341e+00,8.573402899553284051e-01,0.000000000000000000e+00
6.270000000000000000e+04,-5.589834220426826505e+03,7.921499235342093743e+04,0.000000000000000000e+00,2.888241938460494040e+00,8.152392947258064737e-01,0.000000000000000000e+00,-5.589834220427741457e+03,7.921499235340757878e+04,0.000000000000000000e+00,2.888241938460163194e+00,8.152392947258580991e-01,0.000000000000000000e+00,-5.589834220426835600e+03,7.921499235342121392e+04,0.000000000000000000e+00,2.888241938460493596e+00,8.152392947258111366e-01,0.000000000000000000e+00
6.280000000000000000e+04,-5.300863965584081598e+03,7.929440941752120852e+04,0.000000000000000000e+00,2.891137548096354593e+00,7.730949488534726299e-01,0.000000000000000000e+00,-5.300863965585017468e+03,7.929440941750767524e+04,0.000000000000000000e+00,2.891137548096023746e+00,7.730949488535162617e-01,0.000000000000000000e+00,-5.300863965584101607e+03,7.929440941752128128e+04,0.000000000000000000e+00,2.891137548096355037e+00,7.730949488534679670e-01,0.000000000000000000e+00
6.290000000000000000e+04,-5.011611835392628564e+03,7.936960997286951169e+04,0.000000000000000000e+00,2.893879420452826423e+00,7.309094933790412085e-01,0.000000000000000000e+00,-5.011611835393601723e+03,7.936960997285580379e+04,0.000000000000000000e+00,2.893879420452494244e+00,7.309094933790992732e-01,0.000000000000000000e+00,-5.011611835392641296e+03,7.936960997286939528e+04,0.000000000000000000e+00,2.893879420452826423e+00,7.309094933790444282e-01,0.000000000000000000e+00
6.300000000000000000e+04,-4.722093210938561242e+03,7.944059002064913511e+04,0.000000000000000000e+00,2.896467409729858389e+00,6.886851715293218490e-01,0.000000000000000000e+00,-4.722093210939593519e+03,7.944059002063535445e+04,0.000000000000000000e+00,2.896467409729525766e+00,6.886851715293806908e-01,0.000000000000000000e+00,-4.722093210938588527e+03,7.944059002064896049e+04,0.000000000000000000e+00,2.896467409729858833e+00,6.886851715293195175e-01,0.000000000000000000e+00
6.310000000000000000e+04,-4.432323487478977768e+03,7.950734578647045419e+04,0.000000000000000000e+00,2.898901378310190680e+00,6.464242285978016866e-01,0.000000000000000000e+00,-4.432323487480020958e+03,7.950734578645678994e+04,0.000000000000000000e+00,2.898901378309857169e+00,6.464242285978679670e-01,0.000000000000000000e+00,-4.432323487478970492e+03,7.950734578647038143e+04,0.000000000000000000e+00,2.898901378310190680e+00,6.464242285978002434e-01,0.000000000000000000e+00
6.320000000000000000e+04,-4.142318073623115197e+03,7.956987372057163157e+04,0.000000000000000000e+00,2.901181196766668080e+00,6.041289118253416746e-01,0.000000000000000000e+00,-4.142318073624192039e+03,7.956987372055821470e+04,0.000000000000000000e+00,2.901181196766333237e+00,6.041289118254075108e-01,0.000000000000000000e+00,-4.142318073623133387e+03,7.956987372057179164e+04,0.000000000000000000e+00,2.901181196766667636e+00,6.041289118253384549e-01,0.000000000000000000e+00
6.330000000000000000e+04,-3.852092390513251303e+03,7.962817049800767563e+04,0.000000000000000000e+00,2.903306743869123352e+00,5.618014702806100047e-01,0.000000000000000000e+00,-3.852092390514336785e+03,7.962817049799424422e+04,0.000000000000000000e+00,2.903306743868787176e+00,5.618014702806870542e-01,0.000000000000000000e+00,-3.852092390513233113e+03,7.962817049800780660e+04,0.000000000000000000e+00,2.903306743869122464e+00,5.618014702806114480e-01,0.000000000000000000e+00
6.340000000000000000e+04,-3.561661871004442219e+03,7.968223301882622764e+04,0.000000000000000000e+00,2.905277906590823633e+00,5.194441547405581616e-01,0.000000000000000000e+00,-3.561661871005581816e+03,7.968223301881273801e+04,0.000000000000000000e+00,2.905277906590487458e+00,5.194441547406406512e-01,0.000000000000000000e+00,-3.561661871004433578e+03,7.968223301882630039e+04,0.000000000000000000e+00,2.905277906590823189e+00,5.194441547405586057e-01,0.000000000000000000e+00
6.350000000000000000e+04,-3.271041958844143664e+03,7.973205840823333710e+04,0.000000000000000000e+00,2.907094580114483406e+00,4.770592175706767080e-01,0.000000000000000000e+00,-3.271041958845302361e+03,7.973205840821974562e+04,0.000000000000000000e+00,2.907094580114146787e+00,4.770592175707629168e-01,0.000000000000000000e+00,-3.271041958844144119e+03,7.973205840823327890e+04,0.000000000000000000e+00,2.907094580114482962e+00,4.770592175706795390e-01,0.000000000000000000e+00
6.360000000000000000e+04,-2.980248107850697124e+03,7.977764401674573310e+04,0.000000000000000000e+00,2.908756667837835153e+00,4.346489126052475171e-01,0.000000000000000000e+00,-2.980248107851897203e+03,7.977764401673221437e+04,0.000000000000000000e+00,2.908756667837497201e+00,4.346489126053386665e-01,0.000000000000000000e+00,-2.980248107850693941e+03,7.977764401674574765e+04,0.000000000000000000e+00,2.908756667837833820e+00,4.346489126052487939e-01,0.000000000000000000e+00
6.370000000000000000e+04,-2.689295781091757817e+03,7.981898742033238523e+04,0.000000000000000000e+00,2.910264081378763024e+00,3.922154950274965302e-01,0.000000000000000000e+00,-2.689295781093023834e+03,7.981898742031902657e+04,0.000000000000000000e+00,2.910264081378425516e+00,3.922154950275941188e-01,0.000000000000000000e+00,-2.689295781091775098e+03,7.981898742033255985e+04,0.000000000000000000e+00,2.910264081378762580e+00,3.922154950274976959e-01,0.000000000000000000e+00
6.380000000000000000e+04,-2.398200450062111486e+03,7.985608642054372467e+04,0.000000000000000000e+00,2.911616740580011964e+00,3.497612212496825634e-01,0.000000000000000000e+00,-2.398200450063346125e+03,7.985608642052982759e+04,0.000000000000000000e+00,2.911616740579674456e+00,3.497612212497770434e-01,0.000000000000000000e+00,-2.398200450062087839e+03,7.985608642054334632e+04,0.000000000000000000e+00,2.911616740580011964e+00,3.497612212496792883e-01,0.000000000000000000e+00
6.390000000000000000e+04,-2.106977593860501656e+03,7.988893904462549835e+04,0.000000000000000000e+00,2.912814573513443861e+00,3.072883487930688773e-01,0.000000000000000000e+00,-2.106977593861831338e+03,7.988893904461193597e+04,0.000000000000000000e+00,2.912814573513104133e+00,3.072883487931712954e-01,0.000000000000000000e+00,-2.106977593860528032e+03,7.988893904462544015e+04,0.000000000000000000e+00,2.912814573513442529e+00,3.072883487930669899e-01,0.000000000000000000e+00
6.400000000000000000e+04,-1.815642698367330013e+03,7.991754354562889785e+04,0.000000000000000000e+00,2.913857516483856713e+00,2.647991361679444822e-01,0.000000000000000000e+00,-1.815642698368644005e+03,7.991754354561521905e+04,0.000000000000000000e+00,2.913857516483517873e+00,2.647991361680520073e-01,0.000000000000000000e+00,-1.815642698367295679e+03,7.991754354562872322e+04,0.000000000000000000e+00,2.913857516483856713e+00,2.647991361679411515e-01,0.000000000000000000e+00
6.410000000000000000e+04,-1.524211255420319503e+03,7.994189840249880217e+04,0.000000000000000000e+00,2.914745514032386353e+00,2.222958427534784676e-01,0.000000000000000000e+00,-1.524211255421678970e+03,7.994189840248507971e+04,0.000000000000000000e+00,2.914745514032047069e+00,2.222958427535887127e-01,0.000000000000000000e+00,-1.524211255420320867e+03,7.994189840249855479e+04,0.000000000000000000e+00,2.914745514032386353e+00,2.222958427534764414e-01,0.000000000000000000e+00
6.420000000000000000e+04,-1.232698761991370702e+03,7.996200232015666552e+04,0.000000000000000000e+00,2.915478518939442765e+00,1.797807286775849889e-01,0.000000000000000000e+00,-1.232698761992775189e+03,7.996200232014320500e+04,0.000000000000000000e+00,2.915478518939103481e+00,1.797807286777019509e-01,0.000000000000000000e+00,-1.232698761991371839e+03,7.996200232015666552e+04,0.000000000000000000e+00,2.915478518939443209e+00,1.797807286775831570e-01,0.000000000000000000e+00
6.430000000000000000e+04,-9.411207193622249179e+02,7.997785422956966795e+04,0.000000000000000000e+00,2.916056492227227182e+00,1.372560546967562800e-01,0.000000000000000000e+00,-9.411207193636608963e+02,7.997785422955655667e+04,0.000000000000000000e+00,2.916056492226886565e+00,1.372560546968802919e-01,0.000000000000000000e+00,-9.411207193622124123e+02,7.997785422957000264e+04,0.000000000000000000e+00,2.916056492227227182e+00,1.372560546967549200e-01,0.000000000000000000e+00
6.440000000000000000e+04,-6.494926323002146091e+02,7.998945328780729324e+04,0.000000000000000000e+00,2.916479403161801542e+00,9.472408207583526973e-02,0.000000000000000000e+00,-6.494926323016667311e+02,7.998945328779415286e+04,0.000000000000000000e+00,2.916479403161460038e+00,9.472408207596355600e-02,0.000000000000000000e+00,-6.494926323002085837e+02,7.998945328780758427e+04,0.000000000000000000e+00,2.916479403161800654e+00,9.472408207583676854e-02,0.000000000000000000e+00
6.450000000000000000e+04,-3.578300082337809727e+02,7.999679887808533385e+04,0.000000000000000000e+00,2.916747229254722740e+00,5.218707246776332909e-02,0.000000000000000000e+00,-3.578300082352538425e+02,7.999679887807190244e+04,0.000000000000000000e+00,2.916747229254381679e+00,5.218707246789944937e-02,0.000000000000000000e+00,-3.578300082337505046e+02,7.999679887808530475e+04,0.000000000000000000e+00,2.916747229254722740e+00,5.218707246776607689e-02,0.000000000000000000e+00
6.460000000000000000e+04,-6.614835642784601077e+01,7.999989060979872011e+04,0.000000000000000000e+00,2.916859956264243436e+00,9.647287793342229634e-03,0.000000000000000000e+00,-6.614835642940111882e+01,7.999989060978536145e+04,0.000000000000000000e+00,2.916859956263902820e+00,9.647287793479251972e-03,0.000000000000000000e+00,-6.614835642785253356e+01,7.999989060979874921e+04,0.000000000000000000e+00,2.916859956264243880e+00,9.647287793339292747e-03,0.000000000000000000e+00
6.470000000000000000e+04,2.255368128406989854e+02,7.999872831854433753e+04,0.000000000000000000e+00,2.916817578196065242e+00,-3.289300987908561069e-02,0.000000000000000000e+00,2.255368128391057780e+02,7.999872831853062962e+04,0.000000000000000000e+00,2.916817578195724181e+00,-3.289300987894056699e-02,0.000000000000000000e+00,2.255368128406995538e+02,7.999872831854400283e+04,0.000000000000000000e+00,2.916817578196065686e+00,-3.289300987908711643e-02,0.000000000000000000e+00
6.480000000000000000e+04,5.172099891080579255e+02,7.999331206612638198e+04,0.000000000000000000e+00,2.916620097303656678e+00,-7.543155845387161662e-02,0.000000000000000000e+00,5.172099891064385702e+02,7.999331206611293601e+04,0.000000000000000000e+00,2.916620097303315173e+00,-7.543155845372470636e-02,0.000000000000000000e+00,5.172099891080421230e+02,7.999331206612629467e+04,0.000000000000000000e+00,2.916620097303657122e+00,-7.543155845387268521e-02,0.000000000000000000e+00
6.490000000000000000e+04,8.088556625481287483e+02,7.998364214055659249e+04,0.000000000000000000e+00,2.916267524088135943e+00,-1.179660959284021260e-01,0.000000000000000000e+00,8.088556625465015486e+02,7.998364214054346667e+04,0.000000000000000000e+00,2.916267524087793106e+00,-1.179660959282467780e-01,0.000000000000000000e+00,8.088556625481503488e+02,7.998364214055681077e+04,0.000000000000000000e+00,2.916267524088135499e+00,-1.179660959284013627e-01,0.000000000000000000e+00
6.500000000000000000e+04,1.100458324797364185e+03,7.996971905603748746e+04,0.000000000000000000e+00,2.915759877297707803e+00,-1.604943605133328788e-01,0.000000000000000000e+00,1.100458324795671388e+03,7.996971905602398328e+04,0.000000000000000000e+00,2.915759877297365410e+00,-1.604943605131720630e-01,0.000000000000000000e+00,1.100458324797365322e+03,7.996971905603731284e+04,0.000000000000000000e+00,2.915759877297707803e+00,-1.604943605133332674e-01,0.000000000000000000e+00
6.510000000000000000e+04,1.392002469779166859e+03,7.995154355293256231e+04,0.000000000000000000e+00,2.915097183926675939e+00,-2.030140907528910077e-01,0.000000000000000000e+00,1.392002469777460647e+03,7.995154355291952379e+04,0.000000000000000000e+00,2.915097183926332658e+00,-2.030140907527290262e-01,0.000000000000000000e+00,1.392002469779164130e+03,7.995154355293282424e+04,0.000000000000000000e+00,2.915097183926675495e+00,-2.030140907528916461e-01,0.000000000000000000e+00
6.520000000000000000e+04,1.683472594528808258e+03,7.992911659773229621e+04,0.000000000000000000e+00,2.914279479213996993e+00,-2.455230256451308435e-01,0.000000000000000000e+00,1.683472594527058163e+03,7.992911659771898121e+04,0.000000000000000000e+00,2.914279479213653712e+00,-2.455230256449630055e-01,0.000000000000000000e+00,1.683472594528806667e+03,7.992911659773228166e+04,0.000000000000000000e+00,2.914279479213996993e+00,-2.455230256451322590e-01,0.000000000000000000e+00
6.530000000000000000e+04,1.974853200017474592e+03,7.990243938299687579e+04,0.000000000000000000e+00,2.913306806641415392e+00,-2.880189047621435350e-01,0.000000000000000000e+00,1.974853200015705397e+03,7.990243938298379362e+04,0.000000000000000000e+00,2.913306806641070335e+00,-2.880189047619657883e-01,0.000000000000000000e+00,1.974853200017499148e+03,7.990243938299707952e+04,0.000000000000000000e+00,2.913306806641414060e+00,-2.880189047621417031e-01,0.000000000000000000e+00
6.540000000000000000e+04,2.266128791976632783e+03,7.987151332729798742e+04,0.000000000000000000e+00,2.912179217931141650e+00,-3.304994683702489056e-01,0.000000000000000000e+00,2.266128791974863361e+03,7.987151332728445414e+04,0.000000000000000000e+00,2.912179217930797037e+00,-3.304994683700748226e-01,0.000000000000000000e+00,2.266128791976666889e+03,7.987151332729772548e+04,0.000000000000000000e+00,2.912179217931141650e+00,-3.304994683702521807e-01,0.000000000000000000e+00
6.550000000000000000e+04,2.557283881721989019e+03,7.983634007513802499e+04,0.000000000000000000e+00,2.910896773043113228e+00,-3.729624575502192840e-01,0.000000000000000000e+00,2.557283881720124100e+03,7.983634007512508833e+04,0.000000000000000000e+00,2.910896773042769059e+00,-3.729624575500350980e-01,0.000000000000000000e+00,2.557283881721972648e+03,7.983634007513834513e+04,0.000000000000000000e+00,2.910896773043114116e+00,-3.729624575502191175e-01,0.000000000000000000e+00
6.560000000000000000e+04,2.848302986976719694e+03,7.979692149686953053e+04,0.000000000000000000e+00,2.909459540171800640e+00,-4.154056143173079363e-01,0.000000000000000000e+00,2.848302986974829309e+03,7.979692149685604090e+04,0.000000000000000000e+00,2.909459540171455139e+00,-4.154056143171182547e-01,0.000000000000000000e+00,2.848302986976723332e+03,7.979692149686928315e+04,0.000000000000000000e+00,2.909459540171800640e+00,-4.154056143173088800e-01,0.000000000000000000e+00
6.570000000000000000e+04,3.139170632695226232e+03,7.975325968858785927e+04,0.000000000000000000e+00,2.907867595742576583e+00,-4.578266817413840784e-01,0.000000000000000000e+00,3.139170632693344487e+03,7.975325968857439875e+04,0.000000000000000000e+00,2.907867595742229749e+00,-4.578266817411915657e-01,0.000000000000000000e+00,3.139170632695248514e+03,7.975325968858761189e+04,0.000000000000000000e+00,2.907867595742575695e+00,-4.578266817413836898e-01,0.000000000000000000e+00
6.580000000000000000e+04,3.429871351885900367e+03,7.970535697202570736e+04,0.000000000000000000e+00,2.906121024407656961e+00,-5.002234040669311099e-01,0.000000000000000000e+00,3.429871351883950410e+03,7.970535697201252333e+04,0.000000000000000000e+00,2.906121024407311459e+00,-5.002234040667310477e-01,0.000000000000000000e+00,3.429871351885899003e+03,7.970535697202572192e+04,0.000000000000000000e+00,2.906121024407657405e+00,-5.002234040669298887e-01,0.000000000000000000e+00
6.590000000000000000e+04,3.720389686433278257e+03,7.965321589442784898e+04,0.000000000000000000e+00,2.904219919041606701e+00,-5.425935268329791228e-01,0.000000000000000000e+00,3.720389686431306018e+03,7.965321589441459219e+04,0.000000000000000000e+00,2.904219919041258979e+00,-5.425935268327721772e-01,0.000000000000000000e+00,3.720389686433300085e+03,7.965321589442779077e+04,0.000000000000000000e+00,2.904219919041605369e+00,-5.425935268329776795e-01,0.000000000000000000e+00
6.600000000000000000e+04,4.010710187920456519e+03,7.959683922841469757e+04,0.000000000000000000e+00,2.902164380736380167e+00,-5.849347969929983293e-01,0.000000000000000000e+00,4.010710187918439260e+03,7.959683922840120795e+04,0.000000000000000000e+00,2.902164380736034222e+00,-5.849347969927916058e-01,0.000000000000000000e+00,4.010710187920443332e+03,7.959683922841437743e+04,0.000000000000000000e+00,2.902164380736380611e+00,-5.849347969929985513e-01,0.000000000000000000e+00
6.610000000000000000e+04,4.300817418450285913e+03,7.953622997183492407e+04,0.000000000000000000e+00,2.899954518795972547e+00,-6.272449630347267657e-01,0.000000000000000000e+00,4.300817418448223179e+03,7.953622997182182735e+04,0.000000000000000000e+00,2.899954518795626157e+00,-6.272449630345134919e-01,0.000000000000000000e+00,4.300817418450272271e+03,7.953622997183496773e+04,0.000000000000000000e+00,2.899954518795972547e+00,-6.272449630347272098e-01,0.000000000000000000e+00
6.620000000000000000e+04,4.590695951466361294e+03,7.947139134760852903e+04,0.000000000000000000e+00,2.897590450730584521e+00,-6.695217750998558870e-01,0.000000000000000000e+00,4.590695951464289465e+03,7.947139134759550507e+04,0.000000000000000000e+00,2.897590450730238576e+00,-6.695217750996348416e-01,0.000000000000000000e+00,4.590695951466383121e+03,7.947139134760861634e+04,0.000000000000000000e+00,2.897590450730584966e+00,-6.695217750998552209e-01,0.000000000000000000e+00
6.630000000000000000e+04,4.880330372573487693e+03,7.940232680355245247e+04,0.000000000000000000e+00,2.895072302250387253e+00,-7.117629851036877398e-01,0.000000000000000000e+00,4.880330372571341286e+03,7.940232680353939941e+04,0.000000000000000000e+00,2.895072302250041751e+00,-7.117629851034623645e-01,0.000000000000000000e+00,4.880330372573480417e+03,7.940232680355246703e+04,0.000000000000000000e+00,2.895072302250387697e+00,-7.117629851036894051e-01,0.000000000000000000e+00
6.640000000000000000e+04,5.169705280356982257e+03,7.932904001219873317e+04,0.000000000000000000e+00,2.892400207258832623e+00,-7.539663468546837777e-01,0.000000000000000000e+00,5.169705280354823117e+03,7.932904001218549092e+04,0.000000000000000000e+00,2.892400207258486677e+00,-7.539663468544550717e-01,0.000000000000000000e+00,5.169705280356973162e+03,7.932904001219854399e+04,0.000000000000000000e+00,2.892400207258833067e+00,-7.539663468546837777e-01,0.000000000000000000e+00
6.650000000000000000e+04,5.458805287202121690e+03,7.925153487059799954e+04,0.000000000000000000e+00,2.889574307845533596e+00,-7.961296161739017663e-01,0.000000000000000000e+00,5.458805287199893428e+03,7.925153487058528117e+04,0.000000000000000000e+00,2.889574307845186318e+00,-7.961296161736666210e-01,0.000000000000000000e+00,5.458805287202087129e+03,7.925153487059829058e+04,0.000000000000000000e+00,2.889574307845532708e+00,-7.961296161739018773e-01,0.000000000000000000e+00
6.660000000000000000e+04,5.747615020111901686e+03,7.916981550011551008e+04,0.000000000000000000e+00,2.886594754278704045e+00,-8.382505510143207772e-01,0.000000000000000000e+00,5.747615020109666148e+03,7.916981550010255887e+04,0.000000000000000000e+00,2.886594754278358543e+00,-8.382505510140800808e-01,0.000000000000000000e+00,5.747615020111904414e+03,7.916981550011555373e+04,0.000000000000000000e+00,2.886594754278704933e+00,-8.382505510143219984e-01,0.000000000000000000e+00
6.670000000000000000e+04,6.036119121524912771e+03,7.908388624620717019e+04,0.000000000000000000e+00,2.883461704997182906e+00,-8.803269115800738120e-01,0.000000000000000000e+00,6.036119121522675414e+03,7.908388624619424809e+04,0.000000000000000000e+00,2.883461704996836517e+00,-8.803269115798295630e-01,0.000000000000000000e+00,6.036119121524923685e+03,7.908388624620722840e+04,0.000000000000000000e+00,2.883461704997182906e+00,-8.803269115800729239e-01,0.000000000000000000e+00
6.680000000000000000e+04,6.324302250131819164e+03,7.899375167819252238e+04,0.000000000000000000e+00,2.880175326601989383e+00,-9.223564604455525284e-01,0.000000000000000000e+00,6.324302250129519962e+03,7.899375167817935289e+04,0.000000000000000000e+00,2.880175326601642993e+00,-9.223564604453022842e-01,0.000000000000000000e+00,6.324302250131813707e+03,7.899375167819231865e+04,0.000000000000000000e+00,2.880175326601989827e+00,-9.223564604455524174e-01,0.000000000000000000e+00
6.690000000000000000e+04,6.612149081690964522e+03,7.889941658900910988e+04,0.000000000000000000e+00,2.876735793847478462e+00,-9.643369626743698575e-01,0.000000000000000000e+00,6.612149081688644401e+03,7.889941658899596951e+04,0.000000000000000000e+00,2.876735793847132072e+00,-9.643369626741146172e-01,0.000000000000000000e+00,6.612149081690983621e+03,7.889941658900889161e+04,0.000000000000000000e+00,2.876735793847478462e+00,-9.643369626743713008e-01,0.000000000000000000e+00
6.700000000000000000e+04,6.899644309843541123e+03,7.880088599495938979e+04,0.000000000000000000e+00,2.873143289632041686e+00,-1.006266185938214264e+00,0.000000000000000000e+00,6.899644309841210998e+03,7.880088599494639493e+04,0.000000000000000000e+00,2.873143289631694852e+00,-1.006266185937955360e+00,0.000000000000000000e+00,6.899644309843560222e+03,7.880088599495930248e+04,0.000000000000000000e+00,2.873143289632041686e+00,-1.006266185938213598e+00,0.000000000000000000e+00
6.710000000000000000e+04,7.186772646927420283e+03,7.869816513544321060e+04,0.000000000000000000e+00,2.869398004988383377e+00,-1.048141900635554791e+00,0.000000000000000000e+00,7.186772646925017398e+03,7.869816513543043402e+04,0.000000000000000000e+00,2.869398004988036099e+00,-1.048141900635290780e+00,0.000000000000000000e+00,7.186772646927410278e+03,7.869816513544331247e+04,0.000000000000000000e+00,2.869398004988382933e+00,-1.048141900635555679e+00,0.000000000000000000e+00
6.720000000000000000e+04,7.473518824789847713e+03,7.859125947267957963e+04,0.000000000000000000e+00,2.865500139073361652e+00,-1.089961880010195117e+00,0.000000000000000000e+00,7.473518824787425729e+03,7.859125947266673029e+04,0.000000000000000000e+00,2.865500139073013930e+00,-1.089961880009924444e+00,0.000000000000000000e+00,7.473518824789864084e+03,7.859125947267956508e+04,0.000000000000000000e+00,2.865500139073360764e+00,-1.089961880010196005e+00,0.000000000000000000e+00
6.730000000000000000e+04,7.759867595599687775e+03,7.848017469141539186e+04,0.000000000000000000e+00,2.861449899157399557e+00,-1.131723900269680172e+00,0.000000000000000000e+00,7.759867595597253057e+03,7.848017469140238245e+04,0.000000000000000000e+00,2.861449899157051391e+00,-1.131723900269405725e+00,0.000000000000000000e+00,7.759867595599702327e+03,7.848017469141520269e+04,0.000000000000000000e+00,2.861449899157398669e+00,-1.131723900269678618e+00,0.000000000000000000e+00
6.740000000000000000e+04,8.045803732658067020e+03,7.836491669862344861e+04,0.000000000000000000e+00,2.857247500613461000e+00,-1.173425740703560649e+00,0.000000000000000000e+00,8.045803732655580461e+03,7.836491669861059927e+04,0.000000000000000000e+00,2.857247500613113278e+00,-1.173425740703280651e+00,0.000000000000000000e+00,8.045803732658075205e+03,7.836491669862337585e+04,0.000000000000000000e+00,2.857247500613460112e+00,-1.173425740703560205e+00,0.000000000000000000e+00
6.750000000000000000e+04,8.331312031207969994e+03,7.824549162318930030e+04,0.000000000000000000e+00,2.852893166905602129e+00,-1.215065183801467441e+00,0.000000000000000000e+00,8.331312031205436142e+03,7.824549162317661103e+04,0.000000000000000000e+00,2.852893166905253963e+00,-1.215065183801179227e+00,0.000000000000000000e+00,8.331312031207975451e+03,7.824549162318935851e+04,0.000000000000000000e+00,2.852893166905600797e+00,-1.215065183801465665e+00,0.000000000000000000e+00
6.760000000000000000e+04,8.616377309242860065e+03,7.812190581558481790e+04,0.000000000000000000e+00,2.848387129577082177e+00,-1.256640015371019103e+00,0.000000000000000000e+00,8.616377309240313480e+03,7.812190581557179394e+04,0.000000000000000000e+00,2.848387129576735344e+00,-1.256640015370732444e+00,0.000000000000000000e+00,8.616377309242863703e+03,7.812190581558452686e+04,0.000000000000000000e+00,2.848387129577082177e+00,-1.256640015371020214e+00,0.000000000000000000e+00
6.770000000000000000e+04,8.900984408314077882e+03,7.799416584752872586e+04,0.000000000000000000e+00,2.843729628238060414e+00,-1.298148024655606747e+00,0.000000000000000000e+00,8.900984408311484003e+03,7.799416584751592018e+04,0.000000000000000000e+00,2.843729628237713136e+00,-1.298148024655312538e+00,0.000000000000000000e+00,8.900984408314079701e+03,7.799416584752860945e+04,0.000000000000000000e+00,2.843729628238059970e+00,-1.298148024655606969e+00,0.000000000000000000e+00
6.780000000000000000e+04,9.185118194336682791e+03,7.786227851164061576e+04,0.000000000000000000e+00,2.838920910552843679e+00,-1.339587004451891161e+00,0.000000000000000000e+00,9.185118194334050713e+03,7.786227851162776642e+04,0.000000000000000000e+00,2.838920910552498178e+00,-1.339587004451590291e+00,0.000000000000000000e+00,9.185118194336690067e+03,7.786227851164041203e+04,0.000000000000000000e+00,2.838920910552844568e+00,-1.339587004451891383e+00,0.000000000000000000e+00
6.790000000000000000e+04,9.468763558394406573e+03,7.772625082107656635e+04,0.000000000000000000e+00,2.833961232226728910e+00,-1.380954751227212896e+00,0.000000000000000000e+00,9.468763558391701736e+03,7.772625082106386253e+04,0.000000000000000000e+00,2.833961232226382521e+00,-1.380954751226904920e+00,0.000000000000000000e+00,9.468763558394386564e+03,7.772625082107646449e+04,0.000000000000000000e+00,2.833961232226728466e+00,-1.380954751227212896e+00,0.000000000000000000e+00
6.800000000000000000e+04,9.751905417542846408e+03,7.758609000915824436e+04,0.000000000000000000e+00,2.828850856992392693e+00,-1.422249065236746546e+00,0.000000000000000000e+00,9.751905417540148846e+03,7.758609000914559874e+04,0.000000000000000000e+00,2.828850856992045859e+00,-1.422249065236437238e+00,0.000000000000000000e+00,9.751905417542844589e+03,7.758609000915817160e+04,0.000000000000000000e+00,2.828850856992391805e+00,-1.422249065236746546e+00,0.000000000000000000e+00
6.810000000000000000e+04,1.003452871561190113e+04,7.744180352898733690e+04,0.000000000000000000e+00,2.823590056595874032e+00,-1.463467750640496945e+00,0.000000000000000000e+00,1.003452871560915082e+04,7.744180352897457487e+04,0.000000000000000000e+00,2.823590056595529862e+00,-1.463467750640181197e+00,0.000000000000000000e+00,1.003452871561189204e+04,7.744180352898711863e+04,0.000000000000000000e+00,2.823590056595875364e+00,-1.463467750640497167e+00,0.000000000000000000e+00
6.820000000000000000e+04,1.031661842400592286e+04,7.729339905304857530e+04,0.000000000000000000e+00,2.818179110782134345e+00,-1.504608615620032452e+00,0.000000000000000000e+00,1.031661842400314345e+04,7.729339905303629348e+04,0.000000000000000000e+00,2.818179110781788843e+00,-1.504608615619709377e+00,0.000000000000000000e+00,1.031661842400593014e+04,7.729339905304880813e+04,0.000000000000000000e+00,2.818179110782134345e+00,-1.504608615620032230e+00,0.000000000000000000e+00
6.830000000000000000e+04,1.059815954250319919e+04,7.714088447280484252e+04,0.000000000000000000e+00,2.812618307280159158e+00,-1.545669472495047714e+00,0.000000000000000000e+00,1.059815954250038158e+04,7.714088447279216780e+04,0.000000000000000000e+00,2.812618307279813212e+00,-1.545669472494723751e+00,0.000000000000000000e+00,1.059815954250317736e+04,7.714088447280466789e+04,0.000000000000000000e+00,2.812618307280159602e+00,-1.545669472495048158e+00,0.000000000000000000e+00
6.840000000000000000e+04,1.087913710005342728e+04,7.698426789827225730e+04,0.000000000000000000e+00,2.806907941787677885e+00,-1.586648137839713257e+00,0.000000000000000000e+00,1.087913710005058783e+04,7.698426789825988817e+04,0.000000000000000000e+00,2.806907941787330607e+00,-1.586648137839385742e+00,0.000000000000000000e+00,1.087913710005342728e+04,7.698426789827233006e+04,0.000000000000000000e+00,2.806907941787676553e+00,-1.586648137839716366e+00,0.000000000000000000e+00
6.850000000000000000e+04,1.115953615557393641e+04,7.682355765759479254e+04,0.000000000000000000e+00,2.801048317955425304e+00,-1.627542432598756861e+00,0.000000000000000000e+00,1.115953615557103876e+04,7.682355765758213238e+04,0.000000000000000000e+00,2.801048317955080247e+00,-1.627542432598420685e+00,0.000000000000000000e+00,1.115953615557392368e+04,7.682355765759454516e+04,0.000000000000000000e+00,2.801048317955425304e+00,-1.627542432598758193e+00,0.000000000000000000e+00
6.860000000000000000e+04,1.143934179874396068e+04,7.665876229659654200e+04,0.000000000000000000e+00,2.795039747371014016e+00,-1.668350182203329979e+00,0.000000000000000000e+00,1.143934179874106667e+04,7.665876229658379452e+04,0.000000000000000000e+00,2.795039747370667627e+00,-1.668350182202990473e+00,0.000000000000000000e+00,1.143934179874396068e+04,7.665876229659617820e+04,0.000000000000000000e+00,2.795039747371013572e+00,-1.668350182203329535e+00,0.000000000000000000e+00
6.870000000000000000e+04,1.171853915079786384e+04,7.648989057832979597e+04,0.000000000000000000e+00,2.788882549542341494e+00,-1.709069216686671666e+00,0.000000000000000000e+00,1.171853915079491890e+04,7.648989057831748505e+04,0.000000000000000000e+00,2.788882549541995992e+00,-1.709069216686327053e+00,0.000000000000000000e+00,1.171853915079785475e+04,7.648989057832983963e+04,0.000000000000000000e+00,2.788882549542341494e+00,-1.709069216686672554e+00,0.000000000000000000e+00
6.880000000000000000e+04,1.199711336531590496e+04,7.631695148261007853e+04,0.000000000000000000e+00,2.782577051880620544e+00,-1.749697370799472296e+00,0.000000000000000000e+00,1.199711336531293819e+04,7.631695148259759299e+04,0.000000000000000000e+00,2.782577051880275487e+00,-1.749697370799120355e+00,0.000000000000000000e+00,1.199711336531591951e+04,7.631695148260990391e+04,0.000000000000000000e+00,2.782577051880620100e+00,-1.749697370799472296e+00,0.000000000000000000e+00
6.890000000000000000e+04,1.227504962901401450e+04,7.613995420553488657e+04,0.000000000000000000e+00,2.776123589682956805e+00,-1.790232484125011680e+00,0.000000000000000000e+00,1.227504962901103681e+04,7.613995420552275027e+04,0.000000000000000000e+00,2.776123589682612636e+00,-1.790232484124656631e+00,0.000000000000000000e+00,1.227504962901402723e+04,7.613995420553501754e+04,0.000000000000000000e+00,2.776123589682957249e+00,-1.790232484125010348e+00,0.000000000000000000e+00
6.900000000000000000e+04,1.255233316253140219e+04,7.595890815899893641e+04,0.000000000000000000e+00,2.769522506114524774e+00,-1.830672401194060939e+00,0.000000000000000000e+00,1.255233316252838449e+04,7.595890815898685833e+04,0.000000000000000000e+00,2.769522506114181493e+00,-1.830672401193699894e+00,0.000000000000000000e+00,1.255233316253141675e+04,7.595890815899906738e+04,0.000000000000000000e+00,2.769522506114525662e+00,-1.830672401194060273e+00,0.000000000000000000e+00
6.910000000000000000e+04,1.282894922121638956e+04,7.577382297019055113e+04,0.000000000000000000e+00,2.762774152190319299e+00,-1.871014971599475274e+00,0.000000000000000000e+00,1.282894922121331547e+04,7.577382297017857491e+04,0.000000000000000000e+00,2.762774152189976462e+00,-1.871014971599109344e+00,0.000000000000000000e+00,1.282894922121639320e+04,7.577382297019074031e+04,0.000000000000000000e+00,2.762774152190320187e+00,-1.871014971599476162e+00,0.000000000000000000e+00
6.920000000000000000e+04,1.310488309591049619e+04,7.558470848108152859e+04,0.000000000000000000e+00,2.755878886756487844e+00,-1.911258050110562934e+00,0.000000000000000000e+00,1.310488309590738208e+04,7.558470848106940684e+04,0.000000000000000000e+00,2.755878886756145452e+00,-1.911258050110187456e+00,0.000000000000000000e+00,1.310488309591050165e+04,7.558470848108152859e+04,0.000000000000000000e+00,2.755878886756488733e+00,-1.911258050110560935e+00,0.000000000000000000e+00
6.930000000000000000e+04,1.338012011373061978e+04,7.539157474790257402e+04,0.000000000000000000e+00,2.748837076471252416e+00,-1.951399496787129095e+00,0.000000000000000000e+00,1.338012011372750931e+04,7.539157474789036496e+04,0.000000000000000000e+00,2.748837076470909135e+00,-1.951399496786754728e+00,0.000000000000000000e+00,1.338012011373063797e+04,7.539157474790245760e+04,0.000000000000000000e+00,2.748837076471252860e+00,-1.951399496787129761e+00,0.000000000000000000e+00
6.940000000000000000e+04,1.365464563884942618e+04,7.519443204060941935e+04,0.000000000000000000e+00,2.741649095785406942e+00,-1.991437177093322575e+00,0.000000000000000000e+00,1.365464563884624113e+04,7.519443204059719574e+04,0.000000000000000000e+00,2.741649095785063217e+00,-1.991437177092940658e+00,0.000000000000000000e+00,1.365464563884941708e+04,7.519443204060924472e+04,0.000000000000000000e+00,2.741649095785406054e+00,-1.991437177093322575e+00,0.000000000000000000e+00
6.950000000000000000e+04,1.392844507327320753e+04,7.499329084233636968e+04,0.000000000000000000e+00,2.734315326922407863e+00,-2.031368962011075752e+00,0.000000000000000000e+00,1.392844507327000429e+04,7.499329084232430614e+04,0.000000000000000000e+00,2.734315326922066802e+00,-2.031368962010688950e+00,0.000000000000000000e+00,1.392844507327322208e+04,7.499329084233631147e+04,0.000000000000000000e+00,2.734315326922408751e+00,-2.031368962011077084e+00,0.000000000000000000e+00
6.960000000000000000e+04,1.420150385761859070e+04,7.478816184883913957e+04,0.000000000000000000e+00,2.726836159858061492e+00,-2.071192728153356200e+00,0.000000000000000000e+00,1.420150385761535472e+04,7.478816184882729431e+04,0.000000000000000000e+00,2.726836159857717767e+00,-2.071192728152968510e+00,0.000000000000000000e+00,1.420150385761858342e+04,7.478816184883927053e+04,0.000000000000000000e+00,2.726836159858060160e+00,-2.071192728153358420e+00,0.000000000000000000e+00
6.970000000000000000e+04,1.447380747188646637e+04,7.457905596792628057e+04,0.000000000000000000e+00,2.719211992299758407e+00,-2.110906357877082584e+00,0.000000000000000000e+00,1.447380747188318492e+04,7.457905596791418793e+04,0.000000000000000000e+00,2.719211992299416458e+00,-2.110906357876685568e+00,0.000000000000000000e+00,1.447380747188645546e+04,7.457905596792610595e+04,0.000000000000000000e+00,2.719211992299757963e+00,-2.110906357877081696e+00,0.000000000000000000e+00
6.980000000000000000e+04,1.474534143623412820e+04,7.436598431887733750e+04,0.000000000000000000e+00,2.711443229665356114e+00,-2.150507739395694173e+00,0.000000000000000000e+00,1.474534143623082673e+04,7.436598431886541948e+04,0.000000000000000000e+00,2.711443229665015497e+00,-2.150507739395290052e+00,0.000000000000000000e+00,1.474534143623414093e+04,7.436598431887730840e+04,0.000000000000000000e+00,2.711443229665356114e+00,-2.150507739395692841e+00,0.000000000000000000e+00
6.990000000000000000e+04,1.501609131174536014e+04,7.414895823185448535e+04,0.000000000000000000e+00,2.703530285061603422e+00,-2.189994766891473432e+00,0.000000000000000000e+00,1.501609131174202594e+04,7.414895823184264009e+04,0.000000000000000000e+00,2.703530285061263250e+00,-2.189994766891070643e+00,0.000000000000000000e+00,1.501609131174534923e+04,7.414895823185449990e+04,0.000000000000000000e+00,2.703530285061603866e+00,-2.189994766891475209e+00,0.000000000000000000e+00
7.000000000000000000e+04,1.528604270119809371e+04,7.392798924729833379e+04,0.000000000000000000e+00,2.695473579262177566e+00,-2.229365340627545322e+00,0.000000000000000000e+00,1.528604270119473222e+04,7.392798924728608108e+04,0.000000000000000000e+00,2.695473579261836505e+00,-2.229365340627132319e+00,0.000000000000000000e+00,1.528604270119809917e+04,7.392798924729789724e+04,0.000000000000000000e+00,2.695473579262176678e+00,-2.229365340627543546e+00,0.000000000000000000e+00
7.010000000000000000e+04,1.555518124983010057e+04,7.370308911531255580e+04,0.000000000000000000e+00,2.687273540685303885e+00,-2.268617367059468037e+00,0.000000000000000000e+00,1.555518124982667905e+04,7.370308911530101614e+04,0.000000000000000000e+00,2.687273540684965045e+00,-2.268617367059050594e+00,0.000000000000000000e+00,1.555518124983008966e+04,7.370308911531278864e+04,0.000000000000000000e+00,2.687273540685304329e+00,-2.268617367059468481e+00,0.000000000000000000e+00
7.020000000000000000e+04,1.582349264610213868e+04,7.347426979504455812e+04,0.000000000000000000e+00,2.678930605370988260e+00,-2.307748758946615908e+00,0.000000000000000000e+00,1.582349264609870443e+04,7.347426979503288749e+04,0.000000000000000000e+00,2.678930605370650753e+00,-2.307748758946196244e+00,0.000000000000000000e+00,1.582349264610212413e+04,7.347426979504463088e+04,0.000000000000000000e+00,2.678930605370989593e+00,-2.307748758946615908e+00,0.000000000000000000e+00
7.030000000000000000e+04,1.609096262245920661e+04,7.324154345404310152e+04,0.000000000000000000e+00,2.670445216957817891e+00,-2.346757435463151964e+00,0.000000000000000000e+00,1.609096262245576872e+04,7.324154345403138723e+04,0.000000000000000000e+00,2.670445216957480827e+00,-2.346757435462726082e+00,0.000000000000000000e+00,1.609096262245923026e+04,7.324154345404307242e+04,0.000000000000000000e+00,2.670445216957818779e+00,-2.346757435463152408e+00,0.000000000000000000e+00
7.040000000000000000e+04,1.635757695608914946e+04,7.300492246761498973e+04,0.000000000000000000e+00,2.661817826659374830e+00,-2.385641322308661216e+00,0.000000000000000000e+00,1.635757695608563881e+04,7.300492246760342096e+04,0.000000000000000000e+00,2.661817826659037323e+00,-2.385641322308230894e+00,0.000000000000000000e+00,1.635757695608914219e+04,7.300492246761506249e+04,0.000000000000000000e+00,2.661817826659373942e+00,-2.385641322308663437e+00,0.000000000000000000e+00
7.050000000000000000e+04,1.662332146967870358e+04,7.276441941816685721e+04,0.000000000000000000e+00,2.653048893240240069e+00,-2.424398351818468633e+00,0.000000000000000000e+00,1.662332146967519293e+04,7.276441941815508471e+04,0.000000000000000000e+00,2.653048893239903450e+00,-2.424398351818036090e+00,0.000000000000000000e+00,1.662332146967870722e+04,7.276441941816669714e+04,0.000000000000000000e+00,2.653048893240239625e+00,-2.424398351818469965e+00,0.000000000000000000e+00
7.060000000000000000e+04,1.688818203216786787e+04,7.252004709453415126e+04,0.000000000000000000e+00,2.644138882991603268e+00,-2.463026463073592076e+00,0.000000000000000000e+00,1.688818203216430265e+04,7.252004709452259704e+04,0.000000000000000000e+00,2.644138882991268868e+00,-2.463026463073151984e+00,0.000000000000000000e+00,1.688818203216786060e+04,7.252004709453415126e+04,0.000000000000000000e+00,2.644138882991603712e+00,-2.463026463073592520e+00,0.000000000000000000e+00
7.070000000000000000e+04,1.715214455950085539e+04,7.227181849130359478e+04,0.000000000000000000e+00,2.635088269706469255e+00,-2.501523602010309766e+00,0.000000000000000000e+00,1.715214455949725743e+04,7.227181849129215698e+04,0.000000000000000000e+00,2.635088269706134412e+00,-2.501523602009863900e+00,0.000000000000000000e+00,1.715214455950085539e+04,7.227181849130365299e+04,0.000000000000000000e+00,2.635088269706468367e+00,-2.501523602010311098e+00,0.000000000000000000e+00
7.080000000000000000e+04,1.741519501537534234e+04,7.201974680812028237e+04,0.000000000000000000e+00,2.625897534654451526e+00,-2.539887721529410669e+00,0.000000000000000000e+00,1.741519501537169344e+04,7.201974680810907739e+04,0.000000000000000000e+00,2.625897534654118015e+00,-2.539887721528957698e+00,0.000000000000000000e+00,1.741519501537533142e+04,7.201974680812051520e+04,0.000000000000000000e+00,2.625897534654451082e+00,-2.539887721529410669e+00,0.000000000000000000e+00
7.090000000000000000e+04,1.767731941198860295e+04,7.176384544898732565e+04,0.000000000000000000e+00,2.616567166556197144e+00,-2.578116781605027441e+00,0.000000000000000000e+00,1.767731941198496497e+04,7.176384544897580054e+04,0.000000000000000000e+00,2.616567166555863633e+00,-2.578116781604573582e+00,0.000000000000000000e+00,1.767731941198861023e+04,7.176384544898720924e+04,0.000000000000000000e+00,2.616567166556196700e+00,-2.578116781605027885e+00,0.000000000000000000e+00
7.100000000000000000e+04,1.793850381078165083e+04,7.150412802155059762e+04,0.000000000000000000e+00,2.607097661557383539e+00,-2.616208749393146960e+00,0.000000000000000000e+00,1.793850381077796555e+04,7.150412802153918892e+04,0.000000000000000000e+00,2.607097661557051804e+00,-2.616208749392686439e+00,0.000000000000000000e+00,1.793850381078165083e+04,7.150412802155053942e+04,0.000000000000000000e+00,2.607097661557383095e+00,-2.616208749393146960e+00,0.000000000000000000e+00
7.110000000000000000e+04,1.819873432318003324e+04,7.124060833637812175e+04,0.000000000000000000e+00,2.597489523202348494e+00,-2.654161599339670552e+00,0.000000000000000000e+00,1.819873432317631159e+04,7.124060833636688767e+04,0.000000000000000000e+00,2.597489523202017647e+00,-2.654161599339203370e+00,0.000000000000000000e+00,1.819873432318004052e+04,7.124060833637816540e+04,0.000000000000000000e+00,2.597489523202348050e+00,-2.654161599339670108e+00,0.000000000000000000e+00
7.120000000000000000e+04,1.845799711133261735e+04,7.097330040622409433e+04,0.000000000000000000e+00,2.587743262407305345e+00,-2.691973313288141156e+00,0.000000000000000000e+00,1.845799711132887751e+04,7.097330040621297667e+04,0.000000000000000000e+00,2.587743262406975386e+00,-2.691973313287672198e+00,0.000000000000000000e+00,1.845799711133261735e+04,7.097330040622422530e+04,0.000000000000000000e+00,2.587743262407305789e+00,-2.691973313288140712e+00,0.000000000000000000e+00
7.130000000000000000e+04,1.871627838884739322e+04,7.070221844528382644e+04,0.000000000000000000e+00,2.577859397433178934e+00,-2.729641880587073466e+00,0.000000000000000000e+00,1.871627838884361336e+04,7.070221844527281064e+04,0.000000000000000000e+00,2.577859397432850308e+00,-2.729641880586598734e+00,0.000000000000000000e+00,1.871627838884739322e+04,7.070221844528398651e+04,0.000000000000000000e+00,2.577859397433179378e+00,-2.729641880587073910e+00,0.000000000000000000e+00
7.140000000000000000e+04,1.897356442152448290e+04,7.042737686843820848e+04,0.000000000000000000e+00,2.567838453858047210e+00,-2.767165298196842649e+00,0.000000000000000000e+00,1.897356442152065210e+04,7.042737686842720723e+04,0.000000000000000000e+00,2.567838453857718140e+00,-2.767165298196363477e+00,0.000000000000000000e+00,1.897356442152447198e+04,7.042737686843832489e+04,0.000000000000000000e+00,2.567838453858046321e+00,-2.767165298196844869e+00,0.000000000000000000e+00
7.150000000000000000e+04,1.922984152808644285e+04,7.014879029048676603e+04,0.000000000000000000e+00,2.557680964549186697e+00,-2.804541570796217798e+00,0.000000000000000000e+00,1.922984152808263752e+04,7.014879029047591030e+04,0.000000000000000000e+00,2.557680964548859404e+00,-2.804541570795733740e+00,0.000000000000000000e+00,1.922984152808646468e+04,7.014879029048701341e+04,0.000000000000000000e+00,2.557680964549187586e+00,-2.804541570796216909e+00,0.000000000000000000e+00
7.160000000000000000e+04,1.948509608090609254e+04,6.986647352537140250e+04,0.000000000000000000e+00,2.547387469634750268e+00,-2.841768710888453064e+00,0.000000000000000000e+00,1.948509608090221082e+04,6.986647352536043036e+04,0.000000000000000000e+00,2.547387469634422974e+00,-2.841768710887965010e+00,0.000000000000000000e+00,1.948509608090607435e+04,6.986647352537148981e+04,0.000000000000000000e+00,2.547387469634749824e+00,-2.841768710888453953e+00,0.000000000000000000e+00
7.170000000000000000e+04,1.973931450673058862e+04,6.958044158538710326e+04,0.000000000000000000e+00,2.536958516475031011e+00,-2.878844738906983558e+00,0.000000000000000000e+00,1.973931450672668143e+04,6.958044158537634939e+04,0.000000000000000000e+00,2.536958516474704606e+00,-2.878844738906488399e+00,0.000000000000000000e+00,1.973931450673058862e+04,6.958044158538735064e+04,0.000000000000000000e+00,2.536958516475030123e+00,-2.878844738906983558e+00,0.000000000000000000e+00
7.180000000000000000e+04,1.999248328740369470e+04,6.929070968038542196e+04,0.000000000000000000e+00,2.526394659633366402e+00,-2.915767683320670045e+00,0.000000000000000000e+00,1.999248328739978751e+04,6.929070968037500279e+04,0.000000000000000000e+00,2.526394659633040884e+00,-2.915767683320173553e+00,0.000000000000000000e+00,1.999248328740370198e+04,6.929070968038597493e+04,0.000000000000000000e+00,2.526394659633366402e+00,-2.915767683320670045e+00,0.000000000000000000e+00
7.190000000000000000e+04,2.024458896058447135e+04,6.899729321696539409e+04,0.000000000000000000e+00,2.515696460846644555e+00,-2.952535580738667953e+00,0.000000000000000000e+00,2.024458896058052414e+04,6.899729321695466933e+04,0.000000000000000000e+00,2.515696460846320814e+00,-2.952535580738165688e+00,0.000000000000000000e+00,2.024458896058447499e+04,6.899729321696558327e+04,0.000000000000000000e+00,2.515696460846644555e+00,-2.952535580738668397e+00,0.000000000000000000e+00
7.200000000000000000e+04,2.049561812046299747e+04,6.870020779765234329e+04,0.000000000000000000e+00,2.504864488995437455e+00,-2.989146476014798992e+00,0.000000000000000000e+00,2.049561812045900297e+04,6.870020779764137114e+04,0.000000000000000000e+00,2.504864488995113270e+00,-2.989146476014290066e+00,0.000000000000000000e+00,2.049561812046299747e+04,6.870020779765222687e+04,0.000000000000000000e+00,2.504864488995436123e+00,-2.989146476014799436e+00,0.000000000000000000e+00
7.210000000000000000e+04,2.074555741847334139e+04,6.839946922007040121e+04,0.000000000000000000e+00,2.493899320073741599e+00,-3.025598422351526651e+00,0.000000000000000000e+00,2.074555741846933233e+04,6.839946922005918168e+04,0.000000000000000000e+00,2.493899320073420078e+00,-3.025598422351017280e+00,0.000000000000000000e+00,2.074555741847333047e+04,6.839946922007000830e+04,0.000000000000000000e+00,2.493899320073742487e+00,-3.025598422351527983e+00,0.000000000000000000e+00
7.220000000000000000e+04,2.099439356400343240e+04,6.809509347610082477e+04,0.000000000000000000e+00,2.482801537158365157e+00,-3.061889481403501811e+00,0.000000000000000000e+00,2.099439356399940152e+04,6.809509347609017277e+04,0.000000000000000000e+00,2.482801537158043192e+00,-3.061889481402985336e+00,0.000000000000000000e+00,2.099439356400344332e+04,6.809509347610092664e+04,0.000000000000000000e+00,2.482801537158364713e+00,-3.061889481403502256e+00,0.000000000000000000e+00
7.230000000000000000e+04,2.124211332510171633e+04,6.778709675103472546e+04,0.000000000000000000e+00,2.471571730377903897e+00,-3.098017723380593225e+00,0.000000000000000000e+00,2.124211332509763815e+04,6.778709675102404435e+04,0.000000000000000000e+00,2.471571730377582821e+00,-3.098017723380070976e+00,0.000000000000000000e+00,2.124211332510171997e+04,6.778709675103474001e+04,0.000000000000000000e+00,2.471571730377903009e+00,-3.098017723380593669e+00,0.000000000000000000e+00
7.240000000000000000e+04,2.148870352918074059e+04,6.747549542270810343e+04,0.000000000000000000e+00,2.460210496881373388e+00,-3.133981227150536064e+00,0.000000000000000000e+00,2.148870352917661876e+04,6.747549542269746598e+04,0.000000000000000000e+00,2.460210496881054976e+00,-3.133981227150007598e+00,0.000000000000000000e+00,2.148870352918074059e+04,6.747549542270808888e+04,0.000000000000000000e+00,2.460210496881373388e+00,-3.133981227150536064e+00,0.000000000000000000e+00
7.250000000000000000e+04,2.173415106371763977e+04,6.716030606063385494e+04,0.000000000000000000e+00,2.448718440806456620e+00,-3.169778080341072446e+00,0.000000000000000000e+00,2.173415106371350703e+04,6.716030606062320294e+04,0.000000000000000000e+00,2.448718440806139096e+00,-3.169778080340541759e+00,0.000000000000000000e+00,2.173415106371764341e+04,6.716030606063379673e+04,0.000000000000000000e+00,2.448718440806457064e+00,-3.169778080341072002e+00,0.000000000000000000e+00
7.260000000000000000e+04,2.197844287695152161e+04,6.684154542511957698e+04,0.000000000000000000e+00,2.437096173247367936e+00,-3.205406379441662068e+00,0.000000000000000000e+00,2.197844287694734885e+04,6.684154542510898318e+04,0.000000000000000000e+00,2.437096173247051301e+00,-3.205406379441125164e+00,0.000000000000000000e+00,2.197844287695152161e+04,6.684154542511951877e+04,0.000000000000000000e+00,2.437096173247367936e+00,-3.205406379441661180e+00,0.000000000000000000e+00
7.270000000000000000e+04,2.222156597857727320e+04,6.651923046637675725e+04,0.000000000000000000e+00,2.425344312222367016e+00,-3.240864229904675931e+00,0.000000000000000000e+00,2.222156597857306770e+04,6.651923046636630897e+04,0.000000000000000000e+00,2.425344312222051268e+00,-3.240864229904133254e+00,0.000000000000000000e+00,2.222156597857727684e+04,6.651923046637677180e+04,0.000000000000000000e+00,2.425344312222366572e+00,-3.240864229904675486e+00,0.000000000000000000e+00
7.280000000000000000e+04,2.246350744043647137e+04,6.619337832361971959e+04,0.000000000000000000e+00,2.413463482640892721e+00,-3.276149746246153960e+00,0.000000000000000000e+00,2.246350744043225859e+04,6.619337832360906759e+04,0.000000000000000000e+00,2.413463482640576974e+00,-3.276149746245609951e+00,0.000000000000000000e+00,2.246350744043648228e+04,6.619337832361950132e+04,0.000000000000000000e+00,2.413463482640892277e+00,-3.276149746246154404e+00,0.000000000000000000e+00
7.290000000000000000e+04,2.270425439720488794e+04,6.586400632415269502e+04,0.000000000000000000e+00,2.401454316270331901e+00,-3.311261052146077688e+00,0.000000000000000000e+00,2.270425439720063514e+04,6.586400632414220308e+04,0.000000000000000000e+00,2.401454316270017486e+00,-3.311261052145527461e+00,0.000000000000000000e+00,2.270425439720489157e+04,6.586400632415256405e+04,0.000000000000000000e+00,2.401454316270331013e+00,-3.311261052146077244e+00,0.000000000000000000e+00
7.300000000000000000e+04,2.294379404707644426e+04,6.553113198245060630e+04,0.000000000000000000e+00,2.389317451702425821e+00,-3.346196280548116242e+00,0.000000000000000000e+00,2.294379404707214417e+04,6.553113198244030355e+04,0.000000000000000000e+00,2.389317451702114514e+00,-3.346196280547561130e+00,0.000000000000000000e+00,2.294379404707644062e+04,6.553113198245059175e+04,0.000000000000000000e+00,2.389317451702426265e+00,-3.346196280548117130e+00,0.000000000000000000e+00
7.310000000000000000e+04,2.318211365244400804e+04,6.519477299922681414e+04,0.000000000000000000e+00,2.377053534319319539e+00,-3.380953573758927799e+00,0.000000000000000000e+00,2.318211365243971522e+04,6.519477299921624945e+04,0.000000000000000000e+00,2.377053534319009120e+00,-3.380953573758370467e+00,0.000000000000000000e+00,2.318211365244402259e+04,6.519477299922651582e+04,0.000000000000000000e+00,2.377053534319320427e+00,-3.380953573758927799e+00,0.000000000000000000e+00
7.320000000000000000e+04,2.341920054057690140e+04,6.485494726049015298e+04,0.000000000000000000e+00,2.364663216259229372e+00,-3.415531083546945457e+00,0.000000000000000000e+00,2.341920054057258676e+04,6.485494726048001030e+04,0.000000000000000000e+00,2.364663216258920286e+00,-3.415531083546382796e+00,0.000000000000000000e+00,2.341920054057692687e+04,6.485494726049020392e+04,0.000000000000000000e+00,2.364663216259229817e+00,-3.415531083546945901e+00,0.000000000000000000e+00
7.330000000000000000e+04,2.365504210429454542e+04,6.451167283659754321e+04,0.000000000000000000e+00,2.352147156381779070e+00,-3.449926971240642182e+00,0.000000000000000000e+00,2.365504210429016530e+04,6.451167283658751694e+04,0.000000000000000000e+00,2.352147156381469539e+00,-3.449926971240073303e+00,0.000000000000000000e+00,2.365504210429454179e+04,6.451167283659763780e+04,0.000000000000000000e+00,2.352147156381777737e+00,-3.449926971240642182e+00,0.000000000000000000e+00
7.340000000000000000e+04,2.388962580263683049e+04,6.416496798129007220e+04,0.000000000000000000e+00,2.339506020232952288e+00,-3.484139407826308599e+00,0.000000000000000000e+00,2.388962580263244672e+04,6.416496798127976945e+04,0.000000000000000000e+00,2.339506020232644090e+00,-3.484139407825738388e+00,0.000000000000000000e+00,2.388962580263683412e+04,6.416496798128986120e+04,0.000000000000000000e+00,2.339506020232951844e+00,-3.484139407826309043e+00,0.000000000000000000e+00
7.350000000000000000e+04,2.412293916153127793e+04,6.381485113072232343e+04,0.000000000000000000e+00,2.326740480009712897e+00,-3.518166574045329398e+00,0.000000000000000000e+00,2.412293916152686506e+04,6.381485113071219530e+04,0.000000000000000000e+00,2.326740480009406919e+00,-3.518166574044752082e+00,0.000000000000000000e+00,2.412293916153129248e+04,6.381485113072222157e+04,0.000000000000000000e+00,2.326740480009712897e+00,-3.518166574045328510e+00,0.000000000000000000e+00
7.360000000000000000e+04,2.435496977445606899e+04,6.346134090248448774e+04,0.000000000000000000e+00,2.313851214524257571e+00,-3.552006660490889534e+00,0.000000000000000000e+00,2.435496977445161610e+04,6.346134090247430868e+04,0.000000000000000000e+00,2.313851214523953370e+00,-3.552006660490307333e+00,0.000000000000000000e+00,2.435496977445607627e+04,6.346134090248427674e+04,0.000000000000000000e+00,2.313851214524257127e+00,-3.552006660490889534e+00,0.000000000000000000e+00
7.370000000000000000e+04,2.458570530309984315e+04,6.310445609460957348e+04,0.000000000000000000e+00,2.300838909167915780e+00,-3.585657867704215462e+00,0.000000000000000000e+00,2.458570530309536480e+04,6.310445609459970001e+04,0.000000000000000000e+00,2.300838909167612467e+00,-3.585657867703631485e+00,0.000000000000000000e+00,2.458570530309983224e+04,6.310445609460963169e+04,0.000000000000000000e+00,2.300838909167915780e+00,-3.585657867704215462e+00,0.000000000000000000e+00
7.380000000000000000e+04,2.481513347801786585e+04,6.274421568457642570e+04,0.000000000000000000e+00,2.287704255874704273e+00,-3.619118406270263044e+00,0.000000000000000000e+00,2.481513347801335476e+04,6.274421568456642854e+04,0.000000000000000000e+00,2.287704255874403625e+00,-3.619118406269672406e+00,0.000000000000000000e+00,2.481513347801786222e+04,6.274421568457628746e+04,0.000000000000000000e+00,2.287704255874705161e+00,-3.619118406270262600e+00,0.000000000000000000e+00
7.390000000000000000e+04,2.504324209928437631e+04,6.238063882829784416e+04,0.000000000000000000e+00,2.274447953084541396e+00,-3.652386496912849001e+00,0.000000000000000000e+00,2.504324209927982884e+04,6.238063882828791247e+04,0.000000000000000000e+00,2.274447953084242080e+00,-3.652386496912253033e+00,0.000000000000000000e+00,2.504324209928437267e+04,6.238063882829770591e+04,0.000000000000000000e+00,2.274447953084541840e+00,-3.652386496912848557e+00,0.000000000000000000e+00
7.400000000000000000e+04,2.527001903714135551e+04,6.201374485910451040e+04,0.000000000000000000e+00,2.261070705706096362e+00,-3.685460370589283219e+00,0.000000000000000000e+00,2.527001903713678257e+04,6.201374485909431678e+04,0.000000000000000000e+00,2.261070705705798378e+00,-3.685460370588682366e+00,0.000000000000000000e+00,2.527001903714136279e+04,6.201374485910403746e+04,0.000000000000000000e+00,2.261070705706096362e+00,-3.685460370589283663e+00,0.000000000000000000e+00
7.410000000000000000e+04,2.549545223264353262e+04,6.164355328671401367e+04,0.000000000000000000e+00,2.247573225079313453e+00,-3.718338268584430839e+00,0.000000000000000000e+00,2.549545223263894513e+04,6.164355328670446033e+04,0.000000000000000000e+00,2.247573225079015469e+00,-3.718338268583827766e+00,0.000000000000000000e+00,2.549545223264353262e+04,6.164355328671415191e+04,0.000000000000000000e+00,2.247573225079313008e+00,-3.718338268584430839e+00,0.000000000000000000e+00
7.420000000000000000e+04,2.571952969829965878e+04,6.127008379619824700e+04,0.000000000000000000e+00,2.233956228937577393e+00,-3.751018442604241443e+00,0.000000000000000000e+00,2.571952969829503127e+04,6.127008379618840263e+04,0.000000000000000000e+00,2.233956228937281629e+00,-3.751018442603633485e+00,0.000000000000000000e+00,2.571952969829965514e+04,6.127008379619802145e+04,0.000000000000000000e+00,2.233956228937577393e+00,-3.751018442604241887e+00,0.000000000000000000e+00
7.430000000000000000e+04,2.594223951870983728e+04,6.089335624693008140e+04,0.000000000000000000e+00,2.220220441369561648e+00,-3.783499154868700920e+00,0.000000000000000000e+00,2.594223951870517703e+04,6.089335624692069541e+04,0.000000000000000000e+00,2.220220441369266773e+00,-3.783499154868086745e+00,0.000000000000000000e+00,2.594223951870983728e+04,6.089335624693023419e+04,0.000000000000000000e+00,2.220220441369560760e+00,-3.783499154868700476e+00,0.000000000000000000e+00
7.440000000000000000e+04,2.616356985119922319e+04,6.051339067153376527e+04,0.000000000000000000e+00,2.206366592780711677e+00,-3.815778678204241547e+00,0.000000000000000000e+00,2.616356985119455203e+04,6.051339067152430653e+04,0.000000000000000000e+00,2.206366592780417246e+00,-3.815778678203626040e+00,0.000000000000000000e+00,2.616356985119922319e+04,6.051339067153382348e+04,0.000000000000000000e+00,2.206366592780710789e+00,-3.815778678204241547e+00,0.000000000000000000e+00
7.450000000000000000e+04,2.638350892644777923e+04,6.013020727481506765e+04,0.000000000000000000e+00,2.192395419854408445e+00,-3.847855296135604064e+00,0.000000000000000000e+00,2.638350892644308624e+04,6.013020727480543428e+04,0.000000000000000000e+00,2.192395419854116234e+00,-3.847855296134983671e+00,0.000000000000000000e+00,2.638350892644779015e+04,6.013020727481486392e+04,0.000000000000000000e+00,2.192395419854407557e+00,-3.847855296135604508e+00,0.000000000000000000e+00
7.460000000000000000e+04,2.660204504911605909e+04,5.974382643268839456e+04,0.000000000000000000e+00,2.178307665512799751e+00,-3.879727302977086012e+00,0.000000000000000000e+00,2.660204504911131517e+04,5.974382643267906678e+04,0.000000000000000000e+00,2.178307665512511537e+00,-3.879727302976459402e+00,0.000000000000000000e+00,2.660204504911605545e+04,5.974382643268842367e+04,0.000000000000000000e+00,2.178307665512800195e+00,-3.879727302977086012e+00,0.000000000000000000e+00
7.470000000000000000e+04,2.681916659846702532e+04,5.935426869109505787e+04,0.000000000000000000e+00,2.164104078877297610e+00,-3.911393003923249623e+00,0.000000000000000000e+00,2.681916659846228504e+04,5.935426869108551182e+04,0.000000000000000000e+00,2.164104078877008508e+00,-3.911393003922621237e+00,0.000000000000000000e+00,2.681916659846703260e+04,5.935426869109483232e+04,0.000000000000000000e+00,2.164104078877297166e+00,-3.911393003923249179e+00,0.000000000000000000e+00
7.480000000000000000e+04,2.703486202898427291e+04,5.896155476490734145e+04,0.000000000000000000e+00,2.149785415228724794e+00,-3.942850715139061268e+00,0.000000000000000000e+00,2.703486202897948897e+04,5.896155476489783905e+04,0.000000000000000000e+00,2.149785415228437468e+00,-3.942850715138427997e+00,0.000000000000000000e+00,2.703486202898426927e+04,5.896155476490709407e+04,0.000000000000000000e+00,2.149785415228724350e+00,-3.942850715139061268e+00,0.000000000000000000e+00
7.490000000000000000e+04,2.724911987098561804e+04,5.856570553682954051e+04,0.000000000000000000e+00,2.135352435967176277e+00,-3.974098763849405191e+00,0.000000000000000000e+00,2.724911987098079408e+04,5.856570553682038735e+04,0.000000000000000000e+00,2.135352435966889839e+00,-3.974098763848766591e+00,0.000000000000000000e+00,2.724911987098560712e+04,5.856570553682956961e+04,0.000000000000000000e+00,2.135352435967174944e+00,-3.974098763849405191e+00,0.000000000000000000e+00
7.500000000000000000e+04,2.746192873123317986e+04,5.816674205628782511e+04,0.000000000000000000e+00,2.120805908571516518e+00,-4.005135488428043899e+00,0.000000000000000000e+00,2.746192873122835954e+04,5.816674205627829360e+04,0.000000000000000000e+00,2.120805908571231413e+00,-4.005135488427403523e+00,0.000000000000000000e+00,2.746192873123318350e+04,5.816674205628743948e+04,0.000000000000000000e+00,2.120805908571516074e+00,-4.005135488428043899e+00,0.000000000000000000e+00
7.510000000000000000e+04,2.767327729353932955e+04,5.776468553830753081e+04,0.000000000000000000e+00,2.106146606558573886e+00,-4.035959238485986589e+00,0.000000000000000000e+00,2.767327729353447285e+04,5.776468553829818848e+04,0.000000000000000000e+00,2.106146606558290557e+00,-4.035959238485341771e+00,0.000000000000000000e+00,2.767327729353932591e+04,5.776468553830724704e+04,0.000000000000000000e+00,2.106146606558572998e+00,-4.035959238485987477e+00,0.000000000000000000e+00
7.520000000000000000e+04,2.788315431936817913e+04,5.735955736238905229e+04,0.000000000000000000e+00,2.091375309442007335e+00,-4.066568374959231846e+00,0.000000000000000000e+00,2.788315431936328605e+04,5.735955736238006648e+04,0.000000000000000000e+00,2.091375309441725783e+00,-4.066568374958581700e+00,0.000000000000000000e+00,2.788315431936817185e+04,5.735955736238905229e+04,0.000000000000000000e+00,2.091375309442006447e+00,-4.066568374959231846e+00,0.000000000000000000e+00
7.530000000000000000e+04,2.809154864843335963e+04,5.695137907136953436e+04,0.000000000000000000e+00,2.076492802690855122e+00,-4.096961270195933480e+00,0.000000000000000000e+00,2.809154864842843381e+04,5.695137907136046852e+04,0.000000000000000000e+00,2.076492802690576678e+00,-4.096961270195277116e+00,0.000000000000000000e+00,2.809154864843335599e+04,5.695137907136936701e+04,0.000000000000000000e+00,2.076492802690855122e+00,-4.096961270195932592e+00,0.000000000000000000e+00
7.540000000000000000e+04,2.829844919929140451e+04,5.654017237027571537e+04,0.000000000000000000e+00,2.061499877687773541e+00,-4.127136308042945068e+00,0.000000000000000000e+00,2.829844919928648960e+04,5.654017237026687508e+04,0.000000000000000000e+00,2.061499877687494653e+00,-4.127136308042287816e+00,0.000000000000000000e+00,2.829844919929141179e+04,5.654017237027574447e+04,0.000000000000000000e+00,2.061499877687772653e+00,-4.127136308042945068e+00,0.000000000000000000e+00
7.550000000000000000e+04,2.850384496993116045e+04,5.612595912517234683e+04,0.000000000000000000e+00,2.046397331686937271e+00,-4.157091883931781418e+00,0.000000000000000000e+00,2.850384496992620552e+04,5.612595912516358658e+04,0.000000000000000000e+00,2.046397331686661492e+00,-4.157091883931119725e+00,0.000000000000000000e+00,2.850384496993116409e+04,5.612595912517236866e+04,0.000000000000000000e+00,2.046397331686936827e+00,-4.157091883931782306e+00,0.000000000000000000e+00
7.560000000000000000e+04,2.870772503835856332e+04,5.570876136199757457e+04,0.000000000000000000e+00,2.031185967771667933e+00,-4.186826404963914783e+00,0.000000000000000000e+00,2.870772503835357929e+04,5.570876136198893801e+04,0.000000000000000000e+00,2.031185967771394374e+00,-4.186826404963245984e+00,0.000000000000000000e+00,2.870772503835857424e+04,5.570876136199763278e+04,0.000000000000000000e+00,2.031185967771667489e+00,-4.186826404963914783e+00,0.000000000000000000e+00
7.570000000000000000e+04,2.891007856317760888e+04,5.528860126539296471e+04,0.000000000000000000e+00,2.015866594811716261e+00,-4.216338289995481325e+00,0.000000000000000000e+00,2.891007856317261394e+04,5.528860126538410987e+04,0.000000000000000000e+00,2.015866594811443147e+00,-4.216338289994812527e+00,0.000000000000000000e+00,2.891007856317761616e+04,5.528860126539277553e+04,0.000000000000000000e+00,2.015866594811716261e+00,-4.216338289995482214e+00,0.000000000000000000e+00
7.580000000000000000e+04,2.911089478416684869e+04,5.486550117752212100e+04,0.000000000000000000e+00,2.000440027420247624e+00,-4.245625969721387172e+00,0.000000000000000000e+00,2.911089478416181737e+04,5.486550117751341168e+04,0.000000000000000000e+00,2.000440027419976730e+00,-4.245625969720713044e+00,0.000000000000000000e+00,2.911089478416685597e+04,5.486550117752199003e+04,0.000000000000000000e+00,2.000440027420247624e+00,-4.245625969721387172e+00,0.000000000000000000e+00
7.590000000000000000e+04,2.931016302285144775e+04,5.443948359688511118e+04,0.000000000000000000e+00,1.984907085910535329e+00,-4.274687886758720801e+00,0.000000000000000000e+00,2.931016302284638368e+04,5.443948359687626362e+04,0.000000000000000000e+00,1.984907085910267321e+00,-4.274687886758040456e+00,0.000000000000000000e+00,2.931016302285145503e+04,5.443948359688475466e+04,0.000000000000000000e+00,1.984907085910535773e+00,-4.274687886758719912e+00,0.000000000000000000e+00
7.600000000000000000e+04,2.950787268307110207e+04,5.401057117711985484e+04,0.000000000000000000e+00,1.969268596252336856e+00,-4.303522495729581010e+00,0.000000000000000000e+00,2.950787268306602346e+04,5.401057117711078899e+04,0.000000000000000000e+00,1.969268596252068848e+00,-4.303522495728899777e+00,0.000000000000000000e+00,2.950787268307110207e+04,5.401057117711925093e+04,0.000000000000000000e+00,1.969268596252336856e+00,-4.303522495729581010e+00,0.000000000000000000e+00
7.610000000000000000e+04,2.970401325154352526e+04,5.357878672579792328e+04,0.000000000000000000e+00,1.953525390027961883e+00,-4.332128263343269836e+00,0.000000000000000000e+00,2.970401325153841026e+04,5.357878672578924306e+04,0.000000000000000000e+00,1.953525390027694986e+00,-4.332128263342584162e+00,0.000000000000000000e+00,2.970401325154352162e+04,5.357878672579761769e+04,0.000000000000000000e+00,1.953525390027960773e+00,-4.332128263343269836e+00,0.000000000000000000e+00
7.620000000000000000e+04,2.989857429842338024e+04,5.314415320321358740e+04,0.000000000000000000e+00,1.937678304388064987e+00,-4.360503668477797135e+00,0.000000000000000000e+00,2.989857429841824705e+04,5.314415320320519095e+04,0.000000000000000000e+00,1.937678304387802086e+00,-4.360503668477107020e+00,0.000000000000000000e+00,2.989857429842338752e+04,5.314415320321348554e+04,0.000000000000000000e+00,1.937678304388065431e+00,-4.360503668477797135e+00,0.000000000000000000e+00
7.630000000000000000e+04,3.009154547785699106e+04,5.270669372116099112e+04,0.000000000000000000e+00,1.921728182007133690e+00,-4.388647202260782088e+00,0.000000000000000000e+00,3.009154547785185787e+04,5.270669372115257283e+04,0.000000000000000000e+00,1.921728182006870567e+00,-4.388647202260091085e+00,0.000000000000000000e+00,3.009154547785700561e+04,5.270669372116083832e+04,0.000000000000000000e+00,1.921728182007133245e+00,-4.388647202260782976e+00,0.000000000000000000e+00
7.640000000000000000e+04,3.028291652853251435e+04,5.226643154170527123e+04,0.000000000000000000e+00,1.905675871038657654e+00,-4.416557368149696572e+00,0.000000000000000000e+00,3.028291652852734114e+04,5.226643154169676563e+04,0.000000000000000000e+00,1.905675871038397418e+00,-4.416557368149000240e+00,0.000000000000000000e+00,3.028291652853251799e+04,5.226643154170493654e+04,0.000000000000000000e+00,1.905675871038657432e+00,-4.416557368149696572e+00,0.000000000000000000e+00
7.650000000000000000e+04,3.047267727422543248e+04,5.182339007594576105e+04,0.000000000000000000e+00,1.889522225070051853e+00,-4.444232682011422852e+00,0.000000000000000000e+00,3.047267727422022290e+04,5.182339007593755377e+04,0.000000000000000000e+00,1.889522225069794059e+00,-4.444232682010722080e+00,0.000000000000000000e+00,3.047267727422542521e+04,5.182339007594564464e+04,0.000000000000000000e+00,1.889522225070051631e+00,-4.444232682011422852e+00,0.000000000000000000e+00
7.660000000000000000e+04,3.066081762433977565e+04,5.137759288277244195e+04,0.000000000000000000e+00,1.873268103077254665e+00,-4.471671672201185110e+00,0.000000000000000000e+00,3.066081762433456606e+04,5.137759288276430743e+04,0.000000000000000000e+00,1.873268103076997093e+00,-4.471671672200483449e+00,0.000000000000000000e+00,3.066081762433977201e+04,5.137759288277236919e+04,0.000000000000000000e+00,1.873268103077253999e+00,-4.471671672201185110e+00,0.000000000000000000e+00
7.670000000000000000e+04,3.084732757444479648e+04,5.092906366761098616e+04,0.000000000000000000e+00,1.856914369379046192e+00,-4.498872879640813949e+00,0.000000000000000000e+00,3.084732757443956143e+04,5.092906366760317178e+04,0.000000000000000000e+00,1.856914369378791951e+00,-4.498872879640107847e+00,0.000000000000000000e+00,3.084732757444480012e+04,5.092906366761114623e+04,0.000000000000000000e+00,1.856914369379046414e+00,-4.498872879640813949e+00,0.000000000000000000e+00
7.680000000000000000e+04,3.103219720680676983e+04,5.047782628116477281e+04,0.000000000000000000e+00,1.840461893591103681e+00,-4.525834857896313679e+00,0.000000000000000000e+00,3.103219720680150567e+04,5.047782628115655825e+04,0.000000000000000000e+00,1.840461893590852327e+00,-4.525834857895603136e+00,0.000000000000000000e+00,3.103219720680676983e+04,5.047782628116443811e+04,0.000000000000000000e+00,1.840461893591104126e+00,-4.525834857896313679e+00,0.000000000000000000e+00
7.690000000000000000e+04,3.121541669091646327e+04,5.002390471814246848e+04,0.000000000000000000e+00,1.823911550579747853e+00,-4.552556173254788341e+00,0.000000000000000000e+00,3.121541669091117728e+04,5.002390471813483600e+04,0.000000000000000000e+00,1.823911550579498275e+00,-4.552556173254073357e+00,0.000000000000000000e+00,3.121541669091647054e+04,5.002390471814263583e+04,0.000000000000000000e+00,1.823911550579747409e+00,-4.552556173254788341e+00,0.000000000000000000e+00
7.700000000000000000e+04,3.139697628401188558e+04,4.956732311598793603e+04,0.000000000000000000e+00,1.807264220415422784e+00,-4.579035404800675835e+00,0.000000000000000000e+00,3.139697628400658141e+04,4.956732311598046363e+04,0.000000000000000000e+00,1.807264220415174094e+00,-4.579035404799959963e+00,0.000000000000000000e+00,3.139697628401188558e+04,4.956732311598822707e+04,0.000000000000000000e+00,1.807264220415423006e+00,-4.579035404800675835e+00,0.000000000000000000e+00
7.710000000000000000e+04,3.157686633159636403e+04,4.910810575359221548e+04,0.000000000000000000e+00,1.790520788325898671e+00,-4.605271144491318580e+00,0.000000000000000000e+00,3.157686633159103440e+04,4.910810575358440838e+04,0.000000000000000000e+00,1.790520788325651536e+00,-4.605271144490597379e+00,0.000000000000000000e+00,3.157686633159636403e+04,4.910810575359209179e+04,0.000000000000000000e+00,1.790520788325898227e+00,-4.605271144491318580e+00,0.000000000000000000e+00
7.720000000000000000e+04,3.175507726795189228e+04,4.864627705000247806e+04,0.000000000000000000e+00,1.773682144649200154e+00,-4.631261997231813865e+00,0.000000000000000000e+00,3.175507726794652262e+04,4.864627704999515117e+04,0.000000000000000000e+00,1.773682144648956571e+00,-4.631261997231088223e+00,0.000000000000000000e+00,3.175507726795188137e+04,4.864627705000274000e+04,0.000000000000000000e+00,1.773682144649200376e+00,-4.631261997231813865e+00,0.000000000000000000e+00
7.730000000000000000e+04,3.193159961664775983e+04,4.818186156312818639e+04,0.000000000000000000e+00,1.756749184786269069e+00,-4.657006580949214047e+00,0.000000000000000000e+00,3.193159961664238290e+04,4.818186156312017556e+04,0.000000000000000000e+00,1.756749184786025264e+00,-4.657006580948486629e+00,0.000000000000000000e+00,3.193159961664774892e+04,4.818186156312773528e+04,0.000000000000000000e+00,1.756749184786268403e+00,-4.657006580949214047e+00,0.000000000000000000e+00
7.740000000000000000e+04,3.210642399104461583e+04,4.771488398842769675e+04,0.000000000000000000e+00,1.739722809153332328e+00,-4.682503526666021543e+00,0.000000000000000000e+00,3.210642399103920980e+04,4.771488398842010793e+04,0.000000000000000000e+00,1.739722809153090965e+00,-4.682503526665289684e+00,0.000000000000000000e+00,3.210642399104460492e+04,4.771488398842756578e+04,0.000000000000000000e+00,1.739722809153331440e+00,-4.682503526666020655e+00,0.000000000000000000e+00
7.750000000000000000e+04,3.227954109479341059e+04,4.724536915760301054e+04,0.000000000000000000e+00,1.722603923134041537e+00,-4.707751478572969717e+00,0.000000000000000000e+00,3.227954109478799728e+04,4.724536915759549447e+04,0.000000000000000000e+00,1.722603923133804393e+00,-4.707751478572234305e+00,0.000000000000000000e+00,3.227954109479341423e+04,4.724536915760285774e+04,0.000000000000000000e+00,1.722603923134041981e+00,-4.707751478572969717e+00,0.000000000000000000e+00
7.760000000000000000e+04,3.245094172232989149e+04,4.677334203727357090e+04,0.000000000000000000e+00,1.705393437031325732e+00,-4.732749094101131426e+00,0.000000000000000000e+00,3.245094172232445635e+04,4.677334203726641135e+04,0.000000000000000000e+00,1.705393437031089254e+00,-4.732749094100394238e+00,0.000000000000000000e+00,3.245094172232988058e+04,4.677334203727374552e+04,0.000000000000000000e+00,1.705393437031326176e+00,-4.732749094101131426e+00,0.000000000000000000e+00
7.770000000000000000e+04,3.262061675936399479e+04,4.629882772765192203e+04,0.000000000000000000e+00,1.688092266018970555e+00,-4.757495043993309025e+00,0.000000000000000000e+00,3.262061675935854510e+04,4.629882772764482070e+04,0.000000000000000000e+00,1.688092266018736520e+00,-4.757495043992568284e+00,0.000000000000000000e+00,3.262061675936399479e+04,4.629882772765206028e+04,0.000000000000000000e+00,1.688092266018970555e+00,-4.757495043993309913e+00,0.000000000000000000e+00
7.780000000000000000e+04,3.278855718336458813e+04,4.582185146120726131e+04,0.000000000000000000e+00,1.670701330092970949e+00,-4.781988012374713826e+00,0.000000000000000000e+00,3.278855718335911661e+04,4.582185146119986894e+04,0.000000000000000000e+00,1.670701330092739800e+00,-4.781988012373967756e+00,0.000000000000000000e+00,3.278855718336459540e+04,4.582185146120702120e+04,0.000000000000000000e+00,1.670701330092971393e+00,-4.781988012374713826e+00,0.000000000000000000e+00
7.790000000000000000e+04,3.295475406403918169e+04,4.534243860132340342e+04,0.000000000000000000e+00,1.653221554022605844e+00,-4.806226696822932354e+00,0.000000000000000000e+00,3.295475406403370289e+04,4.534243860131615656e+04,0.000000000000000000e+00,1.653221554022374917e+00,-4.806226696822185396e+00,0.000000000000000000e+00,3.295475406403918896e+04,4.534243860132327245e+04,0.000000000000000000e+00,1.653221554022605844e+00,-4.806226696822933242e+00,0.000000000000000000e+00
7.800000000000000000e+04,3.311919856380888086e+04,4.486061464095232077e+04,0.000000000000000000e+00,1.635653867301251729e+00,-4.830209808437206931e+00,0.000000000000000000e+00,3.311919856380337296e+04,4.486061464094499388e+04,0.000000000000000000e+00,1.635653867301023467e+00,-4.830209808436454644e+00,0.000000000000000000e+00,3.311919856380888086e+04,4.486061464095201518e+04,0.000000000000000000e+00,1.635653867301251507e+00,-4.830209808437206931e+00,0.000000000000000000e+00
7.810000000000000000e+04,3.328188193827820214e+04,4.437640520125580952e+04,0.000000000000000000e+00,1.617999204096973287e+00,-4.853936071906942651e+00,0.000000000000000000e+00,3.328188193827267969e+04,4.437640520124885370e+04,0.000000000000000000e+00,1.617999204096748134e+00,-4.853936071906185923e+00,0.000000000000000000e+00,3.328188193827820942e+04,4.437640520125578041e+04,0.000000000000000000e+00,1.617999204096973287e+00,-4.853936071906942651e+00,0.000000000000000000e+00
7.820000000000000000e+04,3.344279553670018504e+04,4.388983603024599142e+04,0.000000000000000000e+00,1.600258503202841354e+00,-4.877404225579541119e+00,0.000000000000000000e+00,3.344279553669465531e+04,4.388983603023891192e+04,0.000000000000000000e+00,1.600258503202617089e+00,-4.877404225578782615e+00,0.000000000000000000e+00,3.344279553670019232e+04,4.388983603024580952e+04,0.000000000000000000e+00,1.600258503202841798e+00,-4.877404225579541119e+00,0.000000000000000000e+00
7.830000000000000000e+04,3.360193080243636359e+04,4.340093300141277723e+04,0.000000000000000000e+00,1.582432707987005749e+00,-4.900613021527490787e+00,0.000000000000000000e+00,3.360193080243079748e+04,4.340093300140590873e+04,0.000000000000000000e+00,1.582432707986783704e+00,-4.900613021526728730e+00,0.000000000000000000e+00,3.360193080243635632e+04,4.340093300141271175e+04,0.000000000000000000e+00,1.582432707987005749e+00,-4.900613021527490787e+00,0.000000000000000000e+00
7.840000000000000000e+04,3.375927927341168106e+04,4.290972211235109717e+04,0.000000000000000000e+00,1.564522766342541615e+00,-4.923561225614715653e+00,0.000000000000000000e+00,3.375927927340609313e+04,4.290972211234432325e+04,0.000000000000000000e+00,1.564522766342322901e+00,-4.923561225613948267e+00,0.000000000000000000e+00,3.375927927341168106e+04,4.290972211235102441e+04,0.000000000000000000e+00,1.564522766342541615e+00,-4.923561225614715653e+00,0.000000000000000000e+00
7.850000000000000000e+04,3.391483258256458794e+04,4.241622948337672278e+04,0.000000000000000000e+00,1.546529630637041741e+00,-4.946247617562203658e+00,0.000000000000000000e+00,3.391483258255899273e+04,4.241622948336991976e+04,0.000000000000000000e+00,1.546529630636825470e+00,-4.946247617561432719e+00,0.000000000000000000e+00,3.391483258256459521e+04,4.241622948337652633e+04,0.000000000000000000e+00,1.546529630637041297e+00,-4.946247617562204546e+00,0.000000000000000000e+00
7.860000000000000000e+04,3.406858245829190128e+04,4.192048135613743216e+04,0.000000000000000000e+00,1.528454257661972626e+00,-4.968670991012900551e+00,0.000000000000000000e+00,3.406858245828629879e+04,4.192048135613080376e+04,0.000000000000000000e+00,1.528454257661757021e+00,-4.968670991012126947e+00,0.000000000000000000e+00,3.406858245829190128e+04,4.192048135613738123e+04,0.000000000000000000e+00,1.528454257661972182e+00,-4.968670991012900551e+00,0.000000000000000000e+00
7.870000000000000000e+04,3.422052072488867270e+04,4.142250409221882001e+04,0.000000000000000000e+00,1.510297608581790740e+00,-4.990830153595858576e+00,0.000000000000000000e+00,3.422052072488304839e+04,4.142250409221202426e+04,0.000000000000000000e+00,1.510297608581578910e+00,-4.990830153595080532e+00,0.000000000000000000e+00,3.422052072488867998e+04,4.142250409221849986e+04,0.000000000000000000e+00,1.510297608581790740e+00,-4.990830153595857688e+00,0.000000000000000000e+00
7.880000000000000000e+04,3.437063930298289779e+04,4.092232417173986323e+04,0.000000000000000000e+00,1.492060648882848284e+00,-5.012723926989629319e+00,0.000000000000000000e+00,3.437063930297724437e+04,4.092232417173377326e+04,0.000000000000000000e+00,1.492060648882639118e+00,-5.012723926988848611e+00,0.000000000000000000e+00,3.437063930298290506e+04,4.092232417174015427e+04,0.000000000000000000e+00,1.492060648882848062e+00,-5.012723926989630208e+00,0.000000000000000000e+00
7.890000000000000000e+04,3.451893020996515406e+04,4.041996819194965065e+04,0.000000000000000000e+00,1.473744348322039599e+00,-5.034351146984936243e+00,0.000000000000000000e+00,3.451893020995948609e+04,4.041996819194329146e+04,0.000000000000000000e+00,1.473744348321831765e+00,-5.034351146984153758e+00,0.000000000000000000e+00,3.451893020996515406e+04,4.041996819194963609e+04,0.000000000000000000e+00,1.473744348322039821e+00,-5.034351146984936243e+00,0.000000000000000000e+00
7.900000000000000000e+04,3.466538556041313859e+04,3.991546286580688320e+04,0.000000000000000000e+00,1.455349680875234419e+00,-5.055710663546577166e+00,0.000000000000000000e+00,3.466538556040744879e+04,3.991546286580055312e+04,0.000000000000000000e+00,1.455349680875029028e+00,-5.055710663545791128e+00,0.000000000000000000e+00,3.466538556041313859e+04,3.991546286580679589e+04,0.000000000000000000e+00,1.455349680875234197e+00,-5.055710663546577166e+00,0.000000000000000000e+00
7.910000000000000000e+04,3.480999756651087228e+04,3.940883502056403086e+04,0.000000000000000000e+00,1.436877624685493515e+00,-5.076801340874572688e+00,0.000000000000000000e+00,3.480999756650516065e+04,3.940883502055780264e+04,0.000000000000000000e+00,1.436877624685291677e+00,-5.076801340873781321e+00,0.000000000000000000e+00,3.480999756651087955e+04,3.940883502056395082e+04,0.000000000000000000e+00,1.436877624685493737e+00,-5.076801340874572688e+00,0.000000000000000000e+00
7.920000000000000000e+04,3.495275853846289101e+04,3.890011159633914940e+04,0.000000000000000000e+00,1.418329162011055189e+00,-5.097622057464562317e+00,0.000000000000000000e+00,3.495275853845717211e+04,3.890011159633300849e+04,0.000000000000000000e+00,1.418329162010853794e+00,-5.097622057463770062e+00,0.000000000000000000e+00,3.495275853846289101e+04,3.890011159633912030e+04,0.000000000000000000e+00,1.418329162011054967e+00,-5.097622057464561429e+00,0.000000000000000000e+00
7.930000000000000000e+04,3.509366088490316906e+04,3.838931964468327351e+04,0.000000000000000000e+00,1.399705279173090844e+00,-5.118171706167455426e+00,0.000000000000000000e+00,3.509366088489742833e+04,3.838931964467729995e+04,0.000000000000000000e+00,1.399705279172892336e+00,-5.118171706166660506e+00,0.000000000000000000e+00,3.509366088490317634e+04,3.838931964468331716e+04,0.000000000000000000e+00,1.399705279173090400e+00,-5.118171706167455426e+00,0.000000000000000000e+00
7.940000000000000000e+04,3.523269711329872371e+04,3.787648632714222185e+04,0.000000000000000000e+00,1.381006966503273148e+00,-5.138449194248287277e+00,0.000000000000000000e+00,3.523269711329296842e+04,3.787648632713648840e+04,0.000000000000000000e+00,1.381006966503077971e+00,-5.138449194247488805e+00,0.000000000000000000e+00,3.523269711329873098e+04,3.787648632714241103e+04,0.000000000000000000e+00,1.381006966503272926e+00,-5.138449194248287277e+00,0.000000000000000000e+00
7.950000000000000000e+04,3.536985983034806850e+04,3.736163891381281428e+04,0.000000000000000000e+00,1.362235218291109717e+00,-5.158453443444328990e+00,0.000000000000000000e+00,3.536985983034230594e+04,3.736163891380676796e+04,0.000000000000000000e+00,1.362235218290914762e+00,-5.158453443443529629e+00,0.000000000000000000e+00,3.536985983034806850e+04,3.736163891381265421e+04,0.000000000000000000e+00,1.362235218291109051e+00,-5.158453443444328990e+00,0.000000000000000000e+00
7.960000000000000000e+04,3.550514174237440602e+04,3.684480478189047426e+04,0.000000000000000000e+00,1.343391032731059198e+00,-5.178183390022438104e+00,0.000000000000000000e+00,3.550514174236861436e+04,3.684480478188458801e+04,0.000000000000000000e+00,1.343391032730868684e+00,-5.178183390021635191e+00,0.000000000000000000e+00,3.550514174237439875e+04,3.684480478189037240e+04,0.000000000000000000e+00,1.343391032731059642e+00,-5.178183390022438104e+00,0.000000000000000000e+00
7.970000000000000000e+04,3.563853565571335639e+04,3.632601141421659850e+04,0.000000000000000000e+00,1.324475411869474595e+00,-5.197637984835601799e+00,0.000000000000000000e+00,3.563853565570755018e+04,3.632601141421087232e+04,0.000000000000000000e+00,1.324475411869286967e+00,-5.197637984834796221e+00,0.000000000000000000e+00,3.563853565571335639e+04,3.632601141421656212e+04,0.000000000000000000e+00,1.324475411869474817e+00,-5.197637984835602687e+00,0.000000000000000000e+00
7.980000000000000000e+04,3.577003447709559987e+04,3.580528639781544916e+04,0.000000000000000000e+00,1.305489361551299687e+00,-5.216816193378742916e+00,0.000000000000000000e+00,3.577003447708977183e+04,3.580528639780962112e+04,0.000000000000000000e+00,1.305489361551114946e+00,-5.216816193377933786e+00,0.000000000000000000e+00,3.577003447709559259e+04,3.580528639781520906e+04,0.000000000000000000e+00,1.305489361551299687e+00,-5.216816193378742916e+00,0.000000000000000000e+00
7.990000000000000000e+04,3.589963121402394609e+04,3.528265742242662236e+04,0.000000000000000000e+00,1.286433891366593585e+00,-5.235716995843718635e+00,0.000000000000000000e+00,3.589963121401813260e+04,3.528265742242094711e+04,0.000000000000000000e+00,1.286433891366410176e+00,-5.235716995842907728e+00,0.000000000000000000e+00,3.589963121402396064e+04,3.528265742242649139e+04,0.000000000000000000e+00,1.286433891366593807e+00,-5.235716995843718635e+00,0.000000000000000000e+00
8.000000000000000000e+04,3.602731897514536104e+04,3.475815227903425694e+04,0.000000000000000000e+00,1.267310014596835899e+00,-5.254339387173559750e+00,0.000000000000000000e+00,3.602731897513951117e+04,3.475815227902866172e+04,0.000000000000000000e+00,1.267310014596655821e+00,-5.254339387172747067e+00,0.000000000000000000e+00,3.602731897514536104e+04,3.475815227903410414e+04,0.000000000000000000e+00,1.267310014596836121e+00,-5.254339387173559750e+00,0.000000000000000000e+00
8.010000000000000000e+04,3.615309097061715147e+04,3.423179885838786140e+04,0.000000000000000000e+00,1.248118748161056946e+00,-5.272682377115907926e+00,0.000000000000000000e+00,3.615309097061127977e+04,3.423179885838249174e+04,0.000000000000000000e+00,1.248118748160880198e+00,-5.272682377115091690e+00,0.000000000000000000e+00,3.615309097061715147e+04,3.423179885838783230e+04,0.000000000000000000e+00,1.248118748161057168e+00,-5.272682377115907926e+00,0.000000000000000000e+00
8.020000000000000000e+04,3.627694051246820163e+04,3.370362514952034689e+04,0.000000000000000000e+00,1.228861112561756563e+00,-5.290744990275668691e+00,0.000000000000000000e+00,3.627694051246232266e+04,3.370362514951496269e+04,0.000000000000000000e+00,1.228861112561581148e+00,-5.290744990274851567e+00,0.000000000000000000e+00,3.627694051246819436e+04,3.370362514952026686e+04,0.000000000000000000e+00,1.228861112561757007e+00,-5.290744990275668691e+00,0.000000000000000000e+00
8.030000000000000000e+04,3.639886101495458570e+04,3.317365923825837672e+04,0.000000000000000000e+00,1.209538131830633745e+00,-5.308526266166891716e+00,0.000000000000000000e+00,3.639886101494867762e+04,3.317365923825309437e+04,0.000000000000000000e+00,1.209538131830460772e+00,-5.308526266166071927e+00,0.000000000000000000e+00,3.639886101495457842e+04,3.317365923825829668e+04,0.000000000000000000e+00,1.209538131830633523e+00,-5.308526266166891716e+00,0.000000000000000000e+00
8.040000000000000000e+04,3.651884599490967958e+04,3.264192930572992191e+04,0.000000000000000000e+00,1.190150833474142189e+00,-5.326025259263833078e+00,0.000000000000000000e+00,3.651884599490377150e+04,3.264192930572490150e+04,0.000000000000000000e+00,1.190150833473972325e+00,-5.326025259263009737e+00,0.000000000000000000e+00,3.651884599490968685e+04,3.264192930573000558e+04,0.000000000000000000e+00,1.190150833474141967e+00,-5.326025259263833078e+00,0.000000000000000000e+00
8.050000000000000000e+04,3.663688907208904129e+04,3.210846362686576322e+04,0.000000000000000000e+00,1.170700248418850897e+00,-5.343241039051235930e+00,0.000000000000000000e+00,3.663688907208311866e+04,3.210846362686087377e+04,0.000000000000000000e+00,1.170700248418681699e+00,-5.343241039050410812e+00,0.000000000000000000e+00,3.663688907208903402e+04,3.210846362686594148e+04,0.000000000000000000e+00,1.170700248418850453e+00,-5.343241039051235930e+00,0.000000000000000000e+00
8.060000000000000000e+04,3.675298396950953611e+04,3.157329056889563799e+04,0.000000000000000000e+00,1.151187410956612922e+00,-5.360172690073818913e+00,0.000000000000000000e+00,3.675298396950361348e+04,3.157329056889042840e+04,0.000000000000000000e+00,1.151187410956447943e+00,-5.360172690072991131e+00,0.000000000000000000e+00,3.675298396950954339e+04,3.157329056889540152e+04,0.000000000000000000e+00,1.151187410956613144e+00,-5.360172690073818913e+00,0.000000000000000000e+00
8.070000000000000000e+04,3.686712451378325204e+04,3.103643858983856626e+04,0.000000000000000000e+00,1.131613358689585791e+00,-5.376819311984945671e+00,0.000000000000000000e+00,3.686712451377731486e+04,3.103643858983349492e+04,0.000000000000000000e+00,1.131613358689423698e+00,-5.376819311984114336e+00,0.000000000000000000e+00,3.686712451378325204e+04,3.103643858983835889e+04,0.000000000000000000e+00,1.131613358689585569e+00,-5.376819311984945671e+00,0.000000000000000000e+00
8.080000000000000000e+04,3.697930463544563827e+04,3.049793623699201271e+04,0.000000000000000000e+00,1.111979132475043208e+00,-5.393180019594502994e+00,0.000000000000000000e+00,3.697930463543970109e+04,3.049793623698721785e+04,0.000000000000000000e+00,1.111979132474881560e+00,-5.393180019593671659e+00,0.000000000000000000e+00,3.697930463544564554e+04,3.049793623699204545e+04,0.000000000000000000e+00,1.111979132475042542e+00,-5.393180019594502994e+00,0.000000000000000000e+00
8.090000000000000000e+04,3.708951836927841214e+04,2.995781214541313238e+04,0.000000000000000000e+00,1.092285776370022887e+00,-5.409253942915983160e+00,0.000000000000000000e+00,3.708951836927245313e+04,2.995781214540797373e+04,0.000000000000000000e+00,1.092285776369865236e+00,-5.409253942915148272e+00,0.000000000000000000e+00,3.708951836927841941e+04,2.995781214541269583e+04,0.000000000000000000e+00,1.092285776370022665e+00,-5.409253942915983160e+00,0.000000000000000000e+00
8.100000000000000000e+04,3.719775985462659446e+04,2.941609503639326431e+04,0.000000000000000000e+00,1.072534337575825170e+00,-5.425040227212726052e+00,0.000000000000000000e+00,3.719775985462061362e+04,2.941609503638867318e+04,0.000000000000000000e+00,1.072534337575671293e+00,-5.425040227211887611e+00,0.000000000000000000e+00,3.719775985462658718e+04,2.941609503639329341e+04,0.000000000000000000e+00,1.072534337575825170e+00,-5.425040227212726052e+00,0.000000000000000000e+00
8.110000000000000000e+04,3.730402333571023337e+04,2.887281371593638323e+04,0.000000000000000000e+00,1.052725866382317577e+00,-5.440538033043381461e+00,0.000000000000000000e+00,3.730402333570425253e+04,2.887281371593150834e+04,0.000000000000000000e+00,1.052725866382164366e+00,-5.440538033042543020e+00,0.000000000000000000e+00,3.730402333571022609e+04,2.887281371593608856e+04,0.000000000000000000e+00,1.052725866382317355e+00,-5.440538033043382349e+00,0.000000000000000000e+00
8.120000000000000000e+04,3.740830316193051112e+04,2.832799707322078757e+04,0.000000000000000000e+00,1.032861416112077269e+00,-5.455746536306556038e+00,0.000000000000000000e+00,3.740830316192452301e+04,2.832799707321617461e+04,0.000000000000000000e+00,1.032861416111927833e+00,-5.455746536305713157e+00,0.000000000000000000e+00,3.740830316193051840e+04,2.832799707322064933e+04,0.000000000000000000e+00,1.032861416112077269e+00,-5.455746536306555150e+00,0.000000000000000000e+00
8.130000000000000000e+04,3.751059378817015386e+04,2.778167407906823792e+04,0.000000000000000000e+00,1.012942043064398501e+00,-5.470664928284609374e+00,0.000000000000000000e+00,3.751059378816415119e+04,2.778167407906367589e+04,0.000000000000000000e+00,1.012942043064252173e+00,-5.470664928283763828e+00,0.000000000000000000e+00,3.751059378817015386e+04,2.778167407906804874e+04,0.000000000000000000e+00,1.012942043064398279e+00,-5.470664928284609374e+00,0.000000000000000000e+00
8.140000000000000000e+04,3.761088977508830430e+04,2.723387378440005705e+04,0.000000000000000000e+00,9.929688064591091212e-01,-5.485292415686683576e+00,0.000000000000000000e+00,3.761088977508227981e+04,2.723387378439580425e+04,0.000000000000000000e+00,9.929688064589664576e-01,-5.485292415685835365e+00,0.000000000000000000e+00,3.761088977508829703e+04,2.723387378440007524e+04,0.000000000000000000e+00,9.929688064591088992e-01,-5.485292415686683576e+00,0.000000000000000000e+00
8.150000000000000000e+04,3.770918578940973384e+04,2.668462531869439408e+04,0.000000000000000000e+00,9.729427683802547300e-01,-5.499628220690869540e+00,0.000000000000000000e+00,3.770918578940371663e+04,2.668462531869033774e+04,0.000000000000000000e+00,9.729427683801137317e-01,-5.499628220690020441e+00,0.000000000000000000e+00,3.770918578940974112e+04,2.668462531869456870e+04,0.000000000000000000e+00,9.729427683802550630e-01,-5.499628220690869540e+00,0.000000000000000000e+00
8.160000000000000000e+04,3.780547660420856118e+04,2.613395788843627088e+04,0.000000000000000000e+00,9.528649937196127517e-01,-5.513671580985581855e+00,0.000000000000000000e+00,3.780547660420252214e+04,2.613395788843206174e+04,0.000000000000000000e+00,9.528649937194745290e-01,-5.513671580984730092e+00,0.000000000000000000e+00,3.780547660420856118e+04,2.613395788843619084e+04,0.000000000000000000e+00,9.528649937196125297e-01,-5.513671580985581855e+00,0.000000000000000000e+00
8.170000000000000000e+04,3.789975709918604116e+04,2.558190077556390315e+04,0.000000000000000000e+00,9.327365501200750586e-01,-5.527421749810083718e+00,0.000000000000000000e+00,3.789975709917998756e+04,2.558190077555972312e+04,0.000000000000000000e+00,9.327365501199408326e-01,-5.527421749809228402e+00,0.000000000000000000e+00,3.789975709918604116e+04,2.558190077556373944e+04,0.000000000000000000e+00,9.327365501200750586e-01,-5.527421749810083718e+00,0.000000000000000000e+00
8.180000000000000000e+04,3.799202226094290381e+04,2.502848333591292612e+04,0.000000000000000000e+00,9.125585079188764936e-01,-5.540877995994195615e+00,0.000000000000000000e+00,3.799202226093685749e+04,2.502848333590893162e+04,0.000000000000000000e+00,9.125585079187432669e-01,-5.540877995993340299e+00,0.000000000000000000e+00,3.799202226094291836e+04,2.502848333591290793e+04,0.000000000000000000e+00,9.125585079188763826e-01,-5.540877995994195615e+00,0.000000000000000000e+00
8.190000000000000000e+04,3.808226718324604735e+04,2.447373499765479937e+04,0.000000000000000000e+00,8.923319400906657428e-01,-5.554039603997190433e+00,0.000000000000000000e+00,3.808226718323996465e+04,2.447373499765117231e+04,0.000000000000000000e+00,8.923319400905364018e-01,-5.554039603996332453e+00,0.000000000000000000e+00,3.808226718324604735e+04,2.447373499765503948e+04,0.000000000000000000e+00,8.923319400906659649e-01,-5.554039603997190433e+00,0.000000000000000000e+00
8.200000000000000000e+04,3.817048706728919205e+04,2.391768525973288342e+04,0.000000000000000000e+00,8.720579221904682932e-01,-5.566905873945825256e+00,0.000000000000000000e+00,3.817048706728309480e+04,2.391768525972892894e+04,0.000000000000000000e+00,8.720579221903421718e-01,-5.566905873944964611e+00,0.000000000000000000e+00,3.817048706728919205e+04,2.391768525973269425e+04,0.000000000000000000e+00,8.720579221904682932e-01,-5.566905873945825256e+00,0.000000000000000000e+00
8.210000000000000000e+04,3.825667722194825910e+04,2.336036369029083289e+04,0.000000000000000000e+00,8.517375322964824136e-01,-5.579476121671564037e+00,0.000000000000000000e+00,3.825667722194217640e+04,2.336036369028710033e+04,0.000000000000000000e+00,8.517375322963574025e-01,-5.579476121670702504e+00,0.000000000000000000e+00,3.825667722194826638e+04,2.336036369029081834e+04,0.000000000000000000e+00,8.517375322964821915e-01,-5.579476121671563149e+00,0.000000000000000000e+00
8.220000000000000000e+04,3.834083306403082679e+04,2.280179992510401644e+04,0.000000000000000000e+00,8.313718509527476819e-01,-5.591749678746964491e+00,0.000000000000000000e+00,3.834083306402470771e+04,2.280179992510066222e+04,0.000000000000000000e+00,8.313718509526262235e-01,-5.591749678746100294e+00,0.000000000000000000e+00,3.834083306403081951e+04,2.280179992510428201e+04,0.000000000000000000e+00,8.313718509527474598e-01,-5.591749678746963603e+00,0.000000000000000000e+00
8.230000000000000000e+04,3.842295011851962772e+04,2.224202366600255482e+04,0.000000000000000000e+00,8.109619611116998250e-01,-5.603725892521209673e+00,0.000000000000000000e+00,3.842295011851351592e+04,2.224202366599881861e+04,0.000000000000000000e+00,8.109619611115818083e-01,-5.603725892520343699e+00,0.000000000000000000e+00,3.842295011851963500e+04,2.224202366600232563e+04,0.000000000000000000e+00,8.109619611116993809e-01,-5.603725892521208785e+00,0.000000000000000000e+00
8.240000000000000000e+04,3.850302401881080004e+04,2.168106467928900383e+04,0.000000000000000000e+00,7.905089480765763454e-01,-5.615404126154823317e+00,0.000000000000000000e+00,3.850302401880468096e+04,2.168106467928555139e+04,0.000000000000000000e+00,7.905089480764603271e-01,-5.615404126153956454e+00,0.000000000000000000e+00,3.850302401881080004e+04,2.168106467928902202e+04,0.000000000000000000e+00,7.905089480765766785e-01,-5.615404126154823317e+00,0.000000000000000000e+00
8.250000000000000000e+04,3.858105050694585952e+04,2.111895279416022822e+04,0.000000000000000000e+00,7.700138994437017992e-01,-5.626783758653532530e+00,0.000000000000000000e+00,3.858105050693974044e+04,2.111895279415683035e+04,0.000000000000000000e+00,7.700138994435891115e-01,-5.626783758652663003e+00,0.000000000000000000e+00,3.858105050694587408e+04,2.111895279416019184e+04,0.000000000000000000e+00,7.700138994437019102e-01,-5.626783758653532530e+00,0.000000000000000000e+00
8.260000000000000000e+04,3.865702543383825832e+04,2.055571790111786686e+04,0.000000000000000000e+00,7.494779050446629398e-01,-5.637864184901283160e+00,0.000000000000000000e+00,3.865702543383211014e+04,2.055571790111439987e+04,0.000000000000000000e+00,7.494779050445536939e-01,-5.637864184900411857e+00,0.000000000000000000e+00,3.865702543383825832e+04,2.055571790111764858e+04,0.000000000000000000e+00,7.494779050446628288e-01,-5.637864184901283160e+00,0.000000000000000000e+00
8.270000000000000000e+04,3.873094475949386106e+04,1.999138995037949644e+04,0.000000000000000000e+00,7.289020568883533002e-01,-5.648644815692421162e+00,0.000000000000000000e+00,3.873094475948772742e+04,1.999138995037634959e+04,0.000000000000000000e+00,7.289020568882453865e-01,-5.648644815691548970e+00,0.000000000000000000e+00,3.873094475949386833e+04,1.999138995037956192e+04,0.000000000000000000e+00,7.289020568883533002e-01,-5.648644815692421162e+00,0.000000000000000000e+00
8.280000000000000000e+04,3.880280455322600028e+04,1.942599895028746687e+04,0.000000000000000000e+00,7.082874491028974262e-01,-5.659125077763027534e+00,0.000000000000000000e+00,3.880280455321983754e+04,1.942599895028452011e+04,0.000000000000000000e+00,7.082874491027932873e-01,-5.659125077762153566e+00,0.000000000000000000e+00,3.880280455322599300e+04,1.942599895028762330e+04,0.000000000000000000e+00,7.082874491028975372e-01,-5.659125077763028422e+00,0.000000000000000000e+00
8.290000000000000000e+04,3.887260099386424554e+04,1.885957496571191587e+04,0.000000000000000000e+00,6.876351778774845158e-01,-5.669304413821395272e+00,0.000000000000000000e+00,3.887260099385806825e+04,1.885957496570877629e+04,0.000000000000000000e+00,6.876351778773839296e-01,-5.669304413820519528e+00,0.000000000000000000e+00,3.887260099386423099e+04,1.885957496571176671e+04,0.000000000000000000e+00,6.876351778774842938e-01,-5.669304413821395272e+00,0.000000000000000000e+00
8.300000000000000000e+04,3.894033036995773728e+04,1.829214811645122245e+04,0.000000000000000000e+00,6.669463414040670557e-01,-5.679182282577666996e+00,0.000000000000000000e+00,3.894033036995156726e+04,1.829214811644830115e+04,0.000000000000000000e+00,6.669463414039705773e-01,-5.679182282576788587e+00,0.000000000000000000e+00,3.894033036995773728e+04,1.829214811645118243e+04,0.000000000000000000e+00,6.669463414040671667e-01,-5.679182282577666996e+00,0.000000000000000000e+00
8.310000000000000000e+04,3.900598907997256902e+04,1.772374857563269325e+04,0.000000000000000000e+00,6.462220398189719717e-01,-5.688758158772613704e+00,0.000000000000000000e+00,3.900598907996639173e+04,1.772374857562997568e+04,0.000000000000000000e+00,6.462220398188768256e-01,-5.688758158771736184e+00,0.000000000000000000e+00,3.900598907997255446e+04,1.772374857563281330e+04,0.000000000000000000e+00,6.462220398189720827e-01,-5.688758158772614593e+00,0.000000000000000000e+00
8.320000000000000000e+04,3.906957363248318870e+04,1.715440656810672954e+04,0.000000000000000000e+00,6.254633751443878786e-01,-5.698031533205579535e+00,0.000000000000000000e+00,3.906957363247701142e+04,1.715440656810389555e+04,0.000000000000000000e+00,6.254633751442961742e-01,-5.698031533204699350e+00,0.000000000000000000e+00,3.906957363248318143e+04,1.715440656810662767e+04,0.000000000000000000e+00,6.254633751443878786e-01,-5.698031533205579535e+00,0.000000000000000000e+00
8.330000000000000000e+04,3.913108064635814662e+04,1.658415236883889884e+04,0.000000000000000000e+00,6.046714512297801658e-01,-5.707001912761538343e+00,0.000000000000000000e+00,3.913108064635196206e+04,1.658415236883617035e+04,0.000000000000000000e+00,6.046714512296922361e-01,-5.707001912760655493e+00,0.000000000000000000e+00,3.913108064635813935e+04,1.658415236883878970e+04,0.000000000000000000e+00,6.046714512297801658e-01,-5.707001912761537454e+00,0.000000000000000000e+00
8.340000000000000000e+04,3.919050685093984066e+04,1.601301630130177364e+04,0.000000000000000000e+00,5.838473736931866220e-01,-5.715668820437327824e+00,0.000000000000000000e+00,3.919050685093366337e+04,1.601301630129903424e+04,0.000000000000000000e+00,5.838473736931002467e-01,-5.715668820436444975e+00,0.000000000000000000e+00,3.919050685093983338e+04,1.601301630130161175e+04,0.000000000000000000e+00,5.838473736931868441e-01,-5.715668820437327824e+00,0.000000000000000000e+00
8.350000000000000000e+04,3.924784908621846989e+04,1.544102873586071655e+04,0.000000000000000000e+00,5.629922498624189142e-01,-5.724031795367017672e+00,0.000000000000000000e+00,3.924784908621229260e+04,1.544102873585837733e+04,0.000000000000000000e+00,5.629922498623360916e-01,-5.724031795366133935e+00,0.000000000000000000e+00,3.924784908621846989e+04,1.544102873586084752e+04,0.000000000000000000e+00,5.629922498624189142e-01,-5.724031795367017672e+00,0.000000000000000000e+00
8.360000000000000000e+04,3.930310430300003645e+04,1.486822008816082962e+04,0.000000000000000000e+00,5.421071887161921232e-01,-5.732090392846406424e+00,0.000000000000000000e+00,3.930310430299385916e+04,1.486822008815880326e+04,0.000000000000000000e+00,5.421071887161132974e-01,-5.732090392845520910e+00,0.000000000000000000e+00,3.930310430300004373e+04,1.486822008816115886e+04,0.000000000000000000e+00,5.421071887161922342e-01,-5.732090392846406424e+00,0.000000000000000000e+00
8.370000000000000000e+04,3.935626956306851207e+04,1.429462081750854850e+04,0.000000000000000000e+00,5.211933008251510291e-01,-5.739844184356670986e+00,0.000000000000000000e+00,3.935626956306232751e+04,1.429462081750625475e+04,0.000000000000000000e+00,5.211933008250730914e-01,-5.739844184355785472e+00,0.000000000000000000e+00,3.935626956306850479e+04,1.429462081750857215e+04,0.000000000000000000e+00,5.211933008251509181e-01,-5.739844184356670098e+00,0.000000000000000000e+00
8.380000000000000000e+04,3.940734203934205289e+04,1.372026142525067553e+04,0.000000000000000000e+00,5.002516982928031375e-01,-5.747292757587159961e+00,0.000000000000000000e+00,3.940734203933586105e+04,1.372026142524833813e+04,0.000000000000000000e+00,5.002516982927291966e-01,-5.747292757586273559e+00,0.000000000000000000e+00,3.940734203934205289e+04,1.372026142525054638e+04,0.000000000000000000e+00,5.002516982928031375e-01,-5.747292757587160850e+00,0.000000000000000000e+00
8.390000000000000000e+04,3.945631901602336438e+04,1.314517245315434411e+04,0.000000000000000000e+00,4.792834946964013021e-01,-5.754435716457312111e+00,0.000000000000000000e+00,3.945631901601717254e+04,1.314517245315239961e+04,0.000000000000000000e+00,4.792834946963313580e-01,-5.754435716456423933e+00,0.000000000000000000e+00,3.945631901602336438e+04,1.314517245315449691e+04,0.000000000000000000e+00,4.792834946964013576e-01,-5.754435716457312111e+00,0.000000000000000000e+00
8.400000000000000000e+04,3.950319788874407823e+04,1.256938448178372346e+04,0.000000000000000000e+00,4.582898050277190993e-01,-5.761272681137716845e+00,0.000000000000000000e+00,3.950319788873788639e+04,1.256938448178145700e+04,0.000000000000000000e+00,4.582898050276503210e-01,-5.761272681136828666e+00,0.000000000000000000e+00,3.950319788874408550e+04,1.256938448178351427e+04,0.000000000000000000e+00,4.582898050277190993e-01,-5.761272681137717733e+00,0.000000000000000000e+00
8.410000000000000000e+04,3.954797616470330104e+04,1.199292812886997126e+04,0.000000000000000000e+00,4.372717456337531505e-01,-5.767803288070320278e+00,0.000000000000000000e+00,3.954797616469708737e+04,1.199292812886806132e+04,0.000000000000000000e+00,4.372717456336882025e-01,-5.767803288069431211e+00,0.000000000000000000e+00,3.954797616470329376e+04,1.199292812887000764e+04,0.000000000000000000e+00,4.372717456337530950e-01,-5.767803288070320278e+00,0.000000000000000000e+00
8.420000000000000000e+04,3.959065146280003682e+04,1.141583404768793844e+04,0.000000000000000000e+00,4.162304341573768163e-01,-5.774027189987747555e+00,0.000000000000000000e+00,3.959065146279384498e+04,1.141583404768619585e+04,0.000000000000000000e+00,4.162304341573158095e-01,-5.774027189986856712e+00,0.000000000000000000e+00,3.959065146280005138e+04,1.141583404768803302e+04,0.000000000000000000e+00,4.162304341573767608e-01,-5.774027189987747555e+00,0.000000000000000000e+00
8.430000000000000000e+04,3.963122151376001420e+04,1.083813292542332783e+04,0.000000000000000000e+00,3.951669894779012981e-01,-5.779944055931775182e+00,0.000000000000000000e+00,3.963122151375381509e+04,1.083813292542127783e+04,0.000000000000000000e+00,3.951669894778417902e-01,-5.779944055930882563e+00,0.000000000000000000e+00,3.963122151376002148e+04,1.083813292542307136e+04,0.000000000000000000e+00,3.951669894779013537e-01,-5.779944055931774294e+00,0.000000000000000000e+00
8.440000000000000000e+04,3.966968416025615443e+04,1.025985548154031858e+04,0.000000000000000000e+00,3.740825316515716814e-01,-5.785553571270925843e+00,0.000000000000000000e+00,3.966968416024994804e+04,1.025985548153834134e+04,0.000000000000000000e+00,3.740825316515158927e-01,-5.785553571270033224e+00,0.000000000000000000e+00,3.966968416025615443e+04,1.025985548154002754e+04,0.000000000000000000e+00,3.740825316515716259e-01,-5.785553571270925843e+00,0.000000000000000000e+00
8.450000000000000000e+04,3.970603735702339327e+04,9.681032466149888933e+03,0.000000000000000000e+00,3.529781818520212333e-01,-5.790855437717204346e+00,0.000000000000000000e+00,3.970603735701717960e+04,9.681032466148542881e+03,0.000000000000000000e+00,3.529781818519694969e-01,-5.790855437716311727e+00,0.000000000000000000e+00,3.970603735702338599e+04,9.681032466150116306e+03,0.000000000000000000e+00,3.529781818520212888e-01,-5.790855437717205234e+00,0.000000000000000000e+00
8.460000000000000000e+04,3.974027917096739839e+04,9.101694658375578001e+03,0.000000000000000000e+00,3.318550623106447661e-01,-5.795849373341956934e+00,0.000000000000000000e+00,3.974027917096119199e+04,9.101694658373990023e+03,0.000000000000000000e+00,3.318550623105968600e-01,-5.795849373341061650e+00,0.000000000000000000e+00,3.974027917096739111e+04,9.101694658375452491e+03,0.000000000000000000e+00,3.318550623106447106e-01,-5.795849373341956934e+00,0.000000000000000000e+00
8.470000000000000000e+04,3.977240778126740042e+04,8.521872864712728187e+03,0.000000000000000000e+00,3.107142962569264810e-01,-5.800535112590855746e+00,0.000000000000000000e+00,3.977240778126119403e+04,8.521872864711067450e+03,0.000000000000000000e+00,3.107142962568800182e-01,-5.800535112589959574e+00,0.000000000000000000e+00,3.977240778126739315e+04,8.521872864712489900e+03,0.000000000000000000e+00,3.107142962569264810e-01,-5.800535112590855746e+00,0.000000000000000000e+00
8.480000000000000000e+04,3.980242147947297781e+04,7.941597917393548414e+03,0.000000000000000000e+00,2.895570078587029750e-01,-5.804912406298032401e+00,0.000000000000000000e+00,3.980242147946678597e+04,7.941597917392279669e+03,0.000000000000000000e+00,2.895570078586605089e-01,-5.804912406297136229e+00,0.000000000000000000e+00,3.980242147947298508e+04,7.941597917393590251e+03,0.000000000000000000e+00,2.895570078587029750e-01,-5.804912406298033289e+00,0.000000000000000000e+00
8.490000000000000000e+04,3.983031866959496256e+04,7.360900672747753561e+03,0.000000000000000000e+00,2.683843221624001574e-01,-5.808981021699319847e+00,0.000000000000000000e+00,3.983031866958875617e+04,7.360900672746740383e+03,0.000000000000000000e+00,2.683843221623616326e-01,-5.808981021698422786e+00,0.000000000000000000e+00,3.983031866959495528e+04,7.360900672747940007e+03,0.000000000000000000e+00,2.683843221624001574e-01,-5.808981021699319847e+00,0.000000000000000000e+00
8.500000000000000000e+04,3.985609786819019064e+04,6.779812009560642764e+03,0.000000000000000000e+00,2.471973650332007777e-01,-5.812740742444628239e+00,0.000000000000000000e+00,3.985609786818399152e+04,6.779812009559377657e+03,0.000000000000000000e+00,2.471973650331635297e-01,-5.812740742443731179e+00,0.000000000000000000e+00,3.985609786819019064e+04,6.779812009560536353e+03,0.000000000000000000e+00,2.471973650332006389e-01,-5.812740742444628239e+00,0.000000000000000000e+00
8.510000000000000000e+04,3.987975770444051886e+04,6.198362827430013567e+03,0.000000000000000000e+00,2.259972630951679884e-01,-5.816191368609455736e+00,0.000000000000000000e+00,3.987975770443432702e+04,6.198362827428938544e+03,0.000000000000000000e+00,2.259972630951348760e-01,-5.816191368608558676e+00,0.000000000000000000e+00,3.987975770444052614e+04,6.198362827429986282e+03,0.000000000000000000e+00,2.259972630951679606e-01,-5.816191368609455736e+00,0.000000000000000000e+00
8.520000000000000000e+04,3.990129692022564996e+04,5.616584045125870034e+03,0.000000000000000000e+00,2.047851436713533646e-01,-5.819332716705513775e+00,0.000000000000000000e+00,3.990129692021945812e+04,5.616584045124896875e+03,0.000000000000000000e+00,2.047851436713242768e-01,-5.819332716704615827e+00,0.000000000000000000e+00,3.990129692022565723e+04,5.616584045125834564e+03,0.000000000000000000e+00,2.047851436713533646e-01,-5.819332716705512887e+00,0.000000000000000000e+00
8.530000000000000000e+04,3.992071437019003497e+04,5.034506598944077268e+03,0.000000000000000000e+00,1.835621347238421963e-01,-5.822164619690486376e+00,0.000000000000000000e+00,3.992071437018383585e+04,5.034506598943334211e+03,0.000000000000000000e+00,1.835621347238145240e-01,-5.822164619689588427e+00,0.000000000000000000e+00,3.992071437019002769e+04,5.034506598944229154e+03,0.000000000000000000e+00,1.835621347238421408e-01,-5.822164619690486376e+00,0.000000000000000000e+00
8.540000000000000000e+04,3.993800902180375124e+04,4.452161441062809899e+03,0.000000000000000000e+00,1.623293647937663620e-01,-5.824686926976913703e+00,0.000000000000000000e+00,3.993800902179756667e+04,4.452161441061889491e+03,0.000000000000000000e+00,1.623293647937427142e-01,-5.824686926976016643e+00,0.000000000000000000e+00,3.993800902180375851e+04,4.452161441062673475e+03,0.000000000000000000e+00,1.623293647937663342e-01,-5.824686926976913703e+00,0.000000000000000000e+00
8.550000000000000000e+04,3.995317995541753771e+04,3.869579537894343957e+03,0.000000000000000000e+00,1.410879629413093195e-01,-5.826899504440199884e+00,0.000000000000000000e+00,3.995317995541133132e+04,3.869579537893869201e+03,0.000000000000000000e+00,1.410879629412896963e-01,-5.826899504439301936e+00,0.000000000000000000e+00,3.995317995541753044e+04,3.869579537894541318e+03,0.000000000000000000e+00,1.410879629413093195e-01,-5.826899504440199884e+00,0.000000000000000000e+00
8.560000000000000000e+04,3.996622636431148567e+04,3.286791868442436680e+03,0.000000000000000000e+00,1.198390586856601381e-01,-5.828802234425739748e+00,0.000000000000000000e+00,3.996622636430527928e+04,3.286791868441594488e+03,0.000000000000000000e+00,1.198390586856419443e-01,-5.828802234424842688e+00,0.000000000000000000e+00,3.996622636431147112e+04,3.286791868442225223e+03,0.000000000000000000e+00,1.198390586856601103e-01,-5.828802234425739748e+00,0.000000000000000000e+00
8.570000000000000000e+04,3.997714755473811238e+04,2.703829422649461776e+03,0.000000000000000000e+00,9.858378194494304969e-02,-5.830395015755183152e+00,0.000000000000000000e+00,3.997714755473192781e+04,2.703829422649083881e+03,0.000000000000000000e+00,9.858378194492889435e-02,-5.830395015754286092e+00,0.000000000000000000e+00,3.997714755473811238e+04,2.703829422649602748e+03,0.000000000000000000e+00,9.858378194494303581e-02,-5.830395015755183152e+00,0.000000000000000000e+00
8.580000000000000000e+04,3.998594294595921383e+04,2.120723199754487723e+03,0.000000000000000000e+00,7.732326297614930399e-02,-5.831677763731809350e+00,0.000000000000000000e+00,3.998594294595303654e+04,2.120723199754149391e+03,0.000000000000000000e+00,7.732326297613913157e-02,-5.831677763730912289e+00,0.000000000000000000e+00,3.998594294595921383e+04,2.120723199754556845e+03,0.000000000000000000e+00,7.732326297614927624e-02,-5.831677763731810238e+00,0.000000000000000000e+00
8.590000000000000000e+04,3.999261207027668570e+04,1.537504206640413031e+03,0.000000000000000000e+00,5.605863231502478117e-02,-5.832650410145034492e+00,0.000000000000000000e+00,3.999261207027051569e+04,1.537504206640003758e+03,0.000000000000000000e+00,5.605863231501871657e-02,-5.832650410144135655e+00,0.000000000000000000e+00,3.999261207027669298e+04,1.537504206640298889e+03,0.000000000000000000e+00,5.605863231502479505e-02,-5.832650410145033604e+00,0.000000000000000000e+00
8.600000000000000000e+04,3.999715457305745076e+04,9.542034561866894364e+02,0.000000000000000000e+00,3.479102071595890910e-02,-5.833312903274032735e+00,0.000000000000000000e+00,3.999715457305127347e+04,9.542034561864551279e+02,0.000000000000000000e+00,3.479102071595431556e-02,-5.833312903273134786e+00,0.000000000000000000e+00,3.999715457305745076e+04,9.542034561867092179e+02,0.000000000000000000e+00,3.479102071595890910e-02,-5.833312903274032735e+00,0.000000000000000000e+00
8.610000000000000000e+04,3.999957021275226725e+04,3.708519656211137772e+02,0.000000000000000000e+00,1.352155909184558913e-02,-5.833665207890495807e+00,0.000000000000000000e+00,3.999957021274609724e+04,3.708519656207886328e+02,0.000000000000000000e+00,1.352155909184504790e-02,-5.833665207889597859e+00,0.000000000000000000e+00,3.999957021275227453e+04,3.708519656209307982e+02,0.000000000000000000e+00,1.352155909184559260e-02,-5.833665207890495807e+00,0.000000000000000000e+00
8.620000000000000000e+04,3.999985886090865097e+04,-2.125192451316397637e+02,0.000000000000000000e+00,-7.748621546037674085e-03,-5.833707305260498188e+00,0.000000000000000000e+00,3.999985886090248096e+04,-2.125192451315872972e+02,0.000000000000000000e+00,-7.748621546034159535e-03,-5.833707305259600240e+00,0.000000000000000000e+00,3.999985886090865097e+04,-2.125192451315571134e+02,0.000000000000000000e+00,-7.748621546037675820e-03,-5.833707305260498188e+00,0.000000000000000000e+00
