time_s,direct_x_m,direct_y_m,direct_z_m,direct_vx_mps,direct_vy_mps,direct_vz_mps,iter_x_m,iter_y_m,iter_z_m,iter_vx_mps,iter_vy_mps,iter_vz_mps,analytic_x_m,analytic_y_m,analytic_z_m,analytic_vx_mps,analytic_vy_mps,analytic_vz_mps
0.000000000000000000e+00,2.000000000000000000e+04,0.000000000000000000e+00,0.000000000000000000e+00,0.000000000000000000e+00,-2.916863944718417923e+00,0.000000000000000000e+00,2.000000000000000000e+04,0.000000000000000000e+00,0.000000000000000000e+00,0.000000000000000000e+00,-2.916863944718417923e+00,0.000000000000000000e+00,2.000000000000000000e+04,-0.000000000000000000e+00,0.000000000000000000e+00,-0.000000000000000000e+00,-2.916863944718417923e+00,0.000000000000000000e+00
1.000000000000000000e+02,1.999946824640186969e+04,-2.916838093790964876e+02,0.000000000000000000e+00,-1.063502483545008398e-02,-2.916786392073524414e+00,0.000000000000000000e+00,1.999946824640186969e+04,-2.916838093790964876e+02,0.000000000000000000e+00,-1.063502483545008398e-02,-2.916786392073524414e+00,0.000000000000000000e+00,1.999946824640186605e+04,-2.916838093790965445e+02,0.000000000000000000e+00,-1.063502483545008225e-02,-2.916786392073524414e+00,0.000000000000000000e+00
2.000000000000000000e+02,1.999787301388365449e+04,-5.833521083666776121e+02,0.000000000000000000e+00,-2.126948414962792633e-02,-2.916553738262733564e+00,0.000000000000000000e+00,1.999787301388365813e+04,-5.833521083666774985e+02,0.000000000000000000e+00,-2.126948414962791592e-02,-2.916553738262733564e+00,0.000000000000000000e+00,1.999787301388365449e+04,-5.833521083666776121e+02,0.000000000000000000e+00,-2.126948414962791592e-02,-2.916553738262733564e+00,0.000000000000000000e+00
3.000000000000000000e+02,1.999521438727242639e+04,-8.749893873959982784e+02,0.000000000000000000e+00,-3.190281245133305688e-02,-2.916165995657495014e+00,0.000000000000000000e+00,1.999521438727243003e+04,-8.749893873959983921e+02,0.000000000000000000e+00,-3.190281245133304300e-02,-2.916165995657495458e+00,0.000000000000000000e+00,1.999521438727242275e+04,-8.749893873959983921e+02,0.000000000000000000e+00,-3.190281245133304994e-02,-2.916165995657495014e+00,0.000000000000000000e+00
4.000000000000000000e+02,1.999149250794160616e+04,-1.166580138549811181e+03,0.000000000000000000e+00,-4.253444430950700794e-02,-2.915623184876162011e+00,0.000000000000000000e+00,1.999149250794161344e+04,-1.166580138549811409e+03,0.000000000000000000e+00,-4.253444430950700100e-02,-2.915623184876162455e+00,0.000000000000000000e+00,1.999149250794160253e+04,-1.166580138549811409e+03,0.000000000000000000e+00,-4.253444430950701488e-02,-2.915623184876162455e+00,0.000000000000000000e+00
5.000000000000000000e+02,1.998670757380346549e+04,-1.458108856385005538e+03,0.000000000000000000e+00,-5.316381438330036735e-02,-2.914925334782893174e+00,0.000000000000000000e+00,1.998670757380348005e+04,-1.458108856385005993e+03,0.000000000000000000e+00,-5.316381438330033266e-02,-2.914925334782893618e+00,0.000000000000000000e+00,1.998670757380346913e+04,-1.458108856385005765e+03,0.000000000000000000e+00,-5.316381438330036735e-02,-2.914925334782893174e+00,0.000000000000000000e+00
6.000000000000000000e+02,1.998085983929860959e+04,-1.749560038757114853e+03,0.000000000000000000e+00,-6.379035745213484931e-02,-2.914072482486118165e+00,0.000000000000000000e+00,1.998085983929862414e+04,-1.749560038757114853e+03,0.000000000000000000e+00,-6.379035745213477993e-02,-2.914072482486118165e+00,0.000000000000000000e+00,1.998085983929860959e+04,-1.749560038757115080e+03,0.000000000000000000e+00,-6.379035745213483544e-02,-2.914072482486117721e+00,0.000000000000000000e+00
7.000000000000000000e+02,1.997394961538241841e+04,-2.040918187644647560e+03,0.000000000000000000e+00,-7.441350844575916890e-02,-2.913064673336564159e+00,0.000000000000000000e+00,1.997394961538243297e+04,-2.040918187644647787e+03,0.000000000000000000e+00,-7.441350844575908563e-02,-2.913064673336564159e+00,0.000000000000000000e+00,1.997394961538241478e+04,-2.040918187644648015e+03,0.000000000000000000e+00,-7.441350844575915502e-02,-2.913064673336564159e+00,0.000000000000000000e+00
8.000000000000000000e+02,1.996597726950852666e+04,-2.332167809973203475e+03,0.000000000000000000e+00,-8.503270247429689510e-02,-2.911901960924845323e+00,0.000000000000000000e+00,1.996597726950854485e+04,-2.332167809973203020e+03,0.000000000000000000e+00,-8.503270247429679796e-02,-2.911901960924845767e+00,0.000000000000000000e+00,1.996597726950852666e+04,-2.332167809973203020e+03,0.000000000000000000e+00,-8.503270247429689510e-02,-2.911901960924845767e+00,0.000000000000000000e+00
9.000000000000000000e+02,1.995694322560930959e+04,-2.623293418439317520e+03,0.000000000000000000e+00,-9.564737485828467278e-02,-2.910584407078613545e+00,0.000000000000000000e+00,1.995694322560932778e+04,-2.623293418439317520e+03,0.000000000000000000e+00,-9.564737485828453400e-02,-2.910584407078613989e+00,0.000000000000000000e+00,1.995694322560930596e+04,-2.623293418439317975e+03,0.000000000000000000e+00,-9.564737485828465891e-02,-2.910584407078613545e+00,0.000000000000000000e+00
1.000000000000000000e+03,1.994684796407329122e+04,-2.914279532334010128e+03,0.000000000000000000e+00,-1.062569611586991480e-01,-2.909112081859268173e+00,0.000000000000000000e+00,1.994684796407331305e+04,-2.914279532334010582e+03,0.000000000000000000e+00,-1.062569611586989538e-01,-2.909112081859268173e+00,0.000000000000000000e+00,1.994684796407329122e+04,-2.914279532334011037e+03,0.000000000000000000e+00,-1.062569611586991203e-01,-2.909112081859268173e+00,0.000000000000000000e+00
1.100000000000000000e+03,1.993569202171963843e+04,-3.205110678365975218e+03,0.000000000000000000e+00,-1.168608972069712926e-01,-2.907485063558231886e+00,0.000000000000000000e+00,1.993569202171966754e+04,-3.205110678365974763e+03,0.000000000000000000e+00,-1.168608972069710705e-01,-2.907485063558231886e+00,0.000000000000000000e+00,1.993569202171963843e+04,-3.205110678365975673e+03,0.000000000000000000e+00,-1.168608972069712926e-01,-2.907485063558231886e+00,0.000000000000000000e+00
1.200000000000000000e+03,1.992347599176961012e+04,-3.495771391484375272e+03,0.000000000000000000e+00,-1.274586191349862951e-01,-2.905703438692789575e+00,0.000000000000000000e+00,1.992347599176963558e+04,-3.495771391484375272e+03,0.000000000000000000e+00,-1.274586191349861009e-01,-2.905703438692789131e+00,0.000000000000000000e+00,1.992347599176960648e+04,-3.495771391484375727e+03,0.000000000000000000e+00,-1.274586191349863507e-01,-2.905703438692789131e+00,0.000000000000000000e+00
1.300000000000000000e+03,1.991020052381497226e+04,-3.786246215701207802e+03,0.000000000000000000e+00,-1.380495634050676323e-01,-2.903767302001483142e+00,0.000000000000000000e+00,1.991020052381500500e+04,-3.786246215701208257e+03,0.000000000000000000e+00,-1.380495634050672993e-01,-2.903767302001482697e+00,0.000000000000000000e+00,1.991020052381497226e+04,-3.786246215701208257e+03,0.000000000000000000e+00,-1.380495634050676046e-01,-2.903767302001482697e+00,0.000000000000000000e+00
1.400000000000000000e+03,1.989586632378353534e+04,-4.076519704913178884e+03,0.000000000000000000e+00,-1.486331668399427097e-01,-2.901676756439078186e+00,0.000000000000000000e+00,1.989586632378356444e+04,-4.076519704913178884e+03,0.000000000000000000e+00,-1.486331668399423489e-01,-2.901676756439078186e+00,0.000000000000000000e+00,1.989586632378353170e+04,-4.076519704913178884e+03,0.000000000000000000e+00,-1.486331668399427097e-01,-2.901676756439078186e+00,0.000000000000000000e+00
1.500000000000000000e+03,1.988047415390152310e+04,-4.366576423723054177e+03,0.000000000000000000e+00,-1.592088666526909613e-01,-2.899431913171087505e+00,0.000000000000000000e+00,1.988047415390155948e+04,-4.366576423723054177e+03,0.000000000000000000e+00,-1.592088666526904617e-01,-2.899431913171087505e+00,0.000000000000000000e+00,1.988047415390152310e+04,-4.366576423723055086e+03,0.000000000000000000e+00,-1.592088666526909058e-01,-2.899431913171087505e+00,0.000000000000000000e+00
1.600000000000000000e+03,1.986402483265312185e+04,-4.656400948260445148e+03,0.000000000000000000e+00,-1.697761004766693560e-01,-2.897032891567859814e+00,0.000000000000000000e+00,1.986402483265315823e+04,-4.656400948260445148e+03,0.000000000000000000e+00,-1.697761004766688564e-01,-2.897032891567859370e+00,0.000000000000000000e+00,1.986402483265311821e+04,-4.656400948260446057e+03,0.000000000000000000e+00,-1.697761004766693282e-01,-2.897032891567859370e+00,0.000000000000000000e+00
1.700000000000000000e+03,1.984651923473689749e+04,-4.945977867001977756e+03,0.000000000000000000e+00,-1.803343063954172543e-01,-2.894479819198231052e+00,0.000000000000000000e+00,1.984651923473693387e+04,-4.945977867001976847e+03,0.000000000000000000e+00,-1.803343063954166714e-01,-2.894479819198231052e+00,0.000000000000000000e+00,1.984651923473689749e+04,-4.945977867001977756e+03,0.000000000000000000e+00,-1.803343063954171988e-01,-2.894479819198231052e+00,0.000000000000000000e+00
1.800000000000000000e+03,1.982795829101932395e+04,-5.235291781590801293e+03,0.000000000000000000e+00,-1.908829229725358401e-01,-2.891772831822744028e+00,0.000000000000000000e+00,1.982795829101936397e+04,-5.235291781590802202e+03,0.000000000000000000e+00,-1.908829229725352294e-01,-2.891772831822744472e+00,0.000000000000000000e+00,1.982795829101932395e+04,-5.235291781590803112e+03,0.000000000000000000e+00,-1.908829229725357846e-01,-2.891772831822744028e+00,0.000000000000000000e+00
1.900000000000000000e+03,1.980834298848525941e+04,-5.524327307655415098e+03,0.000000000000000000e+00,-2.014213892815431839e-01,-2.888912073386426638e+00,0.000000000000000000e+00,1.980834298848530307e+04,-5.524327307655412369e+03,0.000000000000000000e+00,-2.014213892815424622e-01,-2.888912073386426638e+00,0.000000000000000000e+00,1.980834298848526305e+04,-5.524327307655414188e+03,0.000000000000000000e+00,-2.014213892815431284e-01,-2.888912073386426638e+00,0.000000000000000000e+00
2.000000000000000000e+03,1.978767437018547935e+04,-5.813069075627711754e+03,0.000000000000000000e+00,-2.119491449357011614e-01,-2.885897696011137104e+00,0.000000000000000000e+00,1.978767437018551936e+04,-5.813069075627711754e+03,0.000000000000000000e+00,-2.119491449357005508e-01,-2.885897696011137104e+00,0.000000000000000000e+00,1.978767437018547571e+04,-5.813069075627712664e+03,0.000000000000000000e+00,-2.119491449357012169e-01,-2.885897696011137548e+00,0.000000000000000000e+00
2.100000000000000000e+03,1.976595353518118281e+04,-6.101501731560297230e+03,0.000000000000000000e+00,-2.224656301178152829e-01,-2.882729859987477550e+00,0.000000000000000000e+00,1.976595353518123375e+04,-6.101501731560293592e+03,0.000000000000000000e+00,-2.224656301178145057e-01,-2.882729859987477994e+00,0.000000000000000000e+00,1.976595353518118645e+04,-6.101501731560296321e+03,0.000000000000000000e+00,-2.224656301178152829e-01,-2.882729859987477550e+00,0.000000000000000000e+00
2.200000000000000000e+03,1.974318163848560653e+04,-6.389609937942898796e+03,0.000000000000000000e+00,-2.329702856100016595e-01,-2.879408733766268380e+00,0.000000000000000000e+00,1.974318163848565746e+04,-6.389609937942897886e+03,0.000000000000000000e+00,-2.329702856100008268e-01,-2.879408733766269268e+00,0.000000000000000000e+00,1.974318163848561016e+04,-6.389609937942899705e+03,0.000000000000000000e+00,-2.329702856100016317e-01,-2.879408733766268824e+00,0.000000000000000000e+00
2.300000000000000000e+03,1.971935989100254665e+04,-6.677378374517988050e+03,0.000000000000000000e+00,-2.434625528234248826e-01,-2.875934493949591442e+00,0.000000000000000000e+00,1.971935989100259758e+04,-6.677378374517985321e+03,0.000000000000000000e+00,-2.434625528234239944e-01,-2.875934493949591886e+00,0.000000000000000000e+00,1.971935989100254301e+04,-6.677378374517987140e+03,0.000000000000000000e+00,-2.434625528234249103e-01,-2.875934493949591442e+00,0.000000000000000000e+00
2.400000000000000000e+03,1.969448955946198475e+04,-6.964791739095397133e+03,0.000000000000000000e+00,-2.539418738280005972e-01,-2.872307325281398871e+00,0.000000000000000000e+00,1.969448955946203932e+04,-6.964791739095396224e+03,0.000000000000000000e+00,-2.539418738279997090e-01,-2.872307325281399315e+00,0.000000000000000000e+00,1.969448955946198475e+04,-6.964791739095398043e+03,0.000000000000000000e+00,-2.539418738280006527e-01,-2.872307325281399315e+00,0.000000000000000000e+00
2.500000000000000000e+03,1.966857196635275977e+04,-7.251834748366059102e+03,0.000000000000000000e+00,-2.644076913820638808e-01,-2.868527420637689840e+00,0.000000000000000000e+00,1.966857196635281434e+04,-7.251834748366055464e+03,0.000000000000000000e+00,-2.644076913820628816e-01,-2.868527420637690284e+00,0.000000000000000000e+00,1.966857196635275977e+04,-7.251834748366058193e+03,0.000000000000000000e+00,-2.644076913820639363e-01,-2.868527420637689840e+00,0.000000000000000000e+00
2.600000000000000000e+03,1.964160848985220218e+04,-7.538492138714665089e+03,0.000000000000000000e+00,-2.748594489620005410e-01,-2.864594981016253428e+00,0.000000000000000000e+00,1.964160848985226403e+04,-7.538492138714664179e+03,0.000000000000000000e+00,-2.748594489619994308e-01,-2.864594981016253872e+00,0.000000000000000000e+00,1.964160848985220582e+04,-7.538492138714665998e+03,0.000000000000000000e+00,-2.748594489620005410e-01,-2.864594981016253872e+00,0.000000000000000000e+00
2.700000000000000000e+03,1.961360056375289423e+04,-7.824748667031350124e+03,0.000000000000000000e+00,-2.852965907918405541e-01,-2.860510215525982503e+00,0.000000000000000000e+00,1.961360056375295244e+04,-7.824748667031344667e+03,0.000000000000000000e+00,-2.852965907918392774e-01,-2.860510215525982503e+00,0.000000000000000000e+00,1.961360056375289423e+04,-7.824748667031348305e+03,0.000000000000000000e+00,-2.852965907918404986e-01,-2.860510215525982503e+00,0.000000000000000000e+00
2.800000000000000000e+03,1.958454967738636333e+04,-8.110589111522210260e+03,0.000000000000000000e+00,-2.957185618728115362e-01,-2.856273341375750174e+00,0.000000000000000000e+00,1.958454967738642517e+04,-8.110589111522206622e+03,0.000000000000000000e+00,-2.957185618728102039e-01,-2.856273341375750618e+00,0.000000000000000000e+00,1.958454967738636333e+04,-8.110589111522210260e+03,0.000000000000000000e+00,-2.957185618728115362e-01,-2.856273341375750618e+00,0.000000000000000000e+00
2.900000000000000000e+03,1.955445737554395600e+04,-8.395998272518769227e+03,0.000000000000000000e+00,-3.061248080128513571e-01,-2.851884583862865252e+00,0.000000000000000000e+00,1.955445737554402149e+04,-8.395998272518763770e+03,0.000000000000000000e+00,-3.061248080128500804e-01,-2.851884583862865696e+00,0.000000000000000000e+00,1.955445737554395600e+04,-8.395998272518769227e+03,0.000000000000000000e+00,-3.061248080128514681e-01,-2.851884583862865252e+00,0.000000000000000000e+00
3.000000000000000000e+03,1.952332525839464506e+04,-8.680960973286191802e+03,0.000000000000000000e+00,-3.165147758560776792e-01,-2.847344176361087165e+00,0.000000000000000000e+00,1.952332525839471782e+04,-8.680960973286188164e+03,0.000000000000000000e+00,-3.165147758560760138e-01,-2.847344176361087609e+00,0.000000000000000000e+00,1.952332525839464870e+04,-8.680960973286193621e+03,0.000000000000000000e+00,-3.165147758560775682e-01,-2.847344176361087165e+00,0.000000000000000000e+00
3.100000000000000000e+03,1.949115498139997726e+04,-8.965462060830337577e+03,0.000000000000000000e+00,-3.268879129122110871e-01,-2.842652360308218551e+00,0.000000000000000000e+00,1.949115498140004274e+04,-8.965462060830332121e+03,0.000000000000000000e+00,-3.268879129122095883e-01,-2.842652360308218551e+00,0.000000000000000000e+00,1.949115498139997362e+04,-8.965462060830337577e+03,0.000000000000000000e+00,-3.268879129122111427e-01,-2.842652360308218107e+00,0.000000000000000000e+00
3.200000000000000000e+03,1.945794825522597966e+04,-9.249486406703501416e+03,0.000000000000000000e+00,-3.372436675859571409e-01,-2.837809385193265754e+00,0.000000000000000000e+00,1.945794825522605606e+04,-9.249486406703499597e+03,0.000000000000000000e+00,-3.372436675859553645e-01,-2.837809385193265754e+00,0.000000000000000000e+00,1.945794825522597966e+04,-9.249486406703503235e+03,0.000000000000000000e+00,-3.372436675859570854e-01,-2.837809385193265754e+00,0.000000000000000000e+00
3.300000000000000000e+03,1.942370684565229021e+04,-9.533018907808904260e+03,0.000000000000000000e+00,-3.475814892063340267e-01,-2.832815508543173433e+00,0.000000000000000000e+00,1.942370684565236297e+04,-9.533018907808900622e+03,0.000000000000000000e+00,-3.475814892063324724e-01,-2.832815508543173433e+00,0.000000000000000000e+00,1.942370684565228657e+04,-9.533018907808904260e+03,0.000000000000000000e+00,-3.475814892063342487e-01,-2.832815508543173433e+00,0.000000000000000000e+00
3.400000000000000000e+03,1.938843257347816325e+04,-9.816044487203771496e+03,0.000000000000000000e+00,-3.579008280559583532e-01,-2.827670995909129736e+00,0.000000000000000000e+00,1.938843257347824328e+04,-9.816044487203769677e+03,0.000000000000000000e+00,-3.579008280559565214e-01,-2.827670995909129292e+00,0.000000000000000000e+00,1.938843257347816325e+04,-9.816044487203771496e+03,0.000000000000000000e+00,-3.579008280559584088e-01,-2.827670995909129292e+00,0.000000000000000000e+00
3.500000000000000000e+03,1.935212731442572840e+04,-1.009854809490109255e+04,0.000000000000000000e+00,-3.682011354002732162e-01,-2.822376120852443826e+00,0.000000000000000000e+00,1.935212731442581207e+04,-1.009854809490108710e+04,0.000000000000000000e+00,-3.682011354002712178e-01,-2.822376120852444270e+00,0.000000000000000000e+00,1.935212731442572840e+04,-1.009854809490109255e+04,0.000000000000000000e+00,-3.682011354002732717e-01,-2.822376120852443826e+00,0.000000000000000000e+00
3.600000000000000000e+03,1.931479299904019354e+04,-1.038051470866986892e+04,0.000000000000000000e+00,-3.784818635167295220e-01,-2.816931164930003284e+00,0.000000000000000000e+00,1.931479299904027721e+04,-1.038051470866986347e+04,0.000000000000000000e+00,-3.784818635167271905e-01,-2.816931164930003728e+00,0.000000000000000000e+00,1.931479299904019717e+04,-1.038051470866987074e+04,0.000000000000000000e+00,-3.784818635167294665e-01,-2.816931164930003284e+00,0.000000000000000000e+00
3.700000000000000000e+03,1.927643161258721739e+04,-1.066192933483396519e+04,0.000000000000000000e+00,-3.887424657239102466e-01,-2.811336417679297650e+00,0.000000000000000000e+00,1.927643161258730106e+04,-1.066192933483395973e+04,0.000000000000000000e+00,-3.887424657239079151e-01,-2.811336417679298094e+00,0.000000000000000000e+00,1.927643161258721375e+04,-1.066192933483396700e+04,0.000000000000000000e+00,-3.887424657239102466e-01,-2.811336417679297650e+00,0.000000000000000000e+00
3.800000000000000000e+03,1.923704519494731358e+04,-1.094277700906938117e+04,0.000000000000000000e+00,-3.989823964106014031e-01,-2.805592176603025845e+00,0.000000000000000000e+00,1.923704519494740453e+04,-1.094277700906937025e+04,0.000000000000000000e+00,-3.989823964105989607e-01,-2.805592176603026289e+00,0.000000000000000000e+00,1.923704519494731721e+04,-1.094277700906937753e+04,0.000000000000000000e+00,-3.989823964106014587e-01,-2.805592176603025845e+00,0.000000000000000000e+00
3.900000000000000000e+03,1.919663584050742793e+04,-1.122304279719997248e+04,0.000000000000000000e+00,-4.092011110648043903e-01,-2.799698747153273271e+00,0.000000000000000000e+00,1.919663584050751888e+04,-1.122304279719996703e+04,0.000000000000000000e+00,-4.092011110648016148e-01,-2.799698747153273715e+00,0.000000000000000000e+00,1.919663584050743157e+04,-1.122304279719997430e+04,0.000000000000000000e+00,-4.092011110648042793e-01,-2.799698747153273271e+00,0.000000000000000000e+00
4.000000000000000000e+03,1.915520569804952538e+04,-1.150271179599162315e+04,0.000000000000000000e+00,-4.193980663026901645e-01,-2.793656442715271915e+00,0.000000000000000000e+00,1.915520569804960905e+04,-1.150271179599162133e+04,0.000000000000000000e+00,-4.193980663026873890e-01,-2.793656442715272359e+00,0.000000000000000000e+00,1.915520569804952174e+04,-1.150271179599162679e+04,0.000000000000000000e+00,-4.193980663026901645e-01,-2.793656442715271915e+00,0.000000000000000000e+00
4.100000000000000000e+03,1.911275697063631378e+04,-1.178176913394469921e+04,0.000000000000000000e+00,-4.295727198974956806e-01,-2.787465584590733680e+00,0.000000000000000000e+00,1.911275697063640473e+04,-1.178176913394469193e+04,0.000000000000000000e+00,-4.295727198974924610e-01,-2.787465584590734569e+00,0.000000000000000000e+00,1.911275697063631378e+04,-1.178176913394469921e+04,0.000000000000000000e+00,-4.295727198974954586e-01,-2.787465584590733680e+00,0.000000000000000000e+00
4.200000000000000000e+03,1.906929191549417010e+04,-1.206019997208483801e+04,0.000000000000000000e+00,-4.397245308083539417e-01,-2.781126501980767607e+00,0.000000000000000000e+00,1.906929191549426469e+04,-1.206019997208482710e+04,0.000000000000000000e+00,-4.397245308083509441e-01,-2.781126501980768495e+00,0.000000000000000000e+00,1.906929191549417010e+04,-1.206019997208483437e+04,0.000000000000000000e+00,-4.397245308083540527e-01,-2.781126501980768051e+00,0.000000000000000000e+00
4.300000000000000000e+03,1.902481284389303255e+04,-1.233798950475203492e+04,0.000000000000000000e+00,-4.498529592090683149e-01,-2.774639531968372097e+00,0.000000000000000000e+00,1.902481284389312714e+04,-1.233798950475202582e+04,0.000000000000000000e+00,-4.498529592090649287e-01,-2.774639531968372985e+00,0.000000000000000000e+00,1.902481284389302891e+04,-1.233798950475203310e+04,0.000000000000000000e+00,-4.498529592090682039e-01,-2.774639531968372097e+00,0.000000000000000000e+00
4.400000000000000000e+03,1.897932212102353515e+04,-1.261512296038794193e+04,0.000000000000000000e+00,-4.599574665168133514e-01,-2.768005019500511921e+00,0.000000000000000000e+00,1.897932212102363337e+04,-1.261512296038793465e+04,0.000000000000000000e+00,-4.599574665168098542e-01,-2.768005019500512809e+00,0.000000000000000000e+00,1.897932212102353515e+04,-1.261512296038794375e+04,0.000000000000000000e+00,-4.599574665168132959e-01,-2.768005019500511921e+00,0.000000000000000000e+00
4.500000000000000000e+03,1.893282216587123548e+04,-1.289158560232134550e+04,0.000000000000000000e+00,-4.700375154207776518e-01,-2.761223317369773778e+00,0.000000000000000000e+00,1.893282216587133735e+04,-1.289158560232133459e+04,0.000000000000000000e+00,-4.700375154207739326e-01,-2.761223317369775110e+00,0.000000000000000000e+00,1.893282216587123548e+04,-1.289158560232134550e+04,0.000000000000000000e+00,-4.700375154207774853e-01,-2.761223317369773778e+00,0.000000000000000000e+00
4.600000000000000000e+03,1.888531545108798309e+04,-1.316736272955177810e+04,0.000000000000000000e+00,-4.800925699107332356e-01,-2.754294786195609746e+00,0.000000000000000000e+00,1.888531545108808859e+04,-1.316736272955176537e+04,0.000000000000000000e+00,-4.800925699107296829e-01,-2.754294786195611078e+00,0.000000000000000000e+00,1.888531545108798673e+04,-1.316736272955177446e+04,0.000000000000000000e+00,-4.800925699107332911e-01,-2.754294786195609746e+00,0.000000000000000000e+00
4.700000000000000000e+03,1.883680450286044288e+04,-1.344243967753127436e+04,0.000000000000000000e+00,-4.901220953055407392e-01,-2.747219794405157955e+00,0.000000000000000000e+00,1.883680450286054111e+04,-1.344243967753125980e+04,0.000000000000000000e+00,-4.901220953055366869e-01,-2.747219794405158844e+00,0.000000000000000000e+00,1.883680450286043924e+04,-1.344243967753127072e+04,0.000000000000000000e+00,-4.901220953055405172e-01,-2.747219794405157511e+00,0.000000000000000000e+00
4.800000000000000000e+03,1.878729190077571548e+04,-1.371680181894413909e+04,0.000000000000000000e+00,-5.001255582815768985e-01,-2.739998718213651596e+00,0.000000000000000000e+00,1.878729190077581734e+04,-1.371680181894413181e+04,0.000000000000000000e+00,-5.001255582815732348e-01,-2.739998718213652484e+00,0.000000000000000000e+00,1.878729190077571184e+04,-1.371680181894413909e+04,0.000000000000000000e+00,-5.001255582815771206e-01,-2.739998718213651596e+00,0.000000000000000000e+00
4.900000000000000000e+03,1.873678027768423635e+04,-1.399043456448479810e+04,0.000000000000000000e+00,-5.101024269011005252e-01,-2.732631941604415804e+00,0.000000000000000000e+00,1.873678027768435277e+04,-1.399043456448479265e+04,0.000000000000000000e+00,-5.101024269010964174e-01,-2.732631941604417136e+00,0.000000000000000000e+00,1.873678027768424363e+04,-1.399043456448479992e+04,0.000000000000000000e+00,-5.101024269011004142e-01,-2.732631941604415804e+00,0.000000000000000000e+00
5.000000000000000000e+03,1.868527231955976458e+04,-1.426332336363354989e+04,0.000000000000000000e+00,-5.200521706405316635e-01,-2.725119856308447552e+00,0.000000000000000000e+00,1.868527231955987736e+04,-1.426332336363354079e+04,0.000000000000000000e+00,-5.200521706405273337e-01,-2.725119856308449329e+00,0.000000000000000000e+00,1.868527231955976458e+04,-1.426332336363354625e+04,0.000000000000000000e+00,-5.200521706405315525e-01,-2.725119856308447996e+00,0.000000000000000000e+00
5.100000000000000000e+03,1.863277076535648303e+04,-1.453545370543029640e+04,0.000000000000000000e+00,-5.299742604186672423e-01,-2.717462861783586092e+00,0.000000000000000000e+00,1.863277076535659580e+04,-1.453545370543029276e+04,0.000000000000000000e+00,-5.299742604186626904e-01,-2.717462861783587424e+00,0.000000000000000000e+00,1.863277076535647939e+04,-1.453545370543029821e+04,0.000000000000000000e+00,-5.299742604186671313e-01,-2.717462861783586092e+00,0.000000000000000000e+00
5.200000000000000000e+03,1.857927840686342824e+04,-1.480681111924620927e+04,0.000000000000000000e+00,-5.398681686248130163e-01,-2.709661365193269056e+00,0.000000000000000000e+00,1.857927840686354466e+04,-1.480681111924620745e+04,0.000000000000000000e+00,-5.398681686248084644e-01,-2.709661365193270832e+00,0.000000000000000000e+00,1.857927840686342824e+04,-1.480681111924621291e+04,0.000000000000000000e+00,-5.398681686248130163e-01,-2.709661365193269056e+00,0.000000000000000000e+00
5.300000000000000000e+03,1.852479808855601732e+04,-1.507738117555316967e+04,0.000000000000000000e+00,-5.497333691468404560e-01,-2.701715781384885773e+00,0.000000000000000000e+00,1.852479808855613737e+04,-1.507738117555316603e+04,0.000000000000000000e+00,-5.497333691468359040e-01,-2.701715781384887549e+00,0.000000000000000000e+00,1.852479808855601732e+04,-1.507738117555317149e+04,0.000000000000000000e+00,-5.497333691468404560e-01,-2.701715781384885773e+00,0.000000000000000000e+00
5.400000000000000000e+03,1.846933270744477340e+04,-1.534714948669107616e+04,0.000000000000000000e+00,-5.595693373991623698e-01,-2.693626532867714030e+00,0.000000000000000000e+00,1.846933270744490073e+04,-1.534714948669107071e+04,0.000000000000000000e+00,-5.595693373991574848e-01,-2.693626532867715362e+00,0.000000000000000000e+00,1.846933270744477704e+04,-1.534714948669107434e+04,0.000000000000000000e+00,-5.595693373991621478e-01,-2.693626532867713586e+00,0.000000000000000000e+00
5.500000000000000000e+03,1.841288521292130463e+04,-1.561610170763291535e+04,0.000000000000000000e+00,-5.693755503506270355e-01,-2.685394049790453153e+00,0.000000000000000000e+00,1.841288521292143196e+04,-1.561610170763290989e+04,0.000000000000000000e+00,-5.693755503506221505e-01,-2.685394049790454929e+00,0.000000000000000000e+00,1.841288521292130463e+04,-1.561610170763291171e+04,0.000000000000000000e+00,-5.693755503506270355e-01,-2.685394049790453153e+00,0.000000000000000000e+00
5.600000000000000000e+03,1.835545860660143808e+04,-1.588422353674756596e+04,0.000000000000000000e+00,-5.791514865523330613e-01,-2.677018769918354746e+00,0.000000000000000000e+00,1.835545860660156541e+04,-1.588422353674756414e+04,0.000000000000000000e+00,-5.791514865523279543e-01,-2.677018769918356078e+00,0.000000000000000000e+00,1.835545860660143444e+04,-1.588422353674756596e+04,0.000000000000000000e+00,-5.791514865523330613e-01,-2.677018769918354746e+00,0.000000000000000000e+00
5.700000000000000000e+03,1.829705594216561803e+04,-1.615150071656029832e+04,0.000000000000000000e+00,-5.888966261653549861e-01,-2.668501138609938650e+00,0.000000000000000000e+00,1.829705594216574900e+04,-1.615150071656029468e+04,0.000000000000000000e+00,-5.888966261653498790e-01,-2.668501138609939538e+00,0.000000000000000000e+00,1.829705594216561803e+04,-1.615150071656029650e+04,0.000000000000000000e+00,-5.888966261653552081e-01,-2.668501138609938650e+00,0.000000000000000000e+00
5.800000000000000000e+03,1.823768032519654662e+04,-1.641791903451090184e+04,0.000000000000000000e+00,-5.986104509883880542e-01,-2.659841608793313661e+00,0.000000000000000000e+00,1.823768032519668122e+04,-1.641791903451089456e+04,0.000000000000000000e+00,-5.986104509883826141e-01,-2.659841608793315437e+00,0.000000000000000000e+00,1.823768032519654662e+04,-1.641791903451089820e+04,0.000000000000000000e+00,-5.986104509883881652e-01,-2.659841608793313661e+00,0.000000000000000000e+00
5.900000000000000000e+03,1.817733491301401591e+04,-1.668346432370944603e+04,0.000000000000000000e+00,-6.082924444853019530e-01,-2.651040640942095017e+00,0.000000000000000000e+00,1.817733491301416143e+04,-1.668346432370944967e+04,0.000000000000000000e+00,-6.082924444852959578e-01,-2.651040640942096793e+00,0.000000000000000000e+00,1.817733491301402319e+04,-1.668346432370944967e+04,0.000000000000000000e+00,-6.082924444853017309e-01,-2.651040640942095017e+00,0.000000000000000000e+00
6.000000000000000000e+03,1.811602291450705161e+04,-1.694812246368965134e+04,0.000000000000000000e+00,-6.179420918126079521e-01,-2.642098703050914210e+00,0.000000000000000000e+00,1.811602291450719349e+04,-1.694812246368965862e+04,0.000000000000000000e+00,-6.179420918126019568e-01,-2.642098703050915987e+00,0.000000000000000000e+00,1.811602291450705161e+04,-1.694812246368965498e+04,0.000000000000000000e+00,-6.179420918126079521e-01,-2.642098703050914210e+00,0.000000000000000000e+00
6.100000000000000000e+03,1.805374758996321543e+04,-1.721187938115969155e+04,0.000000000000000000e+00,-6.275588798468381135e-01,-2.633016270610536225e+00,0.000000000000000000e+00,1.805374758996336095e+04,-1.721187938115969519e+04,0.000000000000000000e+00,-6.275588798468320073e-01,-2.633016270610537557e+00,0.000000000000000000e+00,1.805374758996321179e+04,-1.721187938115969155e+04,0.000000000000000000e+00,-6.275588798468382246e-01,-2.633016270610536225e+00,0.000000000000000000e+00
6.200000000000000000e+03,1.799051225089529544e+04,-1.747472105075056970e+04,0.000000000000000000e+00,-6.371422972118285788e-01,-2.623793826582573985e+00,0.000000000000000000e+00,1.799051225089544823e+04,-1.747472105075057334e+04,0.000000000000000000e+00,-6.371422972118220285e-01,-2.623793826582575317e+00,0.000000000000000000e+00,1.799051225089529544e+04,-1.747472105075056970e+04,0.000000000000000000e+00,-6.371422972118285788e-01,-2.623793826582573985e+00,0.000000000000000000e+00
6.300000000000000000e+03,1.792632025986520603e+04,-1.773663349576194014e+04,0.000000000000000000e+00,-6.466918343059122609e-01,-2.614431861373806676e+00,0.000000000000000000e+00,1.792632025986536610e+04,-1.773663349576194014e+04,0.000000000000000000e+00,-6.466918343059054886e-01,-2.614431861373808008e+00,0.000000000000000000e+00,1.792632025986521330e+04,-1.773663349576193650e+04,0.000000000000000000e+00,-6.466918343059122609e-01,-2.614431861373806676e+00,0.000000000000000000e+00
6.400000000000000000e+03,1.786117503030517764e+04,-1.799760278890528207e+04,0.000000000000000000e+00,-6.562069833290185006e-01,-2.604930872810103715e+00,0.000000000000000000e+00,1.786117503030533771e+04,-1.799760278890529298e+04,0.000000000000000000e+00,-6.562069833290113952e-01,-2.604930872810104603e+00,0.000000000000000000e+00,1.786117503030517764e+04,-1.799760278890528571e+04,0.000000000000000000e+00,-6.562069833290183896e-01,-2.604930872810103715e+00,0.000000000000000000e+00
6.500000000000000000e+03,1.779508002633621800e+04,-1.825761505304455568e+04,0.000000000000000000e+00,-6.656872383096739121e-01,-2.595291366109949482e+00,0.000000000000000000e+00,1.779508002633637807e+04,-1.825761505304456659e+04,0.000000000000000000e+00,-6.656872383096666956e-01,-2.595291366109950371e+00,0.000000000000000000e+00,1.779508002633621800e+04,-1.825761505304455568e+04,0.000000000000000000e+00,-6.656872383096739121e-01,-2.595291366109949482e+00,0.000000000000000000e+00
6.600000000000000000e+03,1.772803876258395394e+04,-1.851665646193404973e+04,0.000000000000000000e+00,-6.751320951319090824e-01,-2.585513853857581701e+00,0.000000000000000000e+00,1.772803876258410673e+04,-1.851665646193405701e+04,0.000000000000000000e+00,-6.751320951319017549e-01,-2.585513853857583033e+00,0.000000000000000000e+00,1.772803876258395030e+04,-1.851665646193404609e+04,0.000000000000000000e+00,-6.751320951319090824e-01,-2.585513853857581701e+00,0.000000000000000000e+00
6.700000000000000000e+03,1.766005480399169028e+04,-1.877471324095363161e+04,0.000000000000000000e+00,-6.845410515620642400e-01,-2.575598855975733237e+00,0.000000000000000000e+00,1.766005480399185399e+04,-1.877471324095364616e+04,0.000000000000000000e+00,-6.845410515620564684e-01,-2.575598855975734125e+00,0.000000000000000000e+00,1.766005480399169392e+04,-1.877471324095363161e+04,0.000000000000000000e+00,-6.845410515620641290e-01,-2.575598855975732793e+00,0.000000000000000000e+00
6.800000000000000000e+03,1.759113176563091474e+04,-1.903177166784123256e+04,0.000000000000000000e+00,-6.939136072754954476e-01,-2.565546899697982219e+00,0.000000000000000000e+00,1.759113176563107481e+04,-1.903177166784125075e+04,0.000000000000000000e+00,-6.939136072754873430e-01,-2.565546899697983996e+00,0.000000000000000000e+00,1.759113176563091110e+04,-1.903177166784123619e+04,0.000000000000000000e+00,-6.939136072754952256e-01,-2.565546899697982663e+00,0.000000000000000000e+00
6.900000000000000000e+03,1.752127331250896532e+04,-1.928781807342252068e+04,0.000000000000000000e+00,-7.032492638831802090e-01,-2.555358519540722018e+00,0.000000000000000000e+00,1.752127331250913267e+04,-1.928781807342252796e+04,0.000000000000000000e+00,-7.032492638831719933e-01,-2.555358519540723794e+00,0.000000000000000000e+00,1.752127331250896532e+04,-1.928781807342252068e+04,0.000000000000000000e+00,-7.032492638831800980e-01,-2.555358519540722018e+00,0.000000000000000000e+00
7.000000000000000000e+03,1.745048315937424195e+04,-1.954283884233773642e+04,0.000000000000000000e+00,-7.125475249582198245e-01,-2.545034257274733314e+00,0.000000000000000000e+00,1.745048315937440930e+04,-1.954283884233774006e+04,0.000000000000000000e+00,-7.125475249582110537e-01,-2.545034257274734646e+00,0.000000000000000000e+00,1.745048315937423831e+04,-1.954283884233773279e+04,0.000000000000000000e+00,-7.125475249582194914e-01,-2.545034257274733314e+00,0.000000000000000000e+00
7.100000000000000000e+03,1.737876507051859517e+04,-1.979682041376572670e+04,0.000000000000000000e+00,-7.218078960622347218e-01,-2.534574661896376035e+00,0.000000000000000000e+00,1.737876507051876615e+04,-1.979682041376573397e+04,0.000000000000000000e+00,-7.218078960622262841e-01,-2.534574661896377368e+00,0.000000000000000000e+00,1.737876507051859517e+04,-1.979682041376572306e+04,0.000000000000000000e+00,-7.218078960622348328e-01,-2.534574661896376035e+00,0.000000000000000000e+00
7.200000000000000000e+03,1.730612285957721178e+04,-2.004974928214505053e+04,0.000000000000000000e+00,-7.310298847716611981e-01,-2.523980289598398929e+00,0.000000000000000000e+00,1.730612285957738641e+04,-2.004974928214506508e+04,0.000000000000000000e+00,-7.310298847716522053e-01,-2.523980289598400262e+00,0.000000000000000000e+00,1.730612285957721178e+04,-2.004974928214505417e+04,0.000000000000000000e+00,-7.310298847716611981e-01,-2.523980289598398929e+00,0.000000000000000000e+00
7.300000000000000000e+03,1.723256038932580122e+04,-2.030161199789213788e+04,0.000000000000000000e+00,-7.402130007039300352e-01,-2.513251703740360110e+00,0.000000000000000000e+00,1.723256038932597585e+04,-2.030161199789214879e+04,0.000000000000000000e+00,-7.402130007039210424e-01,-2.513251703740361886e+00,0.000000000000000000e+00,1.723256038932579759e+04,-2.030161199789213788e+04,0.000000000000000000e+00,-7.402130007039302573e-01,-2.513251703740360110e+00,0.000000000000000000e+00
7.400000000000000000e+03,1.715808157147517340e+04,-2.055239516811644353e+04,0.000000000000000000e+00,-7.493567555435483030e-01,-2.502389474818673243e+00,0.000000000000000000e+00,1.715808157147535530e+04,-2.055239516811645080e+04,0.000000000000000000e+00,-7.493567555435389771e-01,-2.502389474818675463e+00,0.000000000000000000e+00,1.715808157147517340e+04,-2.055239516811644353e+04,0.000000000000000000e+00,-7.493567555435485250e-01,-2.502389474818673243e+00,0.000000000000000000e+00
7.500000000000000000e+03,1.708269036646328095e+04,-2.080208545733265055e+04,0.000000000000000000e+00,-7.584606630680621464e-01,-2.491394180436270034e+00,0.000000000000000000e+00,1.708269036646346285e+04,-2.080208545733266146e+04,0.000000000000000000e+00,-7.584606630680522654e-01,-2.491394180436272254e+00,0.000000000000000000e+00,1.708269036646328095e+04,-2.080208545733265419e+04,0.000000000000000000e+00,-7.584606630680620354e-01,-2.491394180436270034e+00,0.000000000000000000e+00
7.600000000000000000e+03,1.700639078324456932e+04,-2.105066958816980696e+04,0.000000000000000000e+00,-7.675242391739125480e-01,-2.480266405271884356e+00,0.000000000000000000e+00,1.700639078324475486e+04,-2.105066958816980696e+04,0.000000000000000000e+00,-7.675242391739025560e-01,-2.480266405271887020e+00,0.000000000000000000e+00,1.700639078324456568e+04,-2.105066958816980332e+04,0.000000000000000000e+00,-7.675242391739125480e-01,-2.480266405271884356e+00,0.000000000000000000e+00
7.700000000000000000e+03,1.692918687907682761e+04,-2.129813434207728642e+04,0.000000000000000000e+00,-7.765470019021800674e-01,-2.469006741048965559e+00,0.000000000000000000e+00,1.692918687907702042e+04,-2.129813434207729006e+04,0.000000000000000000e+00,-7.765470019021692982e-01,-2.469006741048968223e+00,0.000000000000000000e+00,1.692918687907682761e+04,-2.129813434207729006e+04,0.000000000000000000e+00,-7.765470019021796233e-01,-2.469006741048966003e+00,0.000000000000000000e+00
7.800000000000000000e+03,1.685108275930544914e+04,-2.154446656002778036e+04,0.000000000000000000e+00,-7.855284714642087884e-01,-2.457615786504209865e+00,0.000000000000000000e+00,1.685108275930563832e+04,-2.154446656002778036e+04,0.000000000000000000e+00,-7.855284714641979082e-01,-2.457615786504212529e+00,0.000000000000000000e+00,1.685108275930544551e+04,-2.154446656002778036e+04,0.000000000000000000e+00,-7.855284714642084554e-01,-2.457615786504210309e+00,0.000000000000000000e+00
7.900000000000000000e+03,1.677208257714509455e+04,-2.178965314321695769e+04,0.000000000000000000e+00,-7.944681702671232415e-01,-2.446094147355724058e+00,0.000000000000000000e+00,1.677208257714528372e+04,-2.178965314321695405e+04,0.000000000000000000e+00,-7.944681702671126944e-01,-2.446094147355726278e+00,0.000000000000000000e+00,1.677208257714509091e+04,-2.178965314321695041e+04,0.000000000000000000e+00,-7.944681702671233525e-01,-2.446094147355724058e+00,0.000000000000000000e+00
8.000000000000000000e+03,1.669219053345887733e+04,-2.203368105376001768e+04,0.000000000000000000e+00,-8.033656229392240888e-01,-2.434442436270814802e+00,0.000000000000000000e+00,1.669219053345907014e+04,-2.203368105376002859e+04,0.000000000000000000e+00,-8.033656229392132087e-01,-2.434442436270817023e+00,0.000000000000000000e+00,1.669219053345887733e+04,-2.203368105376002495e+04,0.000000000000000000e+00,-8.033656229392240888e-01,-2.434442436270814802e+00,0.000000000000000000e+00
8.100000000000000000e+03,1.661141087653497380e+04,-2.227653731538504871e+04,0.000000000000000000e+00,-8.122203563552634620e-01,-2.422661272833411594e+00,0.000000000000000000e+00,1.661141087653517025e+04,-2.227653731538505599e+04,0.000000000000000000e+00,-8.122203563552521377e-01,-2.422661272833414259e+00,0.000000000000000000e+00,1.661141087653497380e+04,-2.227653731538504871e+04,0.000000000000000000e+00,-8.122203563552633510e-01,-2.422661272833411594e+00,0.000000000000000000e+00
8.200000000000000000e+03,1.652974790186069731e+04,-2.251820901412293097e+04,0.000000000000000000e+00,-8.210318996616052800e-01,-2.410751283511119780e+00,0.000000000000000000e+00,1.652974790186090104e+04,-2.251820901412293824e+04,0.000000000000000000e+00,-8.210318996615941778e-01,-2.410751283511122445e+00,0.000000000000000000e+00,1.652974790186069731e+04,-2.251820901412293097e+04,0.000000000000000000e+00,-8.210318996616056131e-01,-2.410751283511119336e+00,0.000000000000000000e+00
8.300000000000000000e+03,1.644720595189411688e+04,-2.275868329899412856e+04,0.000000000000000000e+00,-8.297997843012652197e-01,-2.398713101621906318e+00,0.000000000000000000e+00,1.644720595189432788e+04,-2.275868329899414312e+04,0.000000000000000000e+00,-8.297997843012533403e-01,-2.398713101621908983e+00,0.000000000000000000e+00,1.644720595189412052e+04,-2.275868329899413220e+04,0.000000000000000000e+00,-8.297997843012649977e-01,-2.398713101621906318e+00,0.000000000000000000e+00
8.400000000000000000e+03,1.636378941583312371e+04,-2.299794738269204026e+04,0.000000000000000000e+00,-8.385235440388210115e-01,-2.386547367300424938e+00,0.000000000000000000e+00,1.636378941583333471e+04,-2.299794738269204390e+04,0.000000000000000000e+00,-8.385235440388092432e-01,-2.386547367300428046e+00,0.000000000000000000e+00,1.636378941583312371e+04,-2.299794738269203299e+04,0.000000000000000000e+00,-8.385235440388212336e-01,-2.386547367300424938e+00,0.000000000000000000e+00
8.500000000000000000e+03,1.627950272938203125e+04,-2.323598854226288677e+04,0.000000000000000000e+00,-8.472027149852112693e-01,-2.374254727463975811e+00,0.000000000000000000e+00,1.627950272938224407e+04,-2.323598854226289768e+04,0.000000000000000000e+00,-8.472027149851988348e-01,-2.374254727463978920e+00,0.000000000000000000e+00,1.627950272938202943e+04,-2.323598854226289041e+04,0.000000000000000000e+00,-8.472027149852111583e-01,-2.374254727463975811e+00,0.000000000000000000e+00
8.600000000000000000e+03,1.619435037451571588e+04,-2.347279411978238932e+04,0.000000000000000000e+00,-8.558368356223970963e-01,-2.361835835778104631e+00,0.000000000000000000e+00,1.619435037451593416e+04,-2.347279411978240023e+04,0.000000000000000000e+00,-8.558368356223841067e-01,-2.361835835778108184e+00,0.000000000000000000e+00,1.619435037451571588e+04,-2.347279411978238932e+04,0.000000000000000000e+00,-8.558368356223968743e-01,-2.361835835778105075e+00,0.000000000000000000e+00
8.700000000000000000e+03,1.610833687924129663e+04,-2.370835152302874849e+04,0.000000000000000000e+00,-8.644254468279068959e-01,-2.349291352621846851e+00,0.000000000000000000e+00,1.610833687924151491e+04,-2.370835152302875213e+04,0.000000000000000000e+00,-8.644254468278936843e-01,-2.349291352621849960e+00,0.000000000000000000e+00,1.610833687924129663e+04,-2.370835152302874485e+04,0.000000000000000000e+00,-8.644254468279066739e-01,-2.349291352621846851e+00,0.000000000000000000e+00
8.800000000000000000e+03,1.602146681735732091e+04,-2.394264822615226876e+04,0.000000000000000000e+00,-8.729680918992492877e-01,-2.336621945052606009e+00,0.000000000000000000e+00,1.602146681735754646e+04,-2.394264822615229059e+04,0.000000000000000000e+00,-8.729680918992362981e-01,-2.336621945052609561e+00,0.000000000000000000e+00,1.602146681735732454e+04,-2.394264822615227604e+04,0.000000000000000000e+00,-8.729680918992495098e-01,-2.336621945052606009e+00,0.000000000000000000e+00
8.900000000000000000e+03,1.593374480821059842e+04,-2.417567177034149790e+04,0.000000000000000000e+00,-8.814643165781999024e-01,-2.323828286770689200e+00,0.000000000000000000e+00,1.593374480821082761e+04,-2.417567177034151609e+04,0.000000000000000000e+00,-8.814643165781865797e-01,-2.323828286770692753e+00,0.000000000000000000e+00,1.593374480821060206e+04,-2.417567177034150154e+04,0.000000000000000000e+00,-8.814643165782001244e-01,-2.323828286770689200e+00,0.000000000000000000e+00
9.000000000000000000e+03,1.584517551645052299e+04,-2.440740976448560832e+04,0.000000000000000000e+00,-8.899136690749540612e-01,-2.310911058083478409e+00,0.000000000000000000e+00,1.584517551645075582e+04,-2.440740976448562287e+04,0.000000000000000000e+00,-8.899136690749400724e-01,-2.310911058083482850e+00,0.000000000000000000e+00,1.584517551645052481e+04,-2.440740976448560468e+04,0.000000000000000000e+00,-8.899136690749539502e-01,-2.310911058083478853e+00,0.000000000000000000e+00
9.100000000000000000e+03,1.575576365178106062e+04,-2.463784988583336599e+04,0.000000000000000000e+00,-8.983157000921520030e-01,-2.297870945869258108e+00,0.000000000000000000e+00,1.575576365178128981e+04,-2.463784988583338782e+04,0.000000000000000000e+00,-8.983157000921375701e-01,-2.297870945869262105e+00,0.000000000000000000e+00,1.575576365178105880e+04,-2.463784988583336963e+04,0.000000000000000000e+00,-8.983157000921517810e-01,-2.297870945869258108e+00,0.000000000000000000e+00
9.200000000000000000e+03,1.566551396871027100e+04,-2.486697988064843230e+04,0.000000000000000000e+00,-9.066699628487717710e-01,-2.284708643540685813e+00,0.000000000000000000e+00,1.566551396871050565e+04,-2.486697988064844685e+04,0.000000000000000000e+00,-9.066699628487567830e-01,-2.284708643540690254e+00,0.000000000000000000e+00,1.566551396871026918e+04,-2.486697988064842866e+04,0.000000000000000000e+00,-9.066699628487713269e-01,-2.284708643540685813e+00,0.000000000000000000e+00
9.300000000000000000e+03,1.557443126629753169e+04,-2.509478756486085695e+04,0.000000000000000000e+00,-9.149760131038839894e-01,-2.271424851007924683e+00,0.000000000000000000e+00,1.557443126629777544e+04,-2.509478756486087877e+04,0.000000000000000000e+00,-9.149760131038694455e-01,-2.271424851007929124e+00,0.000000000000000000e+00,1.557443126629753533e+04,-2.509478756486085331e+04,0.000000000000000000e+00,-9.149760131038841005e-01,-2.271424851007924683e+00,0.000000000000000000e+00
9.400000000000000000e+03,1.548252038789831931e+04,-2.532126082471508926e+04,0.000000000000000000e+00,-9.232334091802796294e-01,-2.258020274641421743e+00,0.000000000000000000e+00,1.548252038789856852e+04,-2.532126082471510745e+04,0.000000000000000000e+00,-9.232334091802645304e-01,-2.258020274641426628e+00,0.000000000000000000e+00,1.548252038789832477e+04,-2.532126082471508198e+04,0.000000000000000000e+00,-9.232334091802796294e-01,-2.258020274641421743e+00,0.000000000000000000e+00
9.500000000000000000e+03,1.538978622090667341e+04,-2.554638761741402777e+04,0.000000000000000000e+00,-9.314417119879503382e-01,-2.244495627234349477e+00,0.000000000000000000e+00,1.538978622090691533e+04,-2.554638761741404960e+04,0.000000000000000000e+00,-9.314417119879347950e-01,-2.244495627234354362e+00,0.000000000000000000e+00,1.538978622090667159e+04,-2.554638761741402413e+04,0.000000000000000000e+00,-9.314417119879502271e-01,-2.244495627234349477e+00,0.000000000000000000e+00
9.600000000000000000e+03,1.529623369649527376e+04,-2.577015597175947914e+04,0.000000000000000000e+00,-9.396004850474404257e-01,-2.230851627964698825e+00,0.000000000000000000e+00,1.529623369649551569e+04,-2.577015597175950461e+04,0.000000000000000000e+00,-9.396004850474248826e-01,-2.230851627964704154e+00,0.000000000000000000e+00,1.529623369649526649e+04,-2.577015597175947914e+04,0.000000000000000000e+00,-9.396004850474406478e-01,-2.230851627964698825e+00,0.000000000000000000e+00
9.700000000000000000e+03,1.520186778935326947e+04,-2.599255398878869528e+04,0.000000000000000000e+00,-9.477092945130580759e-01,-2.217089002357040872e+00,0.000000000000000000e+00,1.520186778935351504e+04,-2.599255398878871347e+04,0.000000000000000000e+00,-9.477092945130416446e-01,-2.217089002357046645e+00,0.000000000000000000e+00,1.520186778935326583e+04,-2.599255398878868800e+04,0.000000000000000000e+00,-9.477092945130578538e-01,-2.217089002357040872e+00,0.000000000000000000e+00
9.800000000000000000e+03,1.510669351742172148e+04,-2.621356984240707970e+04,0.000000000000000000e+00,-9.557677091959408955e-01,-2.203208482243943944e+00,0.000000000000000000e+00,1.510669351742197978e+04,-2.621356984240709789e+04,0.000000000000000000e+00,-9.557677091959242421e-01,-2.203208482243950161e+00,0.000000000000000000e+00,1.510669351742172512e+04,-2.621356984240707607e+04,0.000000000000000000e+00,-9.557677091959407845e-01,-2.203208482243944388e+00,0.000000000000000000e+00
9.900000000000000000e+03,1.501071594162680776e+04,-2.643319178001708860e+04,0.000000000000000000e+00,-9.637753005869891254e-01,-2.189210805727060283e+00,0.000000000000000000e+00,1.501071594162706424e+04,-2.643319178001712135e+04,0.000000000000000000e+00,-9.637753005869722500e-01,-2.189210805727066500e+00,0.000000000000000000e+00,1.501071594162680594e+04,-2.643319178001709224e+04,0.000000000000000000e+00,-9.637753005869890144e-01,-2.189210805727060283e+00,0.000000000000000000e+00
1.000000000000000000e+04,1.491394016561063472e+04,-2.665140812314320283e+04,0.000000000000000000e+00,-9.717316428796491934e-01,-2.175096717137874780e+00,0.000000000000000000e+00,1.491394016561089666e+04,-2.665140812314322466e+04,0.000000000000000000e+00,-9.717316428796323180e-01,-2.175096717137880553e+00,0.000000000000000000e+00,1.491394016561063472e+04,-2.665140812314319919e+04,0.000000000000000000e+00,-9.717316428796494154e-01,-2.175096717137874780e+00,0.000000000000000000e+00
1.010000000000000000e+04,1.481637133545992037e+04,-2.686820726805282175e+04,0.000000000000000000e+00,-9.796363129925578228e-01,-2.160866966998125971e+00,0.000000000000000000e+00,1.481637133546018777e+04,-2.686820726805284357e+04,0.000000000000000000e+00,-9.796363129925401703e-01,-2.160866966998132188e+00,0.000000000000000000e+00,1.481637133545992219e+04,-2.686820726805281811e+04,0.000000000000000000e+00,-9.796363129925576008e-01,-2.160866966998125971e+00,0.000000000000000000e+00
1.020000000000000000e+04,1.471801463943232011e+04,-2.708357768637341360e+04,0.000000000000000000e+00,-9.874888905920364834e-01,-2.146522311979898401e+00,0.000000000000000000e+00,1.471801463943258568e+04,-2.708357768637344270e+04,0.000000000000000000e+00,-9.874888905920182758e-01,-2.146522311979905062e+00,0.000000000000000000e+00,1.471801463943231465e+04,-2.708357768637342087e+04,0.000000000000000000e+00,-9.874888905920362614e-01,-2.146522311979898401e+00,0.000000000000000000e+00
1.030000000000000000e+04,1.461887530768051511e+04,-2.729750792570551494e+04,0.000000000000000000e+00,-9.952889581144459541e-01,-2.132063514865383702e+00,0.000000000000000000e+00,1.461887530768079341e+04,-2.729750792570553676e+04,0.000000000000000000e+00,-9.952889581144275244e-01,-2.132063514865390363e+00,0.000000000000000000e+00,1.461887530768051874e+04,-2.729750792570551130e+04,0.000000000000000000e+00,-9.952889581144457321e-01,-2.132063514865383702e+00,0.000000000000000000e+00
1.040000000000000000e+04,1.451895861197417253e+04,-2.750998661023164459e+04,0.000000000000000000e+00,-1.003036100788389007e+00,-2.117491344506320594e+00,0.000000000000000000e+00,1.451895861197444719e+04,-2.750998661023167006e+04,0.000000000000000000e+00,-1.003036100788370577e+00,-2.117491344506328144e+00,0.000000000000000000e+00,1.451895861197416889e+04,-2.750998661023164823e+04,0.000000000000000000e+00,-1.003036100788389229e+00,-2.117491344506321038e+00,0.000000000000000000e+00
1.050000000000000000e+04,1.441826986541950828e+04,-2.772100244132131047e+04,0.000000000000000000e+00,-1.010729906656767429e+00,-2.102806575783112919e+00,0.000000000000000000e+00,1.441826986541979204e+04,-2.772100244132134321e+04,0.000000000000000000e+00,-1.010729906656748556e+00,-2.102806575783120024e+00,0.000000000000000000e+00,1.441826986541951374e+04,-2.772100244132131775e+04,0.000000000000000000e+00,-1.010729906656767429e+00,-2.102806575783112475e+00,0.000000000000000000e+00
1.060000000000000000e+04,1.431681442217687800e+04,-2.793054419813178902e+04,0.000000000000000000e+00,-1.018369966598684950e+00,-2.088009989563618607e+00,0.000000000000000000e+00,1.431681442217715812e+04,-2.793054419813181084e+04,0.000000000000000000e+00,-1.018369966598665854e+00,-2.088009989563626601e+00,0.000000000000000000e+00,1.431681442217687254e+04,-2.793054419813178538e+04,0.000000000000000000e+00,-1.018369966598684950e+00,-2.088009989563618607e+00,0.000000000000000000e+00
1.070000000000000000e+04,1.421459767717595605e+04,-2.813860073820472826e+04,0.000000000000000000e+00,-1.025955874351205832e+00,-2.073102372661636217e+00,0.000000000000000000e+00,1.421459767717624345e+04,-2.813860073820475736e+04,0.000000000000000000e+00,-1.025955874351186070e+00,-2.073102372661644210e+00,0.000000000000000000e+00,1.421459767717595605e+04,-2.813860073820473190e+04,0.000000000000000000e+00,-1.025955874351205610e+00,-2.073102372661635773e+00,0.000000000000000000e+00
1.080000000000000000e+04,1.411162506582895003e+04,-2.834516099805878184e+04,0.000000000000000000e+00,-1.033487226530954484e+00,-2.058084517795056190e+00,0.000000000000000000e+00,1.411162506582924107e+04,-2.834516099805880731e+04,0.000000000000000000e+00,-1.033487226530934944e+00,-2.058084517795065516e+00,0.000000000000000000e+00,1.411162506582894821e+04,-2.834516099805878184e+04,0.000000000000000000e+00,-1.033487226530954706e+00,-2.058084517795056634e+00,0.000000000000000000e+00
1.090000000000000000e+04,1.400790206374151239e+04,-2.855021399377778289e+04,0.000000000000000000e+00,-1.040963622655570742e+00,-2.042957223543717227e+00,0.000000000000000000e+00,1.400790206374181071e+04,-2.855021399377781199e+04,0.000000000000000000e+00,-1.040963622655550536e+00,-2.042957223543726109e+00,0.000000000000000000e+00,1.400790206374151603e+04,-2.855021399377778289e+04,0.000000000000000000e+00,-1.040963622655570520e+00,-2.042957223543717227e+00,0.000000000000000000e+00
1.100000000000000000e+04,1.390343418642160759e+04,-2.875374882159493063e+04,0.000000000000000000e+00,-1.048384665164999063e+00,-2.027721294306932265e+00,0.000000000000000000e+00,1.390343418642190954e+04,-2.875374882159494882e+04,0.000000000000000000e+00,-1.048384665164978635e+00,-2.027721294306941591e+00,0.000000000000000000e+00,1.390343418642161123e+04,-2.875374882159492336e+04,0.000000000000000000e+00,-1.048384665164999063e+00,-2.027721294306932265e+00,0.000000000000000000e+00
1.110000000000000000e+04,1.379822698898619637e+04,-2.895575465847249143e+04,0.000000000000000000e+00,-1.055749959442634278e+00,-2.012377540260721354e+00,0.000000000000000000e+00,1.379822698898650378e+04,-2.895575465847251326e+04,0.000000000000000000e+00,-1.055749959442613628e+00,-2.012377540260731124e+00,0.000000000000000000e+00,1.379822698898620183e+04,-2.895575465847248779e+04,0.000000000000000000e+00,-1.055749959442634500e+00,-2.012377540260721354e+00,0.000000000000000000e+00
1.120000000000000000e+04,1.369228606586586830e+04,-2.915622076267741795e+04,0.000000000000000000e+00,-1.063059113836303471e+00,-1.996926777314727008e+00,0.000000000000000000e+00,1.369228606586617207e+04,-2.915622076267744706e+04,0.000000000000000000e+00,-1.063059113836282377e+00,-1.996926777314736556e+00,0.000000000000000000e+00,1.369228606586586648e+04,-2.915622076267741795e+04,0.000000000000000000e+00,-1.063059113836303693e+00,-1.996926777314727008e+00,0.000000000000000000e+00
1.130000000000000000e+04,1.358561705050730598e+04,-2.935513647435249732e+04,0.000000000000000000e+00,-1.070311739679091989e+00,-1.981369827068827583e+00,0.000000000000000000e+00,1.358561705050762066e+04,-2.935513647435252642e+04,0.000000000000000000e+00,-1.070311739679070007e+00,-1.981369827068837575e+00,0.000000000000000000e+00,1.358561705050730961e+04,-2.935513647435249368e+04,0.000000000000000000e+00,-1.070311739679091545e+00,-1.981369827068827583e+00,0.000000000000000000e+00
1.140000000000000000e+04,1.347822561507380669e+04,-2.955249121608318092e+04,0.000000000000000000e+00,-1.077507451310010467e+00,-1.965707516769450436e+00,0.000000000000000000e+00,1.347822561507412138e+04,-2.955249121608320638e+04,0.000000000000000000e+00,-1.077507451309987596e+00,-1.965707516769460650e+00,0.000000000000000000e+00,1.347822561507380669e+04,-2.955249121608317728e+04,0.000000000000000000e+00,-1.077507451310009801e+00,-1.965707516769450436e+00,0.000000000000000000e+00
1.150000000000000000e+04,1.337011747014357024e+04,-2.974827449346005233e+04,0.000000000000000000e+00,-1.084645866094502864e+00,-1.949940679265580901e+00,0.000000000000000000e+00,1.337011747014389221e+04,-2.974827449346008871e+04,0.000000000000000000e+00,-1.084645866094479993e+00,-1.949940679265591559e+00,0.000000000000000000e+00,1.337011747014357206e+04,-2.974827449346005960e+04,0.000000000000000000e+00,-1.084645866094502642e+00,-1.949940679265580679e+00,0.000000000000000000e+00
1.160000000000000000e+04,1.326129836440611689e+04,-2.994247589563692964e+04,0.000000000000000000e+00,-1.091726604444796411e+00,-1.934070152964476819e+00,0.000000000000000000e+00,1.326129836440644067e+04,-2.994247589563695510e+04,0.000000000000000000e+00,-1.091726604444772875e+00,-1.934070152964487699e+00,0.000000000000000000e+00,1.326129836440612053e+04,-2.994247589563692600e+04,0.000000000000000000e+00,-1.091726604444795967e+00,-1.934070152964477041e+00,0.000000000000000000e+00
1.170000000000000000e+04,1.315177408435654070e+04,-3.013508509588433662e+04,0.000000000000000000e+00,-1.098749289840079690e+00,-1.918096781787084426e+00,0.000000000000000000e+00,1.315177408435686993e+04,-3.013508509588436573e+04,0.000000000000000000e+00,-1.098749289840056598e+00,-1.918096781787095528e+00,0.000000000000000000e+00,1.315177408435654434e+04,-3.013508509588434026e+04,0.000000000000000000e+00,-1.098749289840079912e+00,-1.918096781787084426e+00,0.000000000000000000e+00
1.180000000000000000e+04,1.304155045398784569e+04,-3.032609185213875753e+04,0.000000000000000000e+00,-1.105713548846531946e+00,-1.902021415123164250e+00,0.000000000000000000e+00,1.304155045398817856e+04,-3.032609185213879391e+04,0.000000000000000000e+00,-1.105713548846508187e+00,-1.902021415123175130e+00,0.000000000000000000e+00,1.304155045398785114e+04,-3.032609185213876481e+04,0.000000000000000000e+00,-1.105713548846531946e+00,-1.902021415123163806e+00,0.000000000000000000e+00
1.190000000000000000e+04,1.293063333448124104e+04,-3.051548600754722429e+04,0.000000000000000000e+00,-1.112619011137173430e+00,-1.885844907786120572e+00,0.000000000000000000e+00,1.293063333448157209e+04,-3.051548600754725339e+04,0.000000000000000000e+00,-1.112619011137149672e+00,-1.885844907786132785e+00,0.000000000000000000e+00,1.293063333448123922e+04,-3.051548600754722429e+04,0.000000000000000000e+00,-1.112619011137173430e+00,-1.885844907786120794e+00,0.000000000000000000e+00
1.200000000000000000e+04,1.281902862389445727e+04,-3.070325749100734174e+04,0.000000000000000000e+00,-1.119465309511562090e+00,-1.869568119967554232e+00,0.000000000000000000e+00,1.281902862389479014e+04,-3.070325749100737812e+04,0.000000000000000000e+00,-1.119465309511538553e+00,-1.869568119967566444e+00,0.000000000000000000e+00,1.281902862389445363e+04,-3.070325749100734902e+04,0.000000000000000000e+00,-1.119465309511562534e+00,-1.869568119967554232e+00,0.000000000000000000e+00
1.210000000000000000e+04,1.270674225684813064e+04,-3.088939631770295091e+04,0.000000000000000000e+00,-1.126252079915320170e+00,-1.853191917191512772e+00,0.000000000000000000e+00,1.270674225684847443e+04,-3.088939631770297274e+04,0.000000000000000000e+00,-1.126252079915295523e+00,-1.853191917191525206e+00,0.000000000000000000e+00,1.270674225684813064e+04,-3.088939631770294727e+04,0.000000000000000000e+00,-1.126252079915319948e+00,-1.853191917191512550e+00,0.000000000000000000e+00
1.220000000000000000e+04,1.259378020421024121e+04,-3.107389258963492466e+04,0.000000000000000000e+00,-1.132978961459487177e+00,-1.836717170268471033e+00,0.000000000000000000e+00,1.259378020421059227e+04,-3.107389258963495740e+04,0.000000000000000000e+00,-1.132978961459462308e+00,-1.836717170268484134e+00,0.000000000000000000e+00,1.259378020421024848e+04,-3.107389258963492830e+04,0.000000000000000000e+00,-1.132978961459486955e+00,-1.836717170268471255e+00,0.000000000000000000e+00
1.230000000000000000e+04,1.248014847277859008e+04,-3.125673649614766327e+04,0.000000000000000000e+00,-1.139645596439717412e+00,-1.820144755249024637e+00,0.000000000000000000e+00,1.248014847277894296e+04,-3.125673649614768510e+04,0.000000000000000000e+00,-1.139645596439692321e+00,-1.820144755249038404e+00,0.000000000000000000e+00,1.248014847277859189e+04,-3.125673649614765600e+04,0.000000000000000000e+00,-1.139645596439717412e+00,-1.820144755249025081e+00,0.000000000000000000e+00
1.240000000000000000e+04,1.236585310496137026e+04,-3.143791831445060961e+04,0.000000000000000000e+00,-1.146251630355297646e+00,-1.803475553377306140e+00,0.000000000000000000e+00,1.236585310496172679e+04,-3.143791831445063508e+04,0.000000000000000000e+00,-1.146251630355271889e+00,-1.803475553377319907e+00,0.000000000000000000e+00,1.236585310496137208e+04,-3.143791831445060598e+04,0.000000000000000000e+00,-1.146251630355297424e+00,-1.803475553377306362e+00,0.000000000000000000e+00
1.250000000000000000e+04,1.225090017845589318e+04,-3.161742841013539146e+04,0.000000000000000000e+00,-1.152796711927996487e+00,-1.786710451044121850e+00,0.000000000000000000e+00,1.225090017845625516e+04,-3.161742841013542784e+04,0.000000000000000000e+00,-1.152796711927970730e+00,-1.786710451044135839e+00,0.000000000000000000e+00,1.225090017845589682e+04,-3.161742841013539874e+04,0.000000000000000000e+00,-1.152796711927996487e+00,-1.786710451044121850e+00,0.000000000000000000e+00
1.260000000000000000e+04,1.213529580592539423e+04,-3.179525723768812168e+04,0.000000000000000000e+00,-1.159280493120747657e+00,-1.769850339739821088e+00,0.000000000000000000e+00,1.213529580592575803e+04,-3.179525723768814350e+04,0.000000000000000000e+00,-1.159280493120721012e+00,-1.769850339739835077e+00,0.000000000000000000e+00,1.213529580592539423e+04,-3.179525723768811076e+04,0.000000000000000000e+00,-1.159280493120747213e+00,-1.769850339739820866e+00,0.000000000000000000e+00
1.270000000000000000e+04,1.201904613467396121e+04,-3.197139534099684533e+04,0.000000000000000000e+00,-1.165702629156151193e+00,-1.752896116006887883e+00,0.000000000000000000e+00,1.201904613467433592e+04,-3.197139534099688171e+04,0.000000000000000000e+00,-1.165702629156124992e+00,-1.752896116006902760e+00,0.000000000000000000e+00,1.201904613467396666e+04,-3.197139534099684897e+04,0.000000000000000000e+00,-1.165702629156151415e+00,-1.752896116006888105e+00,0.000000000000000000e+00
1.280000000000000000e+04,1.190215734631971281e+04,-3.214583335385459213e+04,0.000000000000000000e+00,-1.172062778534815219e+00,-1.735848681392271553e+00,0.000000000000000000e+00,1.190215734632008935e+04,-3.214583335385462851e+04,0.000000000000000000e+00,-1.172062778534788130e+00,-1.735848681392286208e+00,0.000000000000000000e+00,1.190215734631971645e+04,-3.214583335385459213e+04,0.000000000000000000e+00,-1.172062778534814997e+00,-1.735848681392271331e+00,0.000000000000000000e+00
1.290000000000000000e+04,1.178463565646602365e+04,-3.231856200045724836e+04,0.000000000000000000e+00,-1.178360603053506317e+00,-1.718708942399439721e+00,0.000000000000000000e+00,1.178463565646639654e+04,-3.231856200045728110e+04,0.000000000000000000e+00,-1.178360603053478783e+00,-1.718708942399455042e+00,0.000000000000000000e+00,1.178463565646601819e+04,-3.231856200045724472e+04,0.000000000000000000e+00,-1.178360603053506095e+00,-1.718708942399439721e+00,0.000000000000000000e+00
1.300000000000000000e+04,1.166648731437100651e+04,-3.248957209589686681e+04,0.000000000000000000e+00,-1.184595767823140022e+00,-1.701477810440181537e+00,0.000000000000000000e+00,1.166648731437140123e+04,-3.248957209589690683e+04,0.000000000000000000e+00,-1.184595767823112045e+00,-1.701477810440197302e+00,0.000000000000000000e+00,1.166648731437101924e+04,-3.248957209589686317e+04,0.000000000000000000e+00,-1.184595767823139578e+00,-1.701477810440181537e+00,0.000000000000000000e+00
1.310000000000000000e+04,1.154771860261531401e+04,-3.265885454665010184e+04,0.000000000000000000e+00,-1.190767941286585696e+00,-1.684156201786139118e+00,0.000000000000000000e+00,1.154771860261570509e+04,-3.265885454665014913e+04,0.000000000000000000e+00,-1.190767941286557940e+00,-1.684156201786154883e+00,0.000000000000000000e+00,1.154771860261531947e+04,-3.265885454665010911e+04,0.000000000000000000e+00,-1.190767941286585918e+00,-1.684156201786138896e+00,0.000000000000000000e+00
1.320000000000000000e+04,1.142833583676790295e+04,-3.282640035106173309e+04,0.000000000000000000e+00,-1.196876795236299529e+00,-1.666745037520084072e+00,0.000000000000000000e+00,1.142833583676828857e+04,-3.282640035106177675e+04,0.000000000000000000e+00,-1.196876795236271551e+00,-1.666745037520100503e+00,0.000000000000000000e+00,1.142833583676790295e+04,-3.282640035106173309e+04,0.000000000000000000e+00,-1.196876795236299751e+00,-1.666745037520084294e+00,0.000000000000000000e+00
1.330000000000000000e+04,1.130834536505029246e+04,-3.299220059982332168e+04,0.000000000000000000e+00,-1.202922004831774583e+00,-1.649245243486941348e+00,0.000000000000000000e+00,1.130834536505068718e+04,-3.299220059982335806e+04,0.000000000000000000e+00,-1.202922004831746161e+00,-1.649245243486958890e+00,0.000000000000000000e+00,1.130834536505029428e+04,-3.299220059982332168e+04,0.000000000000000000e+00,-1.202922004831775027e+00,-1.649245243486942014e+00,0.000000000000000000e+00
1.340000000000000000e+04,1.118775356799901056e+04,-3.315624647644695506e+04,0.000000000000000000e+00,-1.208903248616815862e+00,-1.631657750244556837e+00,0.000000000000000000e+00,1.118775356799940528e+04,-3.315624647644700599e+04,0.000000000000000000e+00,-1.208903248616786552e+00,-1.631657750244574157e+00,0.000000000000000000e+00,1.118775356799900874e+04,-3.315624647644696961e+04,0.000000000000000000e+00,-1.208903248616815640e+00,-1.631657750244557059e+00,0.000000000000000000e+00
1.350000000000000000e+04,1.106656685812623618e+04,-3.331852925773417519e+04,0.000000000000000000e+00,-1.214820208536631974e+00,-1.613983493014210069e+00,0.000000000000000000e+00,1.106656685812663818e+04,-3.331852925773421157e+04,0.000000000000000000e+00,-1.214820208536601998e+00,-1.613983493014227832e+00,0.000000000000000000e+00,1.106656685812623618e+04,-3.331852925773416791e+04,0.000000000000000000e+00,-1.214820208536631529e+00,-1.613983493014210069e+00,0.000000000000000000e+00
1.360000000000000000e+04,1.094479167957889149e+04,-3.347904031423963170e+04,0.000000000000000000e+00,-1.220672569954750042e+00,-1.596223411630889544e+00,0.000000000000000000e+00,1.094479167957929167e+04,-3.347904031423968263e+04,0.000000000000000000e+00,-1.220672569954719844e+00,-1.596223411630907529e+00,0.000000000000000000e+00,1.094479167957888603e+04,-3.347904031423963897e+04,0.000000000000000000e+00,-1.220672569954749598e+00,-1.596223411630889544e+00,0.000000000000000000e+00
1.370000000000000000e+04,1.082243450779590057e+04,-3.363777111073019478e+04,0.000000000000000000e+00,-1.226460021669746325e+00,-1.578378450493312712e+00,0.000000000000000000e+00,1.082243450779630075e+04,-3.363777111073023843e+04,0.000000000000000000e+00,-1.226460021669715905e+00,-1.578378450493331364e+00,0.000000000000000000e+00,1.082243450779589330e+04,-3.363777111073018750e+04,0.000000000000000000e+00,-1.226460021669746325e+00,-1.578378450493312934e+00,0.000000000000000000e+00
1.380000000000000000e+04,1.069950184916389844e+04,-3.379471320663861115e+04,0.000000000000000000e+00,-1.232182255931793868e+00,-1.560449558513709256e+00,0.000000000000000000e+00,1.069950184916430044e+04,-3.379471320663865481e+04,0.000000000000000000e+00,-1.232182255931763004e+00,-1.560449558513728352e+00,0.000000000000000000e+00,1.069950184916389117e+04,-3.379471320663861115e+04,0.000000000000000000e+00,-1.232182255931793868e+00,-1.560449558513709700e+00,0.000000000000000000e+00
1.390000000000000000e+04,1.057600024067123741e+04,-3.394985825651248160e+04,0.000000000000000000e+00,-1.237838968459026301e+00,-1.542437689067361450e+00,0.000000000000000000e+00,1.057600024067164668e+04,-3.394985825651251798e+04,0.000000000000000000e+00,-1.237838968458995437e+00,-1.542437689067380768e+00,0.000000000000000000e+00,1.057600024067123195e+04,-3.394985825651247433e+04,0.000000000000000000e+00,-1.237838968459026523e+00,-1.542437689067361450e+00,0.000000000000000000e+00
1.400000000000000000e+04,1.045193624956039275e+04,-3.410319801045792701e+04,0.000000000000000000e+00,-1.243429858453720449e+00,-1.524343799941907385e+00,0.000000000000000000e+00,1.045193624956080930e+04,-3.410319801045797794e+04,0.000000000000000000e+00,-1.243429858453688919e+00,-1.524343799941927369e+00,0.000000000000000000e+00,1.045193624956038911e+04,-3.410319801045793429e+04,0.000000000000000000e+00,-1.243429858453720227e+00,-1.524343799941907163e+00,0.000000000000000000e+00
1.410000000000000000e+04,1.032731647297873133e+04,-3.425472431457839411e+04,0.000000000000000000e+00,-1.248954628618287988e+00,-1.506168853286412368e+00,0.000000000000000000e+00,1.032731647297915333e+04,-3.425472431457843777e+04,0.000000000000000000e+00,-1.248954628618256235e+00,-1.506168853286432574e+00,0.000000000000000000e+00,1.032731647297873315e+04,-3.425472431457839411e+04,0.000000000000000000e+00,-1.248954628618287988e+00,-1.506168853286412368e+00,0.000000000000000000e+00
1.420000000000000000e+04,1.020214753762770852e+04,-3.440442911140813521e+04,0.000000000000000000e+00,-1.254412985171089012e+00,-1.487913815560203634e+00,0.000000000000000000e+00,1.020214753762814144e+04,-3.440442911140817159e+04,0.000000000000000000e+00,-1.254412985171056372e+00,-1.487913815560224506e+00,0.000000000000000000e+00,1.020214753762771761e+04,-3.440442911140812794e+04,0.000000000000000000e+00,-1.254412985171088568e+00,-1.487913815560203856e+00,0.000000000000000000e+00
1.430000000000000000e+04,1.007643609941052273e+04,-3.455230444034068205e+04,0.000000000000000000e+00,-1.259804637862047993e+00,-1.469579657481481672e+00,0.000000000000000000e+00,1.007643609941094655e+04,-3.455230444034072571e+04,0.000000000000000000e+00,-1.259804637862015131e+00,-1.469579657481502766e+00,0.000000000000000000e+00,1.007643609941051727e+04,-3.455230444034068205e+04,0.000000000000000000e+00,-1.259804637862047771e+00,-1.469579657481481449e+00,0.000000000000000000e+00
1.440000000000000000e+04,9.950188843078103673e+03,-3.469834243805222650e+04,0.000000000000000000e+00,-1.265129299988093869e+00,-1.451167353975697960e+00,0.000000000000000000e+00,9.950188843078527498e+03,-3.469834243805228471e+04,0.000000000000000000e+00,-1.265129299988061007e+00,-1.451167353975719942e+00,0.000000000000000000e+00,9.950188843078094578e+03,-3.469834243805223377e+04,0.000000000000000000e+00,-1.265129299988094091e+00,-1.451167353975698182e+00,0.000000000000000000e+00
1.450000000000000000e+04,9.823412481873732759e+03,-3.484253533891972620e+04,0.000000000000000000e+00,-1.270386688408403408e+00,-1.432677884123718215e+00,0.000000000000000000e+00,9.823412481874169316e+03,-3.484253533891976986e+04,0.000000000000000000e+00,-1.270386688408369658e+00,-1.432677884123739975e+00,0.000000000000000000e+00,9.823412481873732759e+03,-3.484253533891971892e+04,0.000000000000000000e+00,-1.270386688408403186e+00,-1.432677884123718215e+00,0.000000000000000000e+00
1.460000000000000000e+04,9.696113757176048239e+03,-3.498487547543374239e+04,0.000000000000000000e+00,-1.275576523559454056e+00,-1.414112231109752038e+00,0.000000000000000000e+00,9.696113757176490253e+03,-3.498487547543380060e+04,0.000000000000000000e+00,-1.275576523559419861e+00,-1.414112231109775131e+00,0.000000000000000000e+00,9.696113757176050058e+03,-3.498487547543374239e+04,0.000000000000000000e+00,-1.275576523559453834e+00,-1.414112231109752482e+00,0.000000000000000000e+00
1.470000000000000000e+04,9.568299438140536950e+03,-3.512535527860633010e+04,0.000000000000000000e+00,-1.280698529469894265e+00,-1.395471382169081398e+00,0.000000000000000000e+00,9.568299438140982602e+03,-3.512535527860639559e+04,0.000000000000000000e+00,-1.280698529469860292e+00,-1.395471382169104491e+00,0.000000000000000000e+00,9.568299438140535131e+03,-3.512535527860633738e+04,0.000000000000000000e+00,-1.280698529469894709e+00,-1.395471382169081176e+00,0.000000000000000000e+00
1.480000000000000000e+04,9.439976321339599963e+03,-3.526396727837341314e+04,0.000000000000000000e+00,-1.285752433775218861e+00,-1.376756328535553742e+00,0.000000000000000000e+00,9.439976321340049253e+03,-3.526396727837347134e+04,0.000000000000000000e+00,-1.285752433775183778e+00,-1.376756328535577723e+00,0.000000000000000000e+00,9.439976321339596325e+03,-3.526396727837341314e+04,0.000000000000000000e+00,-1.285752433775218639e+00,-1.376756328535553742e+00,0.000000000000000000e+00
1.490000000000000000e+04,9.311151230401126668e+03,-3.540070410399201501e+04,0.000000000000000000e+00,-1.290737967732245917e+00,-1.357968065388881929e+00,0.000000000000000000e+00,9.311151230401597786e+03,-3.540070410399207321e+04,0.000000000000000000e+00,-1.290737967732210167e+00,-1.357968065388905687e+00,0.000000000000000000e+00,9.311151230401143039e+03,-3.540070410399201501e+04,0.000000000000000000e+00,-1.290737967732245473e+00,-1.357968065388881485e+00,0.000000000000000000e+00
1.500000000000000000e+04,9.181831015645730076e+03,-3.553555848443222931e+04,0.000000000000000000e+00,-1.295654866233413305e+00,-1.339107591801716346e+00,0.000000000000000000e+00,9.181831015646193919e+03,-3.553555848443230207e+04,0.000000000000000000e+00,-1.295654866233377778e+00,-1.339107591801741215e+00,0.000000000000000000e+00,9.181831015645731895e+03,-3.553555848443223658e+04,0.000000000000000000e+00,-1.295654866233413305e+00,-1.339107591801716568e+00,0.000000000000000000e+00
1.510000000000000000e+04,9.052022553722308658e+03,-3.566852324876388593e+04,0.000000000000000000e+00,-1.300502867820875430e+00,-1.320175910686528731e+00,0.000000000000000000e+00,9.052022553722787052e+03,-3.566852324876394414e+04,0.000000000000000000e+00,-1.300502867820839237e+00,-1.320175910686554044e+00,0.000000000000000000e+00,9.052022553722319572e+03,-3.566852324876388593e+04,0.000000000000000000e+00,-1.300502867820875430e+00,-1.320175910686528731e+00,0.000000000000000000e+00
1.520000000000000000e+04,8.921732747242567712e+03,-3.579959132653777488e+04,0.000000000000000000e+00,-1.305281714700402329e+00,-1.301174028742273503e+00,0.000000000000000000e+00,8.921732747243046106e+03,-3.579959132653782581e+04,0.000000000000000000e+00,-1.305281714700365914e+00,-1.301174028742299038e+00,0.000000000000000000e+00,8.921732747242573168e+03,-3.579959132653776760e+04,0.000000000000000000e+00,-1.305281714700402551e+00,-1.301174028742273059e+00,0.000000000000000000e+00
1.530000000000000000e+04,8.790968524413838168e+03,-3.592875574816166773e+04,0.000000000000000000e+00,-1.309991152755092259e+00,-1.282102956400858584e+00,0.000000000000000000e+00,8.790968524414311105e+03,-3.592875574816174776e+04,0.000000000000000000e+00,-1.309991152755055621e+00,-1.282102956400885896e+00,0.000000000000000000e+00,8.790968524413836349e+03,-3.592875574816167500e+04,0.000000000000000000e+00,-1.309991152755092481e+00,-1.282102956400859695e+00,0.000000000000000000e+00
1.540000000000000000e+04,8.659736838670702127e+03,-3.605600964527103497e+04,0.000000000000000000e+00,-1.314630931558883109e+00,-1.262963707773420818e+00,0.000000000000000000e+00,8.659736838671182340e+03,-3.605600964527110773e+04,0.000000000000000000e+00,-1.314630931558845361e+00,-1.262963707773448130e+00,0.000000000000000000e+00,8.659736838670702127e+03,-3.605600964527104225e+04,0.000000000000000000e+00,-1.314630931558882665e+00,-1.262963707773421262e+00,0.000000000000000000e+00
1.550000000000000000e+04,8.528044668305286905e+03,-3.618134625109408807e+04,0.000000000000000000e+00,-1.319200804389865311e+00,-1.243757300596390447e+00,0.000000000000000000e+00,8.528044668305768937e+03,-3.618134625109414628e+04,0.000000000000000000e+00,-1.319200804389827564e+00,-1.243757300596418203e+00,0.000000000000000000e+00,8.528044668305283267e+03,-3.618134625109408080e+04,0.000000000000000000e+00,-1.319200804389865089e+00,-1.243757300596390891e+00,0.000000000000000000e+00
1.560000000000000000e+04,8.395899016096111154e+03,-3.630475890081167745e+04,0.000000000000000000e+00,-1.323700528243408669e+00,-1.224484756177381062e+00,0.000000000000000000e+00,8.395899016096611376e+03,-3.630475890081175021e+04,0.000000000000000000e+00,-1.323700528243370034e+00,-1.224484756177408595e+00,0.000000000000000000e+00,8.395899016096120249e+03,-3.630475890081167745e+04,0.000000000000000000e+00,-1.323700528243408225e+00,-1.224484756177380618e+00,0.000000000000000000e+00
1.570000000000000000e+04,8.263306908935825049e+03,-3.642624103191179165e+04,0.000000000000000000e+00,-1.328129863845076919e+00,-1.205147099340874384e+00,0.000000000000000000e+00,8.263306908936317996e+03,-3.642624103191186441e+04,0.000000000000000000e+00,-1.328129863845037839e+00,-1.205147099340903249e+00,0.000000000000000000e+00,8.263306908935823230e+03,-3.642624103191178438e+04,0.000000000000000000e+00,-1.328129863845076475e+00,-1.205147099340875050e+00,0.000000000000000000e+00
1.580000000000000000e+04,8.130275397457386134e+03,-3.654578618453838862e+04,0.000000000000000000e+00,-1.332488575663356212e+00,-1.185745358373734071e+00,0.000000000000000000e+00,8.130275397457892723e+03,-3.654578618453846138e+04,0.000000000000000000e+00,-1.332488575663316910e+00,-1.185745358373762492e+00,0.000000000000000000e+00,8.130275397457392501e+03,-3.654578618453838135e+04,0.000000000000000000e+00,-1.332488575663355990e+00,-1.185745358373733627e+00,0.000000000000000000e+00
1.590000000000000000e+04,7.996811555659311125e+03,-3.666338800183494459e+04,0.000000000000000000e+00,-1.336776431922177544e+00,-1.166280564970512579e+00,0.000000000000000000e+00,7.996811555659824990e+03,-3.666338800183502462e+04,0.000000000000000000e+00,-1.336776431922138020e+00,-1.166280564970542999e+00,0.000000000000000000e+00,7.996811555659319311e+03,-3.666338800183494459e+04,0.000000000000000000e+00,-1.336776431922177322e+00,-1.166280564970513467e+00,0.000000000000000000e+00
1.600000000000000000e+04,7.862922480529421591e+03,-3.677904023028251686e+04,0.000000000000000000e+00,-1.340993204613241119e+00,-1.146753754178607920e+00,0.000000000000000000e+00,7.862922480529924542e+03,-3.677904023028261145e+04,0.000000000000000000e+00,-1.340993204613201373e+00,-1.146753754178637896e+00,0.000000000000000000e+00,7.862922480529412496e+03,-3.677904023028253141e+04,0.000000000000000000e+00,-1.340993204613241119e+00,-1.146753754178607476e+00,0.000000000000000000e+00
1.610000000000000000e+04,7.728615291667425481e+03,-3.689273672003228421e+04,0.000000000000000000e+00,-1.345138669508141760e+00,-1.127165964343206817e+00,0.000000000000000000e+00,7.728615291667937527e+03,-3.689273672003236425e+04,0.000000000000000000e+00,-1.345138669508102236e+00,-1.127165964343236793e+00,0.000000000000000000e+00,7.728615291667424572e+03,-3.689273672003226966e+04,0.000000000000000000e+00,-1.345138669508141982e+00,-1.127165964343206594e+00,0.000000000000000000e+00
1.620000000000000000e+04,7.593897130906443635e+03,-3.700447142523243383e+04,0.000000000000000000e+00,-1.349212606170293149e+00,-1.107518237052079968e+00,0.000000000000000000e+00,7.593897130906956590e+03,-3.700447142523252114e+04,0.000000000000000000e+00,-1.349212606170252959e+00,-1.107518237052112386e+00,0.000000000000000000e+00,7.593897130906438178e+03,-3.700447142523243383e+04,0.000000000000000000e+00,-1.349212606170293149e+00,-1.107518237052081522e+00,0.000000000000000000e+00
1.630000000000000000e+04,7.458775161933139316e+03,-3.711423840434984595e+04,0.000000000000000000e+00,-1.353214797966646898e+00,-1.087811617080201465e+00,0.000000000000000000e+00,7.458775161933654090e+03,-3.711423840434994054e+04,0.000000000000000000e+00,-1.353214797966605820e+00,-1.087811617080232773e+00,0.000000000000000000e+00,7.458775161933130221e+03,-3.711423840434985323e+04,0.000000000000000000e+00,-1.353214797966646454e+00,-1.087811617080201243e+00,0.000000000000000000e+00
1.640000000000000000e+04,7.323256569906821824e+03,-3.722203182048592134e+04,0.000000000000000000e+00,-1.357145032079213109e+00,-1.068047152334173688e+00,0.000000000000000000e+00,7.323256569907347512e+03,-3.722203182048600866e+04,0.000000000000000000e+00,-1.357145032079172031e+00,-1.068047152334205663e+00,0.000000000000000000e+00,7.323256569906817276e+03,-3.722203182048592134e+04,0.000000000000000000e+00,-1.357145032079212887e+00,-1.068047152334173466e+00,0.000000000000000000e+00
1.650000000000000000e+04,7.187348561077400518e+03,-3.732784594168694457e+04,0.000000000000000000e+00,-1.361003099516379322e+00,-1.048225893796523422e+00,0.000000000000000000e+00,7.187348561077930754e+03,-3.732784594168703916e+04,0.000000000000000000e+00,-1.361003099516338244e+00,-1.048225893796555619e+00,0.000000000000000000e+00,7.187348561077400518e+03,-3.732784594168694457e+04,0.000000000000000000e+00,-1.361003099516379544e+00,-1.048225893796523422e+00,0.000000000000000000e+00
1.660000000000000000e+04,7.051058362402131024e+03,-3.743167514124895388e+04,0.000000000000000000e+00,-1.364788795124022514e+00,-1.028348895469804347e+00,0.000000000000000000e+00,7.051058362402674902e+03,-3.743167514124905574e+04,0.000000000000000000e+00,-1.364788795123980769e+00,-1.028348895469837210e+00,0.000000000000000000e+00,7.051058362402137391e+03,-3.743167514124896115e+04,0.000000000000000000e+00,-1.364788795124022291e+00,-1.028348895469804347e+00,0.000000000000000000e+00
1.670000000000000000e+04,6.914393221161379188e+03,-3.753351389801692858e+04,0.000000000000000000e+00,-1.368501917596415929e+00,-1.008417214320553867e+00,0.000000000000000000e+00,6.914393221161933070e+03,-3.753351389801702317e+04,0.000000000000000000e+00,-1.368501917596373074e+00,-1.008417214320588728e+00,0.000000000000000000e+00,6.914393221161389192e+03,-3.753351389801692858e+04,0.000000000000000000e+00,-1.368501917596415263e+00,-1.008417214320554978e+00,0.000000000000000000e+00
1.680000000000000000e+04,6.777360404573206324e+03,-3.763335679667830846e+04,0.000000000000000000e+00,-1.372142269486935184e+00,-9.884319102230918475e-01,0.000000000000000000e+00,6.777360404573763844e+03,-3.763335679667839577e+04,0.000000000000000000e+00,-1.372142269486891664e+00,-9.884319102231264864e-01,0.000000000000000000e+00,6.777360404573215419e+03,-3.763335679667830118e+04,0.000000000000000000e+00,-1.372142269486934518e+00,-9.884319102230920695e-01,0.000000000000000000e+00
1.690000000000000000e+04,6.639967199406950385e+03,-3.773119852805101254e+04,0.000000000000000000e+00,-1.375709657218558313e+00,-9.683940459031523673e-01,0.000000000000000000e+00,6.639967199407496082e+03,-3.773119852805112896e+04,0.000000000000000000e+00,-1.375709657218515236e+00,-9.683940459031871173e-01,0.000000000000000000e+00,6.639967199406944928e+03,-3.773119852805101982e+04,0.000000000000000000e+00,-1.375709657218558313e+00,-9.683940459031524783e-01,0.000000000000000000e+00
1.700000000000000000e+04,6.502220911595701182e+03,-3.782703388936582633e+04,0.000000000000000000e+00,-1.379203891094160639e+00,-9.483046868813795882e-01,0.000000000000000000e+00,6.502220911596250517e+03,-3.782703388936593547e+04,0.000000000000000000e+00,-1.379203891094117562e+00,-9.483046868814156705e-01,0.000000000000000000e+00,6.502220911595693906e+03,-3.782703388936582633e+04,0.000000000000000000e+00,-1.379203891094161083e+00,-9.483046868813801433e-01,0.000000000000000000e+00
1.710000000000000000e+04,6.364128865847873385e+03,-3.792085778454289539e+04,0.000000000000000000e+00,-1.382624785306599158e+00,-9.281649014166708511e-01,0.000000000000000000e+00,6.364128865848445457e+03,-3.792085778454299725e+04,0.000000000000000000e+00,-1.382624785306554749e+00,-9.281649014167066003e-01,0.000000000000000000e+00,6.364128865847883390e+03,-3.792085778454288811e+04,0.000000000000000000e+00,-1.382624785306598714e+00,-9.281649014166704070e-01,0.000000000000000000e+00
1.720000000000000000e+04,6.225698405257731793e+03,-3.801266522446282033e+04,0.000000000000000000e+00,-1.385972157948590855e+00,-9.079757604493616796e-01,0.000000000000000000e+00,6.225698405258299317e+03,-3.801266522446293675e+04,0.000000000000000000e+00,-1.385972157948546446e+00,-9.079757604493985390e-01,0.000000000000000000e+00,6.225698405257730883e+03,-3.801266522446282033e+04,0.000000000000000000e+00,-1.385972157948590633e+00,-9.079757604493614576e-01,0.000000000000000000e+00
1.730000000000000000e+04,6.086936890914796095e+03,-3.810245132723197457e+04,0.000000000000000000e+00,-1.389245831022392963e+00,-8.877383375442882141e-01,0.000000000000000000e+00,6.086936890915364529e+03,-3.810245132723210554e+04,0.000000000000000000e+00,-1.389245831022347666e+00,-8.877383375443267388e-01,0.000000000000000000e+00,6.086936890914790638e+03,-3.810245132723198185e+04,0.000000000000000000e+00,-1.389245831022392519e+00,-8.877383375442888802e-01,0.000000000000000000e+00
1.740000000000000000e+04,5.947851701512510772e+03,-3.819021131844205229e+04,0.000000000000000000e+00,-1.392445630449260285e+00,-8.674537088336986557e-01,0.000000000000000000e+00,5.947851701513093758e+03,-3.819021131844216870e+04,0.000000000000000000e+00,-1.392445630449215210e+00,-8.674537088337358481e-01,0.000000000000000000e+00,5.947851701512518048e+03,-3.819021131844204501e+04,0.000000000000000000e+00,-1.392445630449260285e+00,-8.674537088336977675e-01,0.000000000000000000e+00
1.750000000000000000e+04,5.808450232955903630e+03,-3.827594053142389021e+04,0.000000000000000000e+00,-1.395571386078708898e+00,-8.471229529600172725e-01,0.000000000000000000e+00,5.808450232956478430e+03,-3.827594053142402845e+04,0.000000000000000000e+00,-1.395571386078663156e+00,-8.471229529600562413e-01,0.000000000000000000e+00,5.808450232955896354e+03,-3.827594053142389021e+04,0.000000000000000000e+00,-1.395571386078708453e+00,-8.471229529600174946e-01,0.000000000000000000e+00
1.760000000000000000e+04,5.668739897968182049e+03,-3.835963440749578149e+04,0.000000000000000000e+00,-1.398622931697556027e+00,-8.267471510185071537e-01,0.000000000000000000e+00,5.668739897968766854e+03,-3.835963440749592701e+04,0.000000000000000000e+00,-1.398622931697510730e+00,-8.267471510185467887e-01,0.000000000000000000e+00,5.668739897968179321e+03,-3.835963440749578876e+04,0.000000000000000000e+00,-1.398622931697556471e+00,-8.267471510185072647e-01,0.000000000000000000e+00
1.770000000000000000e+04,5.528728125696703501e+03,-3.844128849620575784e+04,0.000000000000000000e+00,-1.401600105038768085e+00,-8.063273864997659857e-01,0.000000000000000000e+00,5.528728125697291944e+03,-3.844128849620589608e+04,0.000000000000000000e+00,-1.401600105038721900e+00,-8.063273864998072860e-01,0.000000000000000000e+00,5.528728125696698044e+03,-3.844128849620575784e+04,0.000000000000000000e+00,-1.401600105038768307e+00,-8.063273864997667628e-01,0.000000000000000000e+00
1.780000000000000000e+04,5.388422361317832838e+03,-3.852089845556824002e+04,0.000000000000000000e+00,-1.404502747790079553e+00,-7.858647452321214644e-01,0.000000000000000000e+00,5.388422361318424009e+03,-3.852089845556839282e+04,0.000000000000000000e+00,-1.404502747790033146e+00,-7.858647452321632088e-01,0.000000000000000000e+00,5.388422361317827381e+03,-3.852089845556824730e+04,0.000000000000000000e+00,-1.404502747790079997e+00,-7.858647452321224636e-01,0.000000000000000000e+00
1.790000000000000000e+04,5.247830065641064721e+03,-3.859846005229501316e+04,0.000000000000000000e+00,-1.407330705602419130e+00,-7.653603153238845991e-01,0.000000000000000000e+00,5.247830065641665897e+03,-3.859846005229517323e+04,0.000000000000000000e+00,-1.407330705602371834e+00,-7.653603153239267876e-01,0.000000000000000000e+00,5.247830065641062902e+03,-3.859846005229502771e+04,0.000000000000000000e+00,-1.407330705602419352e+00,-7.653603153238851542e-01,0.000000000000000000e+00
1.800000000000000000e+04,5.106958714712309302e+03,-3.867396916202027205e+04,0.000000000000000000e+00,-1.410083828098111169e+00,-7.448151871054937700e-01,0.000000000000000000e+00,5.106958714712927758e+03,-3.867396916202043940e+04,0.000000000000000000e+00,-1.410083828098063652e+00,-7.448151871055360695e-01,0.000000000000000000e+00,5.106958714712318397e+03,-3.867396916202027933e+04,0.000000000000000000e+00,-1.410083828098111391e+00,-7.448151871054937700e-01,0.000000000000000000e+00
1.810000000000000000e+04,4.965815799416363006e+03,-3.874742176951994043e+04,0.000000000000000000e+00,-1.412761968878878172e+00,-7.242304530715335531e-01,0.000000000000000000e+00,4.965815799416981463e+03,-3.874742176952010050e+04,0.000000000000000000e+00,-1.412761968878829322e+00,-7.242304530715765187e-01,0.000000000000000000e+00,4.965815799416365735e+03,-3.874742176951993315e+04,0.000000000000000000e+00,-1.412761968878877727e+00,-7.242304530715332200e-01,0.000000000000000000e+00
1.820000000000000000e+04,4.824408825078506197e+03,-3.881881396892513294e+04,0.000000000000000000e+00,-1.415364985533617670e+00,-7.036072078226434101e-01,0.000000000000000000e+00,4.824408825079135568e+03,-3.881881396892532211e+04,0.000000000000000000e+00,-1.415364985533569264e+00,-7.036072078226870419e-01,0.000000000000000000e+00,4.824408825078518021e+03,-3.881881396892514749e+04,0.000000000000000000e+00,-1.415364985533617892e+00,-7.036072078226436322e-01,0.000000000000000000e+00
1.830000000000000000e+04,4.682745311065496935e+03,-3.888814196393002931e+04,0.000000000000000000e+00,-1.417892739645984612e+00,-6.829465480073100281e-01,0.000000000000000000e+00,4.682745311066128124e+03,-3.888814196393021848e+04,0.000000000000000000e+00,-1.417892739645936206e+00,-6.829465480073543260e-01,0.000000000000000000e+00,4.682745311065504211e+03,-3.888814196393003658e+04,0.000000000000000000e+00,-1.417892739645985056e+00,-6.829465480073101391e-01,0.000000000000000000e+00
1.840000000000000000e+04,4.540832790385655244e+03,-3.895540206799352745e+04,0.000000000000000000e+00,-1.420345096801745477e+00,-6.622495722635530768e-01,0.000000000000000000e+00,4.540832790386290071e+03,-3.895540206799370208e+04,0.000000000000000000e+00,-1.420345096801695739e+00,-6.622495722635980409e-01,0.000000000000000000e+00,4.540832790385659791e+03,-3.895540206799351290e+04,0.000000000000000000e+00,-1.420345096801744811e+00,-6.622495722635528548e-01,0.000000000000000000e+00
1.850000000000000000e+04,4.398678809288328921e+03,-3.902059070453533786e+04,0.000000000000000000e+00,-1.422721926595922781e+00,-6.415173811605043852e-01,0.000000000000000000e+00,4.398678809288971024e+03,-3.902059070453554159e+04,0.000000000000000000e+00,-1.422721926595873265e+00,-6.415173811605503484e-01,0.000000000000000000e+00,4.398678809288335287e+03,-3.902059070453535242e+04,0.000000000000000000e+00,-1.422721926595922781e+00,-6.415173811605042742e-01,0.000000000000000000e+00
1.860000000000000000e+04,4.256290926862639026e+03,-3.908370440712635173e+04,0.000000000000000000e+00,-1.425023102639739747e+00,-6.207510771398858651e-01,0.000000000000000000e+00,4.256290926863264758e+03,-3.908370440712654090e+04,0.000000000000000000e+00,-1.425023102639689787e+00,-6.207510771399329386e-01,0.000000000000000000e+00,4.256290926862626293e+03,-3.908370440712635173e+04,0.000000000000000000e+00,-1.425023102639739747e+00,-6.207510771398866423e-01,0.000000000000000000e+00
1.870000000000000000e+04,4.113676714635403187e+03,-3.914473981967265718e+04,0.000000000000000000e+00,-1.427248502567331379e+00,-5.999517644573861830e-01,0.000000000000000000e+00,4.113676714636052566e+03,-3.914473981967284635e+04,0.000000000000000000e+00,-1.427248502567280974e+00,-5.999517644574339226e-01,0.000000000000000000e+00,4.113676714635406825e+03,-3.914473981967265718e+04,0.000000000000000000e+00,-1.427248502567331379e+00,-5.999517644573867381e-01,0.000000000000000000e+00
1.880000000000000000e+04,3.970843756168731488e+03,-3.920369369659425138e+04,0.000000000000000000e+00,-1.429398008042255697e+00,-5.791205491239415082e-01,0.000000000000000000e+00,3.970843756169383141e+03,-3.920369369659444055e+04,0.000000000000000000e+00,-1.429398008042205070e+00,-5.791205491239892478e-01,0.000000000000000000e+00,3.970843756168731034e+03,-3.920369369659424410e+04,0.000000000000000000e+00,-1.429398008042255697e+00,-5.791205491239411751e-01,0.000000000000000000e+00
1.890000000000000000e+04,3.827799646656560071e+03,-3.926056290299749526e+04,0.000000000000000000e+00,-1.431471504763786484e+00,-5.582585388469203380e-01,0.000000000000000000e+00,3.827799646657216726e+03,-3.926056290299769898e+04,0.000000000000000000e+00,-1.431471504763734748e+00,-5.582585388469696319e-01,0.000000000000000000e+00,3.827799646656557798e+03,-3.926056290299750253e+04,0.000000000000000000e+00,-1.431471504763786040e+00,-5.582585388469206711e-01,0.000000000000000000e+00
1.900000000000000000e+04,3.684551992520886415e+03,-3.931534441484192212e+04,0.000000000000000000e+00,-1.433468882472987538e+00,-5.373668429712292749e-01,0.000000000000000000e+00,3.684551992521545344e+03,-3.931534441484211857e+04,0.000000000000000000e+00,-1.433468882472936246e+00,-5.373668429712779027e-01,0.000000000000000000e+00,3.684551992520884596e+03,-3.931534441484191484e+04,0.000000000000000000e+00,-1.433468882472987538e+00,-5.373668429712287198e-01,0.000000000000000000e+00
1.910000000000000000e+04,3.541108411007240647e+03,-3.936803531910086895e+04,0.000000000000000000e+00,-1.435390034958582639e+00,-5.164465724203095576e-01,0.000000000000000000e+00,3.541108411007920949e+03,-3.936803531910109450e+04,0.000000000000000000e+00,-1.435390034958530903e+00,-5.164465724203592956e-01,0.000000000000000000e+00,3.541108411007253380e+03,-3.936803531910088350e+04,0.000000000000000000e+00,-1.435390034958582639e+00,-5.164465724203092245e-01,0.000000000000000000e+00
1.920000000000000000e+04,3.397476529779727571e+03,-3.941863281391659984e+04,0.000000000000000000e+00,-1.437234860062595487e+00,-4.954988396370776371e-01,0.000000000000000000e+00,3.397476529780402871e+03,-3.941863281391682540e+04,0.000000000000000000e+00,-1.437234860062544195e+00,-4.954988396371279302e-01,0.000000000000000000e+00,3.397476529779728025e+03,-3.941863281391661440e+04,0.000000000000000000e+00,-1.437234860062595931e+00,-4.954988396370769710e-01,0.000000000000000000e+00
1.930000000000000000e+04,3.253663986515268334e+03,-3.946713420874910662e+04,0.000000000000000000e+00,-1.439003259685789793e+00,-4.745247585247600597e-01,0.000000000000000000e+00,3.253663986515955912e+03,-3.946713420874932490e+04,0.000000000000000000e+00,-1.439003259685737168e+00,-4.745247585248117406e-01,0.000000000000000000e+00,3.253663986515274246e+03,-3.946713420874910662e+04,0.000000000000000000e+00,-1.439003259685789349e+00,-4.745247585247598376e-01,0.000000000000000000e+00
1.940000000000000000e+04,3.109678428497631103e+03,-3.951353692451926327e+04,0.000000000000000000e+00,-1.440695139792876667e+00,-4.535254443876688413e-01,0.000000000000000000e+00,3.109678428498314588e+03,-3.951353692451946699e+04,0.000000000000000000e+00,-1.440695139792823376e+00,-4.535254443877205777e-01,0.000000000000000000e+00,3.109678428497631103e+03,-3.951353692451924871e+04,0.000000000000000000e+00,-1.440695139792876001e+00,-4.535254443876685082e-01,0.000000000000000000e+00
1.950000000000000000e+04,2.965527512210639543e+03,-3.955783849374591955e+04,0.000000000000000000e+00,-1.442310410417523059e+00,-4.325020138718862484e-01,0.000000000000000000e+00,2.965527512211333942e+03,-3.955783849374615238e+04,0.000000000000000000e+00,-1.442310410417469768e+00,-4.325020138719396501e-01,0.000000000000000000e+00,2.965527512210642726e+03,-3.955783849374592683e+04,0.000000000000000000e+00,-1.442310410417522837e+00,-4.325020138718865814e-01,0.000000000000000000e+00
1.960000000000000000e+04,2.821218902931170305e+03,-3.960003656067726115e+04,0.000000000000000000e+00,-1.443848985667132823e+00,-4.114555849058971759e-01,0.000000000000000000e+00,2.821218902931854700e+03,-3.960003656067749398e+04,0.000000000000000000e+00,-1.443848985667079754e+00,-4.114555849059510217e-01,0.000000000000000000e+00,2.821218902931156663e+03,-3.960003656067726115e+04,0.000000000000000000e+00,-1.443848985667133045e+00,-4.114555849058970649e-01,0.000000000000000000e+00
1.970000000000000000e+04,2.676760274321393808e+03,-3.964012888141586154e+04,0.000000000000000000e+00,-1.445310783727413728e+00,-3.903872766411327078e-01,0.000000000000000000e+00,2.676760274322099121e+03,-3.964012888141609437e+04,0.000000000000000000e+00,-1.445310783727360437e+00,-3.903872766411877748e-01,0.000000000000000000e+00,2.676760274321394718e+03,-3.964012888141585427e+04,0.000000000000000000e+00,-1.445310783727414172e+00,-3.903872766411328743e-01,0.000000000000000000e+00
1.980000000000000000e+04,2.532159308020913159e+03,-3.967811332403811684e+04,0.000000000000000000e+00,-1.446695726866727760e+00,-3.692982093924674913e-01,0.000000000000000000e+00,2.532159308021622110e+03,-3.967811332403837150e+04,0.000000000000000000e+00,-1.446695726866674470e+00,-3.692982093925226139e-01,0.000000000000000000e+00,2.532159308020915887e+03,-3.967811332403813140e+04,0.000000000000000000e+00,-1.446695726866728426e+00,-3.692982093924674358e-01,0.000000000000000000e+00
1.990000000000000000e+04,2.387423693238131818e+03,-3.971398786870768527e+04,0.000000000000000000e+00,-1.448003741440226477e+00,-3.481895045786371767e-01,0.000000000000000000e+00,2.387423693238836677e+03,-3.971398786870793265e+04,0.000000000000000000e+00,-1.448003741440171854e+00,-3.481895045786945198e-01,0.000000000000000000e+00,2.387423693238123633e+03,-3.971398786870768527e+04,0.000000000000000000e+00,-1.448003741440226033e+00,-3.481895045786383980e-01,0.000000000000000000e+00
2.000000000000000000e+04,2.242561126341402996e+03,-3.974775060778270563e+04,0.000000000000000000e+00,-1.449234757893761660e+00,-3.270622846626194402e-01,0.000000000000000000e+00,2.242561126342136504e+03,-3.974775060778294574e+04,0.000000000000000000e+00,-1.449234757893706815e+00,-3.270622846626772273e-01,0.000000000000000000e+00,2.242561126341416639e+03,-3.974775060778269108e+04,0.000000000000000000e+00,-1.449234757893761438e+00,-3.270622846626201619e-01,0.000000000000000000e+00
2.010000000000000000e+04,2.097579310449917102e+03,-3.977939974591738428e+04,0.000000000000000000e+00,-1.450388710767591682e+00,-3.059176730919341836e-01,0.000000000000000000e+00,2.097579310450639241e+03,-3.977939974591761711e+04,0.000000000000000000e+00,-1.450388710767536615e+00,-3.059176730919916376e-01,0.000000000000000000e+00,2.097579310449912555e+03,-3.977939974591735518e+04,0.000000000000000000e+00,-1.450388710767591682e+00,-3.059176730919335729e-01,0.000000000000000000e+00
2.020000000000000000e+04,1.952485955023847055e+03,-3.980893360015736835e+04,0.000000000000000000e+00,-1.451465538699857838e+00,-2.847567942389064299e-01,0.000000000000000000e+00,1.952485955024571695e+03,-3.980893360015763756e+04,0.000000000000000000e+00,-1.451465538699802105e+00,-2.847567942389661044e-01,0.000000000000000000e+00,1.952485955023842735e+03,-3.980893360015737562e+04,0.000000000000000000e+00,-1.451465538699857616e+00,-2.847567942389076512e-01,0.000000000000000000e+00
2.030000000000000000e+04,1.807288775454580900e+03,-3.983635060002941464e+04,0.000000000000000000e+00,-1.452465184429845735e+00,-2.635807733408874753e-01,0.000000000000000000e+00,1.807288775455315317e+03,-3.983635060002967657e+04,0.000000000000000000e+00,-1.452465184429790668e+00,-2.635807733409475939e-01,0.000000000000000000e+00,1.807288775454579309e+03,-3.983635060002940736e+04,0.000000000000000000e+00,-1.452465184429846179e+00,-2.635807733408881970e-01,0.000000000000000000e+00
2.040000000000000000e+04,1.661995492654401460e+03,-3.986164928762461932e+04,0.000000000000000000e+00,-1.453387594801036187e+00,-2.423907364404058740e-01,0.000000000000000000e+00,1.661995492655137468e+03,-3.986164928762491036e+04,0.000000000000000000e+00,-1.453387594800980676e+00,-2.423907364404667697e-01,0.000000000000000000e+00,1.661995492654394866e+03,-3.986164928762464115e+04,0.000000000000000000e+00,-1.453387594801036409e+00,-2.423907364404064291e-01,0.000000000000000000e+00
2.050000000000000000e+04,1.516613832645874936e+03,-3.988482831767623429e+04,0.000000000000000000e+00,-1.454232720763925180e+00,-2.211878103252979955e-01,0.000000000000000000e+00,1.516613832646629589e+03,-3.988482831767651805e+04,0.000000000000000000e+00,-1.454232720763868780e+00,-2.211878103253602790e-01,0.000000000000000000e+00,1.516613832645879711e+03,-3.988482831767624157e+04,0.000000000000000000e+00,-1.454232720763924958e+00,-2.211878103252989669e-01,0.000000000000000000e+00
2.060000000000000000e+04,1.371151526151123107e+03,-3.990588645763097156e+04,0.000000000000000000e+00,-1.455000517378633340e+00,-1.999731224687906206e-01,0.000000000000000000e+00,1.371151526151872531e+03,-3.990588645763124077e+04,0.000000000000000000e+00,-1.455000517378577829e+00,-1.999731224688534037e-01,0.000000000000000000e+00,1.371151526151120379e+03,-3.990588645763095701e+04,0.000000000000000000e+00,-1.455000517378634006e+00,-1.999731224687917863e-01,0.000000000000000000e+00
2.070000000000000000e+04,1.225616308180586202e+03,-3.992482258771463239e+04,0.000000000000000000e+00,-1.455690943817303129e+00,-1.787478009695426806e-01,0.000000000000000000e+00,1.225616308181353588e+03,-3.992482258771490160e+04,0.000000000000000000e+00,-1.455690943817246730e+00,-1.787478009696062686e-01,0.000000000000000000e+00,1.225616308180594615e+03,-3.992482258771461784e+04,0.000000000000000000e+00,-1.455690943817303129e+00,-1.787478009695436520e-01,0.000000000000000000e+00
2.080000000000000000e+04,1.080015917621887638e+03,-3.994163570099166827e+04,0.000000000000000000e+00,-1.456303963366257115e+00,-1.575129744916630159e-01,0.000000000000000000e+00,1.080015917622653888e+03,-3.994163570099198114e+04,0.000000000000000000e+00,-1.456303963366200938e+00,-1.575129744917267149e-01,0.000000000000000000e+00,1.080015917621888093e+03,-3.994163570099168282e+04,0.000000000000000000e+00,-1.456303963366257337e+00,-1.575129744916631269e-01,0.000000000000000000e+00
2.090000000000000000e+04,9.343580968281748937e+02,-3.995632490341881930e+04,0.000000000000000000e+00,-1.456839543427961736e+00,-1.362697722046881665e-01,0.000000000000000000e+00,9.343580968289305702e+02,-3.995632490341911762e+04,0.000000000000000000e+00,-1.456839543427905337e+00,-1.362697722047532811e-01,0.000000000000000000e+00,9.343580968281579544e+02,-3.995632490341881203e+04,0.000000000000000000e+00,-1.456839543427961958e+00,-1.362697722046887217e-01,0.000000000000000000e+00
2.100000000000000000e+04,7.886505912064312724e+02,-3.996888941389237152e+04,0.000000000000000000e+00,-1.457297655522754809e+00,-1.150193237235477284e-01,0.000000000000000000e+00,7.886505912072138926e+02,-3.996888941389269166e+04,0.000000000000000000e+00,-1.457297655522697521e+00,-1.150193237236111776e-01,0.000000000000000000e+00,7.886505912064388895e+02,-3.996888941389238607e+04,0.000000000000000000e+00,-1.457297655522754587e+00,-1.150193237235462851e-01,0.000000000000000000e+00
2.110000000000000000e+04,6.429011488057585666e+02,-3.997932856429003004e+04,0.000000000000000000e+00,-1.457678275290359871e+00,-9.376275904847908294e-02,0.000000000000000000e+00,6.429011488065426647e+02,-3.997932856429034291e+04,0.000000000000000000e+00,-1.457678275290302139e+00,-9.376275904854458609e-02,0.000000000000000000e+00,6.429011488057608403e+02,-3.997932856429003004e+04,0.000000000000000000e+00,-1.457678275290359426e+00,-9.376275904847870823e-02,0.000000000000000000e+00
2.120000000000000000e+04,4.971175199051649543e+02,-3.998764179950616381e+04,0.000000000000000000e+00,-1.457981382491182920e+00,-7.250120850496166724e-02,0.000000000000000000e+00,4.971175199059592273e+02,-3.998764179950649122e+04,0.000000000000000000e+00,-1.457981382491125855e+00,-7.250120850502850267e-02,0.000000000000000000e+00,4.971175199051705818e+02,-3.998764179950617836e+04,0.000000000000000000e+00,-1.457981382491183364e+00,-7.250120850496162561e-02,0.000000000000000000e+00
2.130000000000000000e+04,3.513074566015857272e+02,-3.999382867748154968e+04,0.000000000000000000e+00,-1.458206961007392444e+00,-5.123580268359440026e-02,0.000000000000000000e+00,3.513074566023854004e+02,-3.999382867748186254e+04,0.000000000000000000e+00,-1.458206961007334268e+00,-5.123580268366326185e-02,0.000000000000000000e+00,3.513074566015898768e+02,-3.999382867748153512e+04,0.000000000000000000e+00,-1.458206961007392222e+00,-5.123580268359539253e-02,0.000000000000000000e+00
2.140000000000000000e+04,2.054787123976129806e+02,-3.999788886922664824e+04,0.000000000000000000e+00,-1.458354998843767625e+00,-2.996767237998732014e-02,0.000000000000000000e+00,2.054787123984016830e+02,-3.999788886922699021e+04,0.000000000000000000e+00,-1.458354998843708783e+00,-2.996767238005500211e-02,0.000000000000000000e+00,2.054787123976036298e+02,-3.999788886922665552e+04,0.000000000000000000e+00,-1.458354998843767181e+00,-2.996767237998677197e-02,0.000000000000000000e+00
2.150000000000000000e+04,5.963904178915254306e+01,-3.999982215883937897e+04,0.000000000000000000e+00,-1.458425488128342273e+00,-8.697948534615917993e-03,0.000000000000000000e+00,5.963904178995224470e+01,-3.999982215883972094e+04,0.000000000000000000e+00,-1.458425488128284098e+00,-8.697948534685175093e-03,0.000000000000000000e+00,5.963904178914722110e+01,-3.999982215883937897e+04,0.000000000000000000e+00,-1.458425488128342717e+00,-8.697948534615926666e-03,0.000000000000000000e+00
2.160000000000000000e+04,-8.620380014681722969e+01,-3.999962844351633976e+04,0.000000000000000000e+00,-1.458418425112825823e+00,1.257223782729788297e-02,0.000000000000000000e+00,-8.620380014600324614e+01,-3.999962844351668173e+04,0.000000000000000000e+00,-1.458418425112767203e+00,1.257223782722761800e-02,0.000000000000000000e+00,-8.620380014681524017e+01,-3.999962844351633248e+04,0.000000000000000000e+00,-1.458418425112826045e+00,1.257223782729788124e-02,0.000000000000000000e+00
2.170000000000000000e+04,-2.320420581646903884e+02,-3.999730773355838028e+04,0.000000000000000000e+00,-1.458333810172796063e+00,3.384175565594027546e-02,0.000000000000000000e+00,-2.320420581638686315e+02,-3.999730773355875135e+04,0.000000000000000000e+00,-1.458333810172736555e+00,3.384175565587028284e-02,0.000000000000000000e+00,-2.320420581646876315e+02,-3.999730773355840211e+04,0.000000000000000000e+00,-1.458333810172795619e+00,3.384175565594156609e-02,0.000000000000000000e+00
2.180000000000000000e+04,-3.778679772626201157e+02,-3.999286015237016545e+04,0.000000000000000000e+00,-1.458171647807681381e+00,5.510947393705123432e-02,0.000000000000000000e+00,-3.778679772617992967e+02,-3.999286015237052925e+04,0.000000000000000000e+00,-1.458171647807621651e+00,5.510947393697922247e-02,0.000000000000000000e+00,-3.778679772626207978e+02,-3.999286015237017273e+04,0.000000000000000000e+00,-1.458171647807681159e+00,5.510947393705088043e-02,0.000000000000000000e+00
2.190000000000000000e+04,-5.236738030948909000e+02,-3.998628593645336514e+04,0.000000000000000000e+00,-1.457931946640525389e+00,7.637426175205774825e-02,0.000000000000000000e+00,-5.236738030940770159e+02,-3.998628593645373621e+04,0.000000000000000000e+00,-1.457931946640464993e+00,7.637426175198241962e-02,0.000000000000000000e+00,-5.236738030949054519e+02,-3.998628593645337241e+04,0.000000000000000000e+00,-1.457931946640524723e+00,7.637426175205509760e-02,0.000000000000000000e+00
2.200000000000000000e+04,-6.694517823842761572e+02,-3.997758543539431412e+04,0.000000000000000000e+00,-1.457614719417521520e+00,9.763498833821060430e-02,0.000000000000000000e+00,-6.694517823834503361e+02,-3.997758543539466336e+04,0.000000000000000000e+00,-1.457614719417462235e+00,9.763498833813646915e-02,0.000000000000000000e+00,-6.694517823842858206e+02,-3.997758543539429957e+04,0.000000000000000000e+00,-1.457614719417522187e+00,9.763498833821018796e-02,0.000000000000000000e+00
2.210000000000000000e+04,-8.151941633342648856e+02,-3.996675911184521829e+04,0.000000000000000000e+00,-1.457219983007345121e+00,1.188905231487300540e-01,0.000000000000000000e+00,-8.151941633334175776e+02,-3.996675911184559664e+04,0.000000000000000000e+00,-1.457219983007285169e+00,1.188905231486552527e-01,0.000000000000000000e+00,-8.151941633342601108e+02,-3.996675911184522556e+04,0.000000000000000000e+00,-1.457219983007345343e+00,1.188905231487299985e-01,0.000000000000000000e+00
2.220000000000000000e+04,-9.608931960412737681e+02,-3.995380754149980930e+04,0.000000000000000000e+00,-1.456747758400244841e+00,1.401397359129035181e-01,0.000000000000000000e+00,-9.608931960404316897e+02,-3.995380754150018038e+04,0.000000000000000000e+00,-1.456747758400184445e+00,1.401397359128271902e-01,0.000000000000000000e+00,-9.608931960412768376e+02,-3.995380754149980203e+04,0.000000000000000000e+00,-1.456747758400244841e+00,1.401397359129023523e-01,0.000000000000000000e+00
2.230000000000000000e+04,-1.106541132906859275e+03,-3.993873141306241450e+04,0.000000000000000000e+00,-1.456198070706934189e+00,1.613814966961939490e-01,0.000000000000000000e+00,-1.106541132906004123e+03,-3.993873141306283651e+04,0.000000000000000000e+00,-1.456198070706873349e+00,1.613814966961177877e-01,0.000000000000000000e+00,-1.106541132906856319e+03,-3.993873141306244361e+04,0.000000000000000000e+00,-1.456198070706933967e+00,1.613814966961940045e-01,0.000000000000000000e+00
2.240000000000000000e+04,-1.252130229049551417e+03,-3.992153152821170079e+04,0.000000000000000000e+00,-1.455570949157253935e+00,1.826146759603322067e-01,0.000000000000000000e+00,-1.252130229048685806e+03,-3.992153152821210824e+04,0.000000000000000000e+00,-1.455570949157192873e+00,1.826146759602543523e-01,0.000000000000000000e+00,-1.252130229049545051e+03,-3.992153152821170806e+04,0.000000000000000000e+00,-1.455570949157253713e+00,1.826146759603316239e-01,0.000000000000000000e+00
2.250000000000000000e+04,-1.397652742716760258e+03,-3.990220880155765917e+04,0.000000000000000000e+00,-1.454866427098618686e+00,2.038381446233668015e-01,0.000000000000000000e+00,-1.397652742715904424e+03,-3.990220880155806663e+04,0.000000000000000000e+00,-1.454866427098556958e+00,2.038381446232895022e-01,0.000000000000000000e+00,-1.397652742716770945e+03,-3.990220880155765190e+04,0.000000000000000000e+00,-1.454866427098618020e+00,2.038381446233678285e-01,0.000000000000000000e+00
2.260000000000000000e+04,-1.543100935696507804e+03,-3.988076426059323421e+04,0.000000000000000000e+00,-1.454084541994240531e+00,2.250507741197189659e-01,0.000000000000000000e+00,-1.543100935695635144e+03,-3.988076426059364894e+04,0.000000000000000000e+00,-1.454084541994179691e+00,2.250507741196406120e-01,0.000000000000000000e+00,-1.543100935696504166e+03,-3.988076426059322694e+04,0.000000000000000000e+00,-1.454084541994240753e+00,2.250507741197193545e-01,0.000000000000000000e+00
2.270000000000000000e+04,-1.688467073728766991e+03,-3.985719904563960881e+04,0.000000000000000000e+00,-1.453225335421143960e+00,2.462514364601808836e-01,0.000000000000000000e+00,-1.688467073727881598e+03,-3.985719904564003809e+04,0.000000000000000000e+00,-1.453225335421082676e+00,2.462514364601016137e-01,0.000000000000000000e+00,-1.688467073728757669e+03,-3.985719904563961609e+04,0.000000000000000000e+00,-1.453225335421144182e+00,2.462514364601814110e-01,0.000000000000000000e+00
2.280000000000000000e+04,-1.833743426916844328e+03,-3.983151440978559549e+04,0.000000000000000000e+00,-1.452288853067946306e+00,2.674390042919050359e-01,0.000000000000000000e+00,-1.833743426915949613e+03,-3.983151440978603205e+04,0.000000000000000000e+00,-1.452288853067884800e+00,2.674390042918242671e-01,0.000000000000000000e+00,-1.833743426916832732e+03,-3.983151440978559549e+04,0.000000000000000000e+00,-1.452288853067946306e+00,2.674390042919050914e-01,0.000000000000000000e+00
2.290000000000000000e+04,-1.978922270138355088e+03,-3.980371171882093040e+04,0.000000000000000000e+00,-1.451275144732433908e+00,2.886123509583473634e-01,0.000000000000000000e+00,-1.978922270137485611e+03,-3.980371171882136696e+04,0.000000000000000000e+00,-1.451275144732371958e+00,2.886123509582655955e-01,0.000000000000000000e+00,-1.978922270138375779e+03,-3.980371171882091585e+04,0.000000000000000000e+00,-1.451275144732433686e+00,2.886123509583474744e-01,0.000000000000000000e+00
2.300000000000000000e+04,-2.123995883456169395e+03,-3.977379245116368111e+04,0.000000000000000000e+00,-1.450184264318911787e+00,3.097703505591802298e-01,0.000000000000000000e+00,-2.123995883455264448e+03,-3.977379245116413949e+04,0.000000000000000000e+00,-1.450184264318849836e+00,3.097703505590980733e-01,0.000000000000000000e+00,-2.123995883456161664e+03,-3.977379245116368111e+04,0.000000000000000000e+00,-1.450184264318911564e+00,3.097703505591810069e-01,0.000000000000000000e+00
2.310000000000000000e+04,-2.268956552528601605e+03,-3.974175819778171717e+04,0.000000000000000000e+00,-1.449016269835338377e+00,3.309118780101645285e-01,0.000000000000000000e+00,-2.268956552527698022e+03,-3.974175819778218283e+04,0.000000000000000000e+00,-1.449016269835276649e+00,3.309118780100800405e-01,0.000000000000000000e+00,-2.268956552528597967e+03,-3.974175819778171717e+04,0.000000000000000000e+00,-1.449016269835338599e+00,3.309118780101634183e-01,0.000000000000000000e+00
2.320000000000000000e+04,-2.413796569019963499e+03,-3.970761066210798163e+04,0.000000000000000000e+00,-1.447771223390241779e+00,3.520358091029667236e-01,0.000000000000000000e+00,-2.413796569019049912e+03,-3.970761066210844001e+04,0.000000000000000000e+00,-1.447771223390179607e+00,3.520358091028822911e-01,0.000000000000000000e+00,-2.413796569019957133e+03,-3.970761066210796707e+04,0.000000000000000000e+00,-1.447771223390241779e+00,3.520358091029667236e-01,0.000000000000000000e+00
2.330000000000000000e+04,-2.558508231010244344e+03,-3.967135165994994895e+04,0.000000000000000000e+00,-1.446449191189413064e+00,3.731410205649527967e-01,0.000000000000000000e+00,-2.558508231009328028e+03,-3.967135165995040734e+04,0.000000000000000000e+00,-1.446449191189351113e+00,3.731410205648682532e-01,0.000000000000000000e+00,-2.558508231010242071e+03,-3.967135165994991985e+04,0.000000000000000000e+00,-1.446449191189413508e+00,3.731410205649537959e-01,0.000000000000000000e+00
2.340000000000000000e+04,-2.703083843404761865e+03,-3.963298311939305859e+04,0.000000000000000000e+00,-1.445050243532391754e+00,3.942263901189111408e-01,0.000000000000000000e+00,-2.703083843403836454e+03,-3.963298311939357518e+04,0.000000000000000000e+00,-1.445050243532329137e+00,3.942263901188245989e-01,0.000000000000000000e+00,-2.703083843404757772e+03,-3.963298311939308041e+04,0.000000000000000000e+00,-1.445050243532391976e+00,3.942263901189111963e-01,0.000000000000000000e+00
2.350000000000000000e+04,-2.847515718343289336e+03,-3.959250708069837856e+04,0.000000000000000000e+00,-1.443574454808722152e+00,4.152907965427239390e-01,0.000000000000000000e+00,-2.847515718342366199e+03,-3.959250708069888788e+04,0.000000000000000000e+00,-1.443574454808659091e+00,4.152907965426383963e-01,0.000000000000000000e+00,-2.847515718343289791e+03,-3.959250708069838583e+04,0.000000000000000000e+00,-1.443574454808722152e+00,4.152907965427253822e-01,0.000000000000000000e+00
2.360000000000000000e+04,-2.991796175608920748e+03,-3.954992569619374990e+04,0.000000000000000000e+00,-1.442021903494000945e+00,4.363331197290083452e-01,0.000000000000000000e+00,-2.991796175607998975e+03,-3.954992569619426649e+04,0.000000000000000000e+00,-1.442021903493936996e+00,4.363331197289188057e-01,0.000000000000000000e+00,-2.991796175608929389e+03,-3.954992569619375718e+04,0.000000000000000000e+00,-1.442021903494000501e+00,4.363331197290069574e-01,0.000000000000000000e+00
2.370000000000000000e+04,-3.135917543036441202e+03,-3.950524123015963414e+04,0.000000000000000000e+00,-1.440392672145701880e+00,4.573522407446475313e-01,0.000000000000000000e+00,-3.135917543035504877e+03,-3.950524123016015801e+04,0.000000000000000000e+00,-1.440392672145637931e+00,4.573522407445591575e-01,0.000000000000000000e+00,-3.135917543036442112e+03,-3.950524123015964142e+04,0.000000000000000000e+00,-1.440392672145701658e+00,4.573522407446483085e-01,0.000000000000000000e+00
2.380000000000000000e+04,-3.279872156920260750e+03,-3.945845605870859436e+04,0.000000000000000000e+00,-1.438686847398789048e+00,4.783470418903270627e-01,0.000000000000000000e+00,-3.279872156919314421e+03,-3.945845605870911822e+04,0.000000000000000000e+00,-1.438686847398724877e+00,4.783470418902364130e-01,0.000000000000000000e+00,-3.279872156920259386e+03,-3.945845605870859436e+04,0.000000000000000000e+00,-1.438686847398788826e+00,4.783470418903266741e-01,0.000000000000000000e+00
2.390000000000000000e+04,-3.423652362421998987e+03,-3.940957266965895542e+04,0.000000000000000000e+00,-1.436904519961106352e+00,4.993164067599344946e-01,0.000000000000000000e+00,-3.423652362421037651e+03,-3.940957266965947929e+04,0.000000000000000000e+00,-1.436904519961042404e+00,4.993164067598455103e-01,0.000000000000000000e+00,-3.423652362421985345e+03,-3.940957266965894814e+04,0.000000000000000000e+00,-1.436904519961106796e+00,4.993164067599361600e-01,0.000000000000000000e+00
2.400000000000000000e+04,-3.567250513977473020e+03,-3.935859366240247618e+04,0.000000000000000000e+00,-1.435045784608558250e+00,5.202592202999571924e-01,0.000000000000000000e+00,-3.567250513976513503e+03,-3.935859366240303643e+04,0.000000000000000000e+00,-1.435045784608493635e+00,5.202592202998643778e-01,0.000000000000000000e+00,-3.567250513977468472e+03,-3.935859366240249801e+04,0.000000000000000000e+00,-1.435045784608558250e+00,5.202592202999560822e-01,0.000000000000000000e+00
2.410000000000000000e+04,-3.710658975703321630e+03,-3.930552174776629545e+04,0.000000000000000000e+00,-1.433110740180064013e+00,5.411743688687398190e-01,0.000000000000000000e+00,-3.710658975702363477e+03,-3.930552174776684842e+04,0.000000000000000000e+00,-1.433110740179999842e+00,5.411743688686475595e-01,0.000000000000000000e+00,-3.710658975703325723e+03,-3.930552174776629545e+04,0.000000000000000000e+00,-1.433110740180064457e+00,5.411743688687403742e-01,0.000000000000000000e+00
2.420000000000000000e+04,-3.853870121803018264e+03,-3.925035974786851875e+04,0.000000000000000000e+00,-1.431099489572309480e+00,5.620607402957382703e-01,0.000000000000000000e+00,-3.853870121802035555e+03,-3.925035974786907173e+04,0.000000000000000000e+00,-1.431099489572244199e+00,5.620607402956443455e-01,0.000000000000000000e+00,-3.853870121803005077e+03,-3.925035974786850420e+04,0.000000000000000000e+00,-1.431099489572309258e+00,5.620607402957381593e-01,0.000000000000000000e+00
2.430000000000000000e+04,-3.996876336972287390e+03,-3.919311059596831183e+04,0.000000000000000000e+00,-1.429012139734266995e+00,5.829172239406332778e-01,0.000000000000000000e+00,-3.996876336971306955e+03,-3.919311059596889390e+04,0.000000000000000000e+00,-1.429012139734202158e+00,5.829172239405389089e-01,0.000000000000000000e+00,-3.996876336972279660e+03,-3.919311059596831910e+04,0.000000000000000000e+00,-1.429012139734267217e+00,5.829172239406332778e-01,0.000000000000000000e+00
2.440000000000000000e+04,-4.139670016804215265e+03,-3.913377733630998409e+04,0.000000000000000000e+00,-1.426848801661517285e+00,6.037427107524031555e-01,0.000000000000000000e+00,-4.139670016803230283e+03,-3.913377733631056617e+04,0.000000000000000000e+00,-1.426848801661451782e+00,6.037427107523090086e-01,0.000000000000000000e+00,-4.139670016804209808e+03,-3.913377733630998409e+04,0.000000000000000000e+00,-1.426848801661517063e+00,6.037427107524043768e-01,0.000000000000000000e+00
2.450000000000000000e+04,-4.282243568193487590e+03,-3.907236312396093854e+04,0.000000000000000000e+00,-1.424609590390338631e+00,6.245360933282952942e-01,0.000000000000000000e+00,-4.282243568192500788e+03,-3.907236312396152789e+04,0.000000000000000000e+00,-1.424609590390273794e+00,6.245360933282001481e-01,0.000000000000000000e+00,-4.282243568193487590e+03,-3.907236312396093126e+04,0.000000000000000000e+00,-1.424609590390339076e+00,6.245360933282965155e-01,0.000000000000000000e+00
2.460000000000000000e+04,-4.424589409740219708e+03,-3.900887122464402637e+04,0.000000000000000000e+00,-1.422294624991598866e+00,6.452962659727088379e-01,0.000000000000000000e+00,-4.424589409739223811e+03,-3.900887122464460845e+04,0.000000000000000000e+00,-1.422294624991533141e+00,6.452962659726120265e-01,0.000000000000000000e+00,-4.424589409740218798e+03,-3.900887122464400454e+04,0.000000000000000000e+00,-1.422294624991598644e+00,6.452962659727095041e-01,0.000000000000000000e+00
2.470000000000000000e+04,-4.566699972153073759e+03,-3.894330501456378261e+04,0.000000000000000000e+00,-1.419904028564412890e+00,6.660221247559938718e-01,0.000000000000000000e+00,-4.566699972152057853e+03,-3.894330501456440106e+04,0.000000000000000000e+00,-1.419904028564347831e+00,6.660221247558945068e-01,0.000000000000000000e+00,-4.566699972153055569e+03,-3.894330501456378988e+04,0.000000000000000000e+00,-1.419904028564413334e+00,6.660221247559925395e-01,0.000000000000000000e+00
2.480000000000000000e+04,-4.708567698651706451e+03,-3.887566798022709554e+04,0.000000000000000000e+00,-1.417437928229609234e+00,6.867125675731493573e-01,0.000000000000000000e+00,-4.708567698650713282e+03,-3.887566798022772855e+04,0.000000000000000000e+00,-1.417437928229543065e+00,6.867125675730494372e-01,0.000000000000000000e+00,-4.708567698651717365e+03,-3.887566798022710282e+04,0.000000000000000000e+00,-1.417437928229609012e+00,6.867125675731485801e-01,0.000000000000000000e+00
2.490000000000000000e+04,-4.850185045368809369e+03,-3.880596371825756069e+04,0.000000000000000000e+00,-1.414896455122956809e+00,7.073664942024358027e-01,0.000000000000000000e+00,-4.850185045367786188e+03,-3.880596371825821552e+04,0.000000000000000000e+00,-1.414896455122891528e+00,7.073664942023352165e-01,0.000000000000000000e+00,-4.850185045368797546e+03,-3.880596371825758251e+04,0.000000000000000000e+00,-1.414896455122957475e+00,7.073664942024354696e-01,0.000000000000000000e+00
2.500000000000000000e+04,-4.991544481750926934e+03,-3.873419593520440685e+04,0.000000000000000000e+00,-1.412279744388206026e+00,7.279828063638724700e-01,0.000000000000000000e+00,-4.991544481749911029e+03,-3.873419593520508352e+04,0.000000000000000000e+00,-1.412279744388140079e+00,7.279828063637718838e-01,0.000000000000000000e+00,-4.991544481750928753e+03,-3.873419593520442868e+04,0.000000000000000000e+00,-1.412279744388206248e+00,7.279828063638733582e-01,0.000000000000000000e+00
2.510000000000000000e+04,-5.132638490959201590e+03,-3.866036844734535407e+04,0.000000000000000000e+00,-1.409587935169890116e+00,7.485604077776439880e-01,0.000000000000000000e+00,-5.132638490958193870e+03,-3.866036844734600891e+04,0.000000000000000000e+00,-1.409587935169823503e+00,7.485604077775421805e-01,0.000000000000000000e+00,-5.132638490959213414e+03,-3.866036844734534679e+04,0.000000000000000000e+00,-1.409587935169890116e+00,7.485604077776439880e-01,0.000000000000000000e+00
2.520000000000000000e+04,-5.273459570268954849e+03,-3.858448518048356345e+04,0.000000000000000000e+00,-1.406821170605931925e+00,7.690982042223879489e-01,0.000000000000000000e+00,-5.273459570267927120e+03,-3.858448518048422557e+04,0.000000000000000000e+00,-1.406821170605865756e+00,7.690982042222868076e-01,0.000000000000000000e+00,-5.273459570268954849e+03,-3.858448518048355618e+04,0.000000000000000000e+00,-1.406821170605932370e+00,7.690982042223898363e-01,0.000000000000000000e+00
2.530000000000000000e+04,-5.414000231468598940e+03,-3.850655016973905731e+04,0.000000000000000000e+00,-1.403979597820034897e+00,7.895951035933954643e-01,0.000000000000000000e+00,-5.414000231467550293e+03,-3.850655016973975580e+04,0.000000000000000000e+00,-1.403979597819968062e+00,7.895951035932899931e-01,0.000000000000000000e+00,-5.414000231468585298e+03,-3.850655016973907914e+04,0.000000000000000000e+00,-1.403979597820034897e+00,7.895951035933942430e-01,0.000000000000000000e+00
2.540000000000000000e+04,-5.554253001257893629e+03,-3.842656755933415843e+04,0.000000000000000000e+00,-1.401063367913852886e+00,8.100500159606571771e-01,0.000000000000000000e+00,-5.554253001256834978e+03,-3.842656755933483510e+04,0.000000000000000000e+00,-1.401063367913785385e+00,8.100500159605528161e-01,0.000000000000000000e+00,-5.554253001257876349e+03,-3.842656755933415116e+04,0.000000000000000000e+00,-1.401063367913852442e+00,8.100500159606580652e-01,0.000000000000000000e+00
2.550000000000000000e+04,-5.694210421645300812e+03,-3.834454160237283213e+04,0.000000000000000000e+00,-1.398072635958960142e+00,8.304618536268559836e-01,0.000000000000000000e+00,-5.694210421644283088e+03,-3.834454160237355245e+04,0.000000000000000000e+00,-1.398072635958892640e+00,8.304618536267499573e-01,0.000000000000000000e+00,-5.694210421645327187e+03,-3.834454160237286123e+04,0.000000000000000000e+00,-1.398072635958959919e+00,8.304618536268557616e-01,0.000000000000000000e+00
2.560000000000000000e+04,-5.833865050344771589e+03,-3.826047666061497875e+04,0.000000000000000000e+00,-1.395007560988604567e+00,8.508295311851750142e-01,0.000000000000000000e+00,-5.833865050343707480e+03,-3.826047666061569180e+04,0.000000000000000000e+00,-1.395007560988537509e+00,8.508295311850692100e-01,0.000000000000000000e+00,-5.833865050344758856e+03,-3.826047666061498603e+04,0.000000000000000000e+00,-1.395007560988604789e+00,8.508295311851762355e-01,0.000000000000000000e+00
2.570000000000000000e+04,-5.973209461171049043e+03,-3.817437720424403960e+04,0.000000000000000000e+00,-1.391868305989252264e+00,8.711519655770363357e-01,0.000000000000000000e+00,-5.973209461169975839e+03,-3.817437720424476720e+04,0.000000000000000000e+00,-1.391868305989184318e+00,8.711519655769278669e-01,0.000000000000000000e+00,-5.973209461171033581e+03,-3.817437720424404688e+04,0.000000000000000000e+00,-1.391868305989251819e+00,8.711519655770358916e-01,0.000000000000000000e+00
2.580000000000000000e+04,-6.112236244434971013e+03,-3.808624781162961153e+04,0.000000000000000000e+00,-1.388655037891914468e+00,8.914280761496744532e-01,0.000000000000000000e+00,-6.112236244433905995e+03,-3.808624781163035368e+04,0.000000000000000000e+00,-1.388655037891847410e+00,8.914280761495647631e-01,0.000000000000000000e+00,-6.112236244434971923e+03,-3.808624781162961881e+04,0.000000000000000000e+00,-1.388655037891914690e+00,8.914280761496740091e-01,0.000000000000000000e+00
2.590000000000000000e+04,-6.250938007337332238e+03,-3.799609316908384790e+04,0.000000000000000000e+00,-1.385367927563280865e+00,9.116567847136138880e-01,0.000000000000000000e+00,-6.250938007336272676e+03,-3.799609316908461187e+04,0.000000000000000000e+00,-1.385367927563213808e+00,9.116567847135046421e-01,0.000000000000000000e+00,-6.250938007337342242e+03,-3.799609316908386973e+04,0.000000000000000000e+00,-1.385367927563281309e+00,9.116567847136143321e-01,0.000000000000000000e+00
2.600000000000000000e+04,-6.389307374361989787e+03,-3.790391807061235886e+04,0.000000000000000000e+00,-1.382007149796626422e+00,9.318370156000010951e-01,0.000000000000000000e+00,-6.389307374360929316e+03,-3.790391807061310101e+04,0.000000000000000000e+00,-1.382007149796558032e+00,9.318370155998909610e-01,0.000000000000000000e+00,-6.389307374362005248e+03,-3.790391807061235158e+04,0.000000000000000000e+00,-1.382007149796625756e+00,9.318370156000018723e-01,0.000000000000000000e+00
2.610000000000000000e+04,-6.527336987668066286e+03,-3.780972741765910177e+04,0.000000000000000000e+00,-1.378572883302514818e+00,9.519676957177978238e-01,0.000000000000000000e+00,-6.527336987666995810e+03,-3.780972741765984392e+04,0.000000000000000000e+00,-1.378572883302447316e+00,9.519676957176853582e-01,0.000000000000000000e+00,-6.527336987668079018e+03,-3.780972741765907995e+04,0.000000000000000000e+00,-1.378572883302514818e+00,9.519676957177973797e-01,0.000000000000000000e+00
2.620000000000000000e+04,-6.665019507481207256e+03,-3.771352621884591645e+04,0.000000000000000000e+00,-1.375065310699305599e+00,9.720477546108430289e-01,0.000000000000000000e+00,-6.665019507480118591e+03,-3.771352621884670953e+04,0.000000000000000000e+00,-1.375065310699237875e+00,9.720477546107292310e-01,0.000000000000000000e+00,-6.665019507481209985e+03,-3.771352621884593100e+04,0.000000000000000000e+00,-1.375065310699305376e+00,9.720477546108424738e-01,0.000000000000000000e+00
2.630000000000000000e+04,-6.802347612483848934e+03,-3.761531958970626874e+04,0.000000000000000000e+00,-1.371484618503432173e+00,9.920761245147797780e-01,0.000000000000000000e+00,-6.802347612482768454e+03,-3.761531958970705455e+04,0.000000000000000000e+00,-1.371484618503364894e+00,9.920761245146658691e-01,0.000000000000000000e+00,-6.802347612483862576e+03,-3.761531958970626874e+04,0.000000000000000000e+00,-1.371484618503432618e+00,9.920761245147795560e-01,0.000000000000000000e+00
2.640000000000000000e+04,-6.939314000204642070e+03,-3.751511275241292606e+04,0.000000000000000000e+00,-1.367830997119492409e+00,1.012051740413832945e+00,0.000000000000000000e+00,-6.939314000203547948e+03,-3.751511275241371914e+04,0.000000000000000000e+00,-1.367830997119424463e+00,1.012051740413719036e+00,0.000000000000000000e+00,-6.939314000204649346e+03,-3.751511275241292606e+04,0.000000000000000000e+00,-1.367830997119492409e+00,1.012051740413833834e+00,0.000000000000000000e+00
2.650000000000000000e+04,-7.075911387406624272e+03,-3.741291103550053958e+04,0.000000000000000000e+00,-1.364104640830117177e+00,1.031973540097444797e+00,0.000000000000000000e+00,-7.075911387405508322e+03,-3.741291103550133994e+04,0.000000000000000000e+00,-1.364104640830048343e+00,1.031973540097326003e+00,0.000000000000000000e+00,-7.075911387406617905e+03,-3.741291103550053231e+04,0.000000000000000000e+00,-1.364104640830116510e+00,1.031973540097442132e+00,0.000000000000000000e+00
2.660000000000000000e+04,-7.212132510474548326e+03,-3.730871987358212937e+04,0.000000000000000000e+00,-1.360305747785640840e+00,1.051840464216738269e+00,0.000000000000000000e+00,-7.212132510473436923e+03,-3.730871987358297338e+04,0.000000000000000000e+00,-1.360305747785572894e+00,1.051840464216620363e+00,0.000000000000000000e+00,-7.212132510474552873e+03,-3.730871987358215847e+04,0.000000000000000000e+00,-1.360305747785641062e+00,1.051840464216737603e+00,0.000000000000000000e+00
2.670000000000000000e+04,-7.347970125801221002e+03,-3.720254480706033064e+04,0.000000000000000000e+00,-1.356434519993571008e+00,1.071651456340882547e+00,0.000000000000000000e+00,-7.347970125800098685e+03,-3.720254480706115282e+04,0.000000000000000000e+00,-1.356434519993502841e+00,1.071651456340763531e+00,0.000000000000000000e+00,-7.347970125801216454e+03,-3.720254480706033064e+04,0.000000000000000000e+00,-1.356434519993571008e+00,1.071651456340881214e+00,0.000000000000000000e+00
2.680000000000000000e+04,-7.483417010172546725e+03,-3.709439148183238285e+04,0.000000000000000000e+00,-1.352491163307836253e+00,1.091405463013240151e+00,0.000000000000000000e+00,-7.483417010171422589e+03,-3.709439148183324141e+04,0.000000000000000000e+00,-1.352491163307768751e+00,1.091405463013121357e+00,0.000000000000000000e+00,-7.483417010172547634e+03,-3.709439148183241196e+04,0.000000000000000000e+00,-1.352491163307836919e+00,1.091405463013240151e+00,0.000000000000000000e+00
2.690000000000000000e+04,-7.618465961151727242e+03,-3.698426564899036021e+04,0.000000000000000000e+00,-1.348475887417849961e+00,1.111101433807400340e+00,0.000000000000000000e+00,-7.618465961150595831e+03,-3.698426564899122604e+04,0.000000000000000000e+00,-1.348475887417781349e+00,1.111101433807281103e+00,0.000000000000000000e+00,-7.618465961151728152e+03,-3.698426564899038203e+04,0.000000000000000000e+00,-1.348475887417849517e+00,1.111101433807401229e+00,0.000000000000000000e+00
2.700000000000000000e+04,-7.753109797462195274e+03,-3.687217316451504303e+04,0.000000000000000000e+00,-1.344388905837349490e+00,1.130738321383031320e+00,0.000000000000000000e+00,-7.753109797461059316e+03,-3.687217316451588704e+04,0.000000000000000000e+00,-1.344388905837280657e+00,1.130738321382908973e+00,0.000000000000000000e+00,-7.753109797462198912e+03,-3.687217316451503575e+04,0.000000000000000000e+00,-1.344388905837349046e+00,1.130738321383030209e+00,0.000000000000000000e+00
2.710000000000000000e+04,-7.887341359369529528e+03,-3.675811998896457953e+04,0.000000000000000000e+00,-1.340230435893052352e+00,1.150315081541565476e+00,0.000000000000000000e+00,-7.887341359368370831e+03,-3.675811998896543082e+04,0.000000000000000000e+00,-1.340230435892983074e+00,1.150315081541442463e+00,0.000000000000000000e+00,-7.887341359369512247e+03,-3.675811998896456498e+04,0.000000000000000000e+00,-1.340230435893051464e+00,1.150315081541564144e+00,0.000000000000000000e+00
2.720000000000000000e+04,-8.021153509062089142e+03,-3.664211218715760333e+04,0.000000000000000000e+00,-1.336000698713092127e+00,1.169830673281738953e+00,0.000000000000000000e+00,-8.021153509060925899e+03,-3.664211218715849100e+04,0.000000000000000000e+00,-1.336000698713024182e+00,1.169830673281616162e+00,0.000000000000000000e+00,-8.021153509062074590e+03,-3.664211218715761788e+04,0.000000000000000000e+00,-1.336000698713092349e+00,1.169830673281739175e+00,0.000000000000000000e+00
2.730000000000000000e+04,-8.154539131030687713e+03,-3.652415592785077752e+04,0.000000000000000000e+00,-1.331699919215267869e+00,1.189284058854942927e+00,0.000000000000000000e+00,-8.154539131029518103e+03,-3.652415592785167973e+04,0.000000000000000000e+00,-1.331699919215200145e+00,1.189284058854817472e+00,0.000000000000000000e+00,-8.154539131030674071e+03,-3.652415592785079207e+04,0.000000000000000000e+00,-1.331699919215268091e+00,1.189284058854941595e+00,0.000000000000000000e+00
2.740000000000000000e+04,-8.287491132446870324e+03,-3.640425748341064900e+04,0.000000000000000000e+00,-1.327328326095076338e+00,1.208674203820395476e+00,0.000000000000000000e+00,-8.287491132445704352e+03,-3.640425748341152212e+04,0.000000000000000000e+00,-1.327328326095008393e+00,1.208674203820268689e+00,0.000000000000000000e+00,-8.287491132446866686e+03,-3.640425748341061990e+04,0.000000000000000000e+00,-1.327328326095076116e+00,1.208674203820393922e+00,0.000000000000000000e+00
2.750000000000000000e+04,-8.420002443540128297e+03,-3.628242322948003130e+04,0.000000000000000000e+00,-1.322886151813553290e+00,1.228000077100160681e+00,0.000000000000000000e+00,-8.420002443538973239e+03,-3.628242322948094807e+04,0.000000000000000000e+00,-1.322886151813485789e+00,1.228000077100034559e+00,0.000000000000000000e+00,-8.420002443540142849e+03,-3.628242322948003130e+04,0.000000000000000000e+00,-1.322886151813553512e+00,1.228000077100160903e+00,0.000000000000000000e+00
2.760000000000000000e+04,-8.552066017973862472e+03,-3.615865964463932323e+04,0.000000000000000000e+00,-1.318373632584916244e+00,1.247260651033977652e+00,0.000000000000000000e+00,-8.552066017972678310e+03,-3.615865964464024000e+04,0.000000000000000000e+00,-1.318373632584848298e+00,1.247260651033849754e+00,0.000000000000000000e+00,-8.552066017973849739e+03,-3.615865964463931596e+04,0.000000000000000000e+00,-1.318373632584916244e+00,1.247260651033976764e+00,0.000000000000000000e+00
2.770000000000000000e+04,-8.683674833219891298e+03,-3.603297331006164313e+04,0.000000000000000000e+00,-1.313791008363997648e+00,1.266454901433892388e+00,0.000000000000000000e+00,-8.683674833218728963e+03,-3.603297331006255990e+04,0.000000000000000000e+00,-1.313791008363929702e+00,1.266454901433765157e+00,0.000000000000000000e+00,-8.683674833219900393e+03,-3.603297331006162131e+04,0.000000000000000000e+00,-1.313791008363997648e+00,1.266454901433892610e+00,0.000000000000000000e+00
2.780000000000000000e+04,-8.814821890932187671e+03,-3.590537090916302986e+04,0.000000000000000000e+00,-1.309138522833490192e+00,1.285581807638738638e+00,0.000000000000000000e+00,-8.814821890931021699e+03,-3.590537090916396846e+04,0.000000000000000000e+00,-1.309138522833421803e+00,1.285581807638609186e+00,0.000000000000000000e+00,-8.814821890932202223e+03,-3.590537090916301531e+04,0.000000000000000000e+00,-1.309138522833489526e+00,1.285581807638738416e+00,0.000000000000000000e+00
2.790000000000000000e+04,-8.945500217318753130e+03,-3.577585922724707052e+04,0.000000000000000000e+00,-1.304416423390984292e+00,1.304640352568391393e+00,0.000000000000000000e+00,-8.945500217317568968e+03,-3.577585922724804550e+04,0.000000000000000000e+00,-1.304416423390916568e+00,1.304640352568262607e+00,0.000000000000000000e+00,-8.945500217318754949e+03,-3.577585922724708507e+04,0.000000000000000000e+00,-1.304416423390984292e+00,1.304640352568392503e+00,0.000000000000000000e+00
2.800000000000000000e+04,-9.075702863512560725e+03,-3.564444515114410024e+04,0.000000000000000000e+00,-1.299624961135819046e+00,1.323629522777872936e+00,0.000000000000000000e+00,-9.075702863511351097e+03,-3.564444515114508249e+04,0.000000000000000000e+00,-1.299624961135751100e+00,1.323629522777741263e+00,0.000000000000000000e+00,-9.075702863512547992e+03,-3.564444515114410751e+04,0.000000000000000000e+00,-1.299624961135818602e+00,1.323629522777872713e+00,0.000000000000000000e+00
2.810000000000000000e+04,-9.205422905941013596e+03,-3.551113566884485772e+04,0.000000000000000000e+00,-1.294764390855721814e+00,1.342548308511217314e+00,0.000000000000000000e+00,-9.205422905939807606e+03,-3.551113566884586180e+04,0.000000000000000000e+00,-1.294764390855654534e+00,1.342548308511086308e+00,0.000000000000000000e+00,-9.205422905941006320e+03,-3.551113566884487227e+04,0.000000000000000000e+00,-1.294764390855722036e+00,1.342548308511218202e+00,0.000000000000000000e+00
2.820000000000000000e+04,-9.334653446694224840e+03,-3.537593786912907672e+04,0.000000000000000000e+00,-1.289834971013268383e+00,1.361395703755192699e+00,0.000000000000000000e+00,-9.334653446693004298e+03,-3.537593786913006625e+04,0.000000000000000000e+00,-1.289834971013200438e+00,1.361395703755059472e+00,0.000000000000000000e+00,-9.334653446694206650e+03,-3.537593786912906944e+04,0.000000000000000000e+00,-1.289834971013268383e+00,1.361395703755192033e+00,0.000000000000000000e+00
2.830000000000000000e+04,-9.463387613891653018e+03,-3.523885894118832948e+04,0.000000000000000000e+00,-1.284836963732131299e+00,1.380170706292773275e+00,0.000000000000000000e+00,-9.463387613890441571e+03,-3.523885894118934812e+04,0.000000000000000000e+00,-1.284836963732062909e+00,1.380170706292637162e+00,0.000000000000000000e+00,-9.463387613891654837e+03,-3.523885894118832221e+04,0.000000000000000000e+00,-1.284836963732130855e+00,1.380170706292771277e+00,0.000000000000000000e+00
2.840000000000000000e+04,-9.591618562047675368e+03,-3.509990617424399534e+04,0.000000000000000000e+00,-1.279770634783145233e+00,1.398872317756437056e+00,0.000000000000000000e+00,-9.591618562046454826e+03,-3.509990617424500670e+04,0.000000000000000000e+00,-1.279770634783077510e+00,1.398872317756303607e+00,0.000000000000000000e+00,-9.591618562047669911e+03,-3.509990617424397351e+04,0.000000000000000000e+00,-1.279770634783145455e+00,1.398872317756438388e+00,0.000000000000000000e+00
2.850000000000000000e+04,-9.719339472435472999e+03,-3.495908695715939393e+04,0.000000000000000000e+00,-1.274636253570176514e+00,1.417499543681277174e+00,0.000000000000000000e+00,-9.719339472434237905e+03,-3.495908695716043439e+04,0.000000000000000000e+00,-1.274636253570109012e+00,1.417499543681140173e+00,0.000000000000000000e+00,-9.719339472435463904e+03,-3.495908695715938666e+04,0.000000000000000000e+00,-1.274636253570176514e+00,1.417499543681276730e+00,0.000000000000000000e+00
2.860000000000000000e+04,-9.846543553449664614e+03,-3.481640877804711636e+04,0.000000000000000000e+00,-1.269434093115793694e+00,1.436051393557844946e+00,0.000000000000000000e+00,-9.846543553448427701e+03,-3.481640877804817137e+04,0.000000000000000000e+00,-1.269434093115725526e+00,1.436051393557706390e+00,0.000000000000000000e+00,-9.846543553449655519e+03,-3.481640877804710908e+04,0.000000000000000000e+00,-1.269434093115793249e+00,1.436051393557843614e+00,0.000000000000000000e+00
2.870000000000000000e+04,-9.973224040967485053e+03,-3.467187922387062281e+04,0.000000000000000000e+00,-1.264164430046748944e+00,1.454526880884847273e+00,0.000000000000000000e+00,-9.973224040966242683e+03,-3.467187922387172148e+04,0.000000000000000000e+00,-1.264164430046681220e+00,1.454526880884709605e+00,0.000000000000000000e+00,-9.973224040967474139e+03,-3.467187922387065191e+04,0.000000000000000000e+00,-1.264164430046748944e+00,1.454526880884847273e+00,0.000000000000000000e+00
2.880000000000000000e+04,-1.009937419870842132e+04,-3.452550598004102358e+04,0.000000000000000000e+00,-1.258827544579273372e+00,1.472925023221602459e+00,0.000000000000000000e+00,-1.009937419870718077e+04,-3.452550598004213680e+04,0.000000000000000000e+00,-1.258827544579205870e+00,1.472925023221463459e+00,0.000000000000000000e+00,-1.009937419870842132e+04,-3.452550598004105268e+04,0.000000000000000000e+00,-1.258827544579273372e+00,1.472925023221602903e+00,0.000000000000000000e+00
2.890000000000000000e+04,-1.022498731859245163e+04,-3.437729683000821387e+04,0.000000000000000000e+00,-1.253423720504172056e+00,1.491244842240268653e+00,0.000000000000000000e+00,-1.022498731859121108e+04,-3.437729683000931982e+04,0.000000000000000000e+00,-1.253423720504104333e+00,1.491244842240129209e+00,0.000000000000000000e+00,-1.022498731859245345e+04,-3.437729683000822843e+04,0.000000000000000000e+00,-1.253423720504172056e+00,1.491244842240269097e+00,0.000000000000000000e+00
2.900000000000000000e+04,-1.035005672109674197e+04,-3.422725965484709013e+04,0.000000000000000000e+00,-1.247953245171734782e+00,1.509485363777880451e+00,0.000000000000000000e+00,-1.035005672109548868e+04,-3.422725965484816697e+04,0.000000000000000000e+00,-1.247953245171666614e+00,1.509485363777739009e+00,0.000000000000000000e+00,-1.035005672109673469e+04,-3.422725965484706103e+04,0.000000000000000000e+00,-1.247953245171734560e+00,1.509485363777879785e+00,0.000000000000000000e+00
2.910000000000000000e+04,-1.047457575561078556e+04,-3.407540243283829477e+04,0.000000000000000000e+00,-1.242416409476454486e+00,1.527645617888138574e+00,0.000000000000000000e+00,-1.047457575560953410e+04,-3.407540243283943710e+04,0.000000000000000000e+00,-1.242416409476386763e+00,1.527645617887996909e+00,0.000000000000000000e+00,-1.047457575561078738e+04,-3.407540243283830932e+04,0.000000000000000000e+00,-1.242416409476454042e+00,1.527645617888139018e+00,0.000000000000000000e+00
2.920000000000000000e+04,-1.059853780079014541e+04,-3.392173323904442077e+04,0.000000000000000000e+00,-1.236813507841562298e+00,1.545724638892998826e+00,0.000000000000000000e+00,-1.059853780078887939e+04,-3.392173323904555582e+04,0.000000000000000000e+00,-1.236813507841494575e+00,1.545724638892856273e+00,0.000000000000000000e+00,-1.059853780079013632e+04,-3.392173323904441349e+04,0.000000000000000000e+00,-1.236813507841562076e+00,1.545724638892999048e+00,0.000000000000000000e+00
2.930000000000000000e+04,-1.072193626490843599e+04,-3.376626024487998802e+04,0.000000000000000000e+00,-1.231144838203368064e+00,1.563721465434014135e+00,0.000000000000000000e+00,-1.072193626490717179e+04,-3.376626024488118128e+04,0.000000000000000000e+00,-1.231144838203301006e+00,1.563721465433870028e+00,0.000000000000000000e+00,-1.072193626490843781e+04,-3.376626024488002440e+04,0.000000000000000000e+00,-1.231144838203367842e+00,1.563721465434014357e+00,0.000000000000000000e+00
2.940000000000000000e+04,-1.084476458620796620e+04,-3.360899171767753433e+04,0.000000000000000000e+00,-1.225410701995421014e+00,1.581635140523454552e+00,0.000000000000000000e+00,-1.084476458620668018e+04,-3.360899171767873486e+04,0.000000000000000000e+00,-1.225410701995353513e+00,1.581635140523311334e+00,0.000000000000000000e+00,-1.084476458620795165e+04,-3.360899171767757070e+04,0.000000000000000000e+00,-1.225410701995420570e+00,1.581635140523456329e+00,0.000000000000000000e+00
2.950000000000000000e+04,-1.096701623324849061e+04,-3.344993602024759457e+04,0.000000000000000000e+00,-1.219611404132475041e+00,1.599464711595205202e+00,0.000000000000000000e+00,-1.096701623324722823e+04,-3.344993602024873690e+04,0.000000000000000000e+00,-1.219611404132407984e+00,1.599464711595061761e+00,0.000000000000000000e+00,-1.096701623324850152e+04,-3.344993602024756547e+04,0.000000000000000000e+00,-1.219611404132475041e+00,1.599464711595207422e+00,0.000000000000000000e+00
2.960000000000000000e+04,-1.108868470525478187e+04,-3.328910161043393600e+04,0.000000000000000000e+00,-1.213747252994281656e+00,1.617209230555411992e+00,0.000000000000000000e+00,-1.108868470525349221e+04,-3.328910161043512926e+04,0.000000000000000000e+00,-1.213747252994215264e+00,1.617209230555264110e+00,0.000000000000000000e+00,-1.108868470525477460e+04,-3.328910161043393600e+04,0.000000000000000000e+00,-1.213747252994282100e+00,1.617209230555411326e+00,0.000000000000000000e+00
2.970000000000000000e+04,-1.120976353246197687e+04,-3.312649704066431150e+04,0.000000000000000000e+00,-1.207818560409188446e+00,1.634867753832883963e+00,0.000000000000000000e+00,-1.120976353246069812e+04,-3.312649704066552658e+04,0.000000000000000000e+00,-1.207818560409122055e+00,1.634867753832738302e+00,0.000000000000000000e+00,-1.120976353246198232e+04,-3.312649704066431877e+04,0.000000000000000000e+00,-1.207818560409188891e+00,1.634867753832886184e+00,0.000000000000000000e+00
2.980000000000000000e+04,-1.133024627645993314e+04,-3.296213095749520289e+04,0.000000000000000000e+00,-1.201825641637556785e+00,1.652439342429305569e+00,0.000000000000000000e+00,-1.133024627645863984e+04,-3.296213095749642525e+04,0.000000000000000000e+00,-1.201825641637489950e+00,1.652439342429155245e+00,0.000000000000000000e+00,-1.133024627645992769e+04,-3.296213095749520289e+04,0.000000000000000000e+00,-1.201825641637556785e+00,1.652439342429303570e+00,0.000000000000000000e+00
2.990000000000000000e+04,-1.145012653053537360e+04,-3.279601210115219874e+04,0.000000000000000000e+00,-1.195768815354997905e+00,1.669923061969118550e+00,0.000000000000000000e+00,-1.145012653053405847e+04,-3.279601210115344293e+04,0.000000000000000000e+00,-1.195768815354930625e+00,1.669923061968968447e+00,0.000000000000000000e+00,-1.145012653053535541e+04,-3.279601210115219874e+04,0.000000000000000000e+00,-1.195768815354997239e+00,1.669923061969118550e+00,0.000000000000000000e+00
3.000000000000000000e+04,-1.156939792001260503e+04,-3.262814930506527890e+04,0.000000000000000000e+00,-1.189648403635427787e+00,1.687317982749251044e+00,0.000000000000000000e+00,-1.156939792001130627e+04,-3.262814930506653036e+04,0.000000000000000000e+00,-1.189648403635360951e+00,1.687317982749100720e+00,0.000000000000000000e+00,-1.156939792001260503e+04,-3.262814930506528253e+04,0.000000000000000000e+00,-1.189648403635427787e+00,1.687317982749251266e+00,0.000000000000000000e+00
3.010000000000000000e+04,-1.168805410259263590e+04,-3.245855149539897684e+04,0.000000000000000000e+00,-1.183464731933943526e+00,1.704623179788532283e+00,0.000000000000000000e+00,-1.168805410259133168e+04,-3.245855149540027924e+04,0.000000000000000000e+00,-1.183464731933876912e+00,1.704623179788380627e+00,0.000000000000000000e+00,-1.168805410259264136e+04,-3.245855149539900958e+04,0.000000000000000000e+00,-1.183464731933943304e+00,1.704623179788533172e+00,0.000000000000000000e+00
3.020000000000000000e+04,-1.180608876869025698e+04,-3.228722769057794358e+04,0.000000000000000000e+00,-1.177218129069512287e+00,1.721837732876883464e+00,0.000000000000000000e+00,-1.180608876868893276e+04,-3.228722769057923870e+04,0.000000000000000000e+00,-1.177218129069445673e+00,1.721837732876729143e+00,0.000000000000000000e+00,-1.180608876869024607e+04,-3.228722769057795813e+04,0.000000000000000000e+00,-1.177218129069512065e+00,1.721837732876882132e+00,0.000000000000000000e+00
3.030000000000000000e+04,-1.192349564176957938e+04,-3.211418700080708368e+04,0.000000000000000000e+00,-1.170908927207489292e+00,1.738960726624243947e+00,0.000000000000000000e+00,-1.192349564176826971e+04,-3.211418700080837516e+04,0.000000000000000000e+00,-1.170908927207422234e+00,1.738960726624091624e+00,0.000000000000000000e+00,-1.192349564176958665e+04,-3.211418700080708004e+04,0.000000000000000000e+00,-1.170908927207488626e+00,1.738960726624244835e+00,0.000000000000000000e+00
3.040000000000000000e+04,-1.204026847867792821e+04,-3.193943862758734031e+04,0.000000000000000000e+00,-1.164537461841952393e+00,1.755991250509270074e+00,0.000000000000000000e+00,-1.204026847867662400e+04,-3.193943862758863179e+04,0.000000000000000000e+00,-1.164537461841886001e+00,1.755991250509114421e+00,0.000000000000000000e+00,-1.204026847867794822e+04,-3.193943862758731484e+04,0.000000000000000000e+00,-1.164537461841951949e+00,1.755991250509269408e+00,0.000000000000000000e+00
3.050000000000000000e+04,-1.215640106997771363e+04,-3.176299186322631431e+04,0.000000000000000000e+00,-1.158104071777866118e+00,1.772928398927716032e+00,0.000000000000000000e+00,-1.215640106997637486e+04,-3.176299186322762762e+04,0.000000000000000000e+00,-1.158104071777799948e+00,1.772928398927562155e+00,0.000000000000000000e+00,-1.215640106997770272e+04,-3.176299186322629612e+04,0.000000000000000000e+00,-1.158104071777865895e+00,1.772928398927717808e+00,0.000000000000000000e+00
3.060000000000000000e+04,-1.227188724027651187e+04,-3.158485609034419758e+04,0.000000000000000000e+00,-1.151609099113061863e+00,1.789771271240629957e+00,0.000000000000000000e+00,-1.227188724027519129e+04,-3.158485609034554363e+04,0.000000000000000000e+00,-1.151609099112995915e+00,1.789771271240473638e+00,0.000000000000000000e+00,-1.227188724027652279e+04,-3.158485609034420122e+04,0.000000000000000000e+00,-1.151609099113061641e+00,1.789771271240629735e+00,0.000000000000000000e+00
3.070000000000000000e+04,-1.238672084855576395e+04,-3.140504078137481702e+04,0.000000000000000000e+00,-1.145052889220047554e+00,1.806518971822210773e+00,0.000000000000000000e+00,-1.238672084855441608e+04,-3.140504078137620309e+04,0.000000000000000000e+00,-1.145052889219982051e+00,1.806518971822053121e+00,0.000000000000000000e+00,-1.238672084855575667e+04,-3.140504078137483521e+04,0.000000000000000000e+00,-1.145052889220047332e+00,1.806518971822210773e+00,0.000000000000000000e+00
3.080000000000000000e+04,-1.250089578849694226e+04,-3.122355549806199269e+04,0.000000000000000000e+00,-1.138435790727644115e+00,1.823170610107455403e+00,0.000000000000000000e+00,-1.250089578849561258e+04,-3.122355549806335694e+04,0.000000000000000000e+00,-1.138435790727578611e+00,1.823170610107296197e+00,0.000000000000000000e+00,-1.250089578849695499e+04,-3.122355549806197814e+04,0.000000000000000000e+00,-1.138435790727643893e+00,1.823170610107454293e+00,0.000000000000000000e+00
3.090000000000000000e+04,-1.261440598880661128e+04,-3.104040989095083205e+04,0.000000000000000000e+00,-1.131758155502443408e+00,1.839725300639505789e+00,0.000000000000000000e+00,-1.261440598880526704e+04,-3.104040989095224722e+04,0.000000000000000000e+00,-1.131758155502378571e+00,1.839725300639345473e+00,0.000000000000000000e+00,-1.261440598880661855e+04,-3.104040989095084296e+04,0.000000000000000000e+00,-1.131758155502443408e+00,1.839725300639505345e+00,0.000000000000000000e+00
3.100000000000000000e+04,-1.272724541353897075e+04,-3.085561369887500769e+04,0.000000000000000000e+00,-1.125020338630102756e+00,1.856182163116734785e+00,0.000000000000000000e+00,-1.272724541353763016e+04,-3.085561369887642650e+04,0.000000000000000000e+00,-1.125020338630038141e+00,1.856182163116575357e+00,0.000000000000000000e+00,-1.272724541353898530e+04,-3.085561369887501132e+04,0.000000000000000000e+00,-1.125020338630102756e+00,1.856182163116735895e+00,0.000000000000000000e+00
3.110000000000000000e+04,-1.283940806241704558e+04,-3.066917674843847635e+04,0.000000000000000000e+00,-1.118222698396458270e+00,1.872540322439565585e+00,0.000000000000000000e+00,-1.283940806241569771e+04,-3.066917674843990972e+04,0.000000000000000000e+00,-1.118222698396393433e+00,1.872540322439402383e+00,0.000000000000000000e+00,-1.283940806241705468e+04,-3.066917674843848363e+04,0.000000000000000000e+00,-1.118222698396458270e+00,1.872540322439563365e+00,0.000000000000000000e+00
3.120000000000000000e+04,-1.295088797115162015e+04,-3.048110895349315251e+04,0.000000000000000000e+00,-1.111365596268474754e+00,1.888798908756982087e+00,0.000000000000000000e+00,-1.295088797115025409e+04,-3.048110895349461134e+04,0.000000000000000000e+00,-1.111365596268410361e+00,1.888798908756818662e+00,0.000000000000000000e+00,-1.295088797115162197e+04,-3.048110895349316343e+04,0.000000000000000000e+00,-1.111365596268474532e+00,1.888798908756981199e+00,0.000000000000000000e+00
3.130000000000000000e+04,-1.306167921175838273e+04,-3.029142031461169245e+04,0.000000000000000000e+00,-1.104449396875025524e+00,1.904957057512811858e+00,0.000000000000000000e+00,-1.306167921175704032e+04,-3.029142031461319857e+04,0.000000000000000000e+00,-1.104449396874961131e+00,1.904957057512646657e+00,0.000000000000000000e+00,-1.306167921175841002e+04,-3.029142031461173974e+04,0.000000000000000000e+00,-1.104449396875025302e+00,1.904957057512809637e+00,0.000000000000000000e+00
3.140000000000000000e+04,-1.317177589287332376e+04,-3.010012091855582548e+04,0.000000000000000000e+00,-1.097474467987501701e+00,1.921013909491675165e+00,0.000000000000000000e+00,-1.317177589287197407e+04,-3.010012091855729886e+04,0.000000000000000000e+00,-1.097474467987437530e+00,1.921013909491512184e+00,0.000000000000000000e+00,-1.317177589287334740e+04,-3.010012091855582548e+04,0.000000000000000000e+00,-1.097474467987501479e+00,1.921013909491675609e+00,0.000000000000000000e+00
3.150000000000000000e+04,-1.328117216006579110e+04,-2.990722093773965025e+04,0.000000000000000000e+00,-1.090441180500255847e+00,1.936968610864699514e+00,0.000000000000000000e+00,-1.328117216006442322e+04,-2.990722093774112727e+04,0.000000000000000000e+00,-1.090441180500192564e+00,1.936968610864533868e+00,0.000000000000000000e+00,-1.328117216006580747e+04,-2.990722093773963206e+04,0.000000000000000000e+00,-1.090441180500256069e+00,1.936968610864699292e+00,0.000000000000000000e+00
3.160000000000000000e+04,-1.338986219614990114e+04,-2.971273062968908926e+04,0.000000000000000000e+00,-1.083349908410883078e+00,1.952820313234891358e+00,0.000000000000000000e+00,-1.338986219614851689e+04,-2.971273062969056991e+04,0.000000000000000000e+00,-1.083349908410819129e+00,1.952820313234725491e+00,0.000000000000000000e+00,-1.338986219614990478e+04,-2.971273062968906743e+04,0.000000000000000000e+00,-1.083349908410882634e+00,1.952820313234891358e+00,0.000000000000000000e+00
3.170000000000000000e+04,-1.349784022149388329e+04,-2.951666033649625024e+04,0.000000000000000000e+00,-1.076201028800324533e+00,1.968568173682278655e+00,0.000000000000000000e+00,-1.349784022149247903e+04,-2.951666033649774545e+04,0.000000000000000000e+00,-1.076201028800262138e+00,1.968568173682110123e+00,0.000000000000000000e+00,-1.349784022149387602e+04,-2.951666033649621386e+04,0.000000000000000000e+00,-1.076201028800324977e+00,1.968568173682277545e+00,0.000000000000000000e+00
3.180000000000000000e+04,-1.360510049432737287e+04,-2.931902048426950932e+04,0.000000000000000000e+00,-1.068994921812829624e+00,1.984211354808710581e+00,0.000000000000000000e+00,-1.360510049432595952e+04,-2.931902048427103728e+04,0.000000000000000000e+00,-1.068994921812767007e+00,1.984211354808541827e+00,0.000000000000000000e+00,-1.360510049432735832e+04,-2.931902048426949113e+04,0.000000000000000000e+00,-1.068994921812830068e+00,1.984211354808709693e+00,0.000000000000000000e+00
3.190000000000000000e+04,-1.371163731104673934e+04,-2.911982158257914125e+04,0.000000000000000000e+00,-1.061731970635728217e+00,1.999749024782405016e+00,0.000000000000000000e+00,-1.371163731104535691e+04,-2.911982158258069830e+04,0.000000000000000000e+00,-1.061731970635666045e+00,1.999749024782235818e+00,0.000000000000000000e+00,-1.371163731104675753e+04,-2.911982158257913397e+04,0.000000000000000000e+00,-1.061731970635728661e+00,1.999749024782404350e+00,0.000000000000000000e+00
3.200000000000000000e+04,-1.381744500651853741e+04,-2.891907422389840940e+04,0.000000000000000000e+00,-1.054412561479063370e+00,2.015180357382170939e+00,0.000000000000000000e+00,-1.381744500651710950e+04,-2.891907422390000283e+04,0.000000000000000000e+00,-1.054412561479000976e+00,2.015180357382000409e+00,0.000000000000000000e+00,-1.381744500651851922e+04,-2.891907422389842031e+04,0.000000000000000000e+00,-1.054412561479063370e+00,2.015180357382170495e+00,0.000000000000000000e+00
3.210000000000000000e+04,-1.392251795438033878e+04,-2.871678908304034849e+04,0.000000000000000000e+00,-1.047037083555050430e+00,2.030504532041343069e+00,0.000000000000000000e+00,-1.392251795437893816e+04,-2.871678908304197830e+04,0.000000000000000000e+00,-1.047037083554987369e+00,2.030504532041172538e+00,0.000000000000000000e+00,-1.392251795438034605e+04,-2.871678908304038487e+04,0.000000000000000000e+00,-1.047037083555049763e+00,2.030504532041342625e+00,0.000000000000000000e+00
3.220000000000000000e+04,-1.402685056734044338e+04,-2.851297691659021075e+04,0.000000000000000000e+00,-1.039605929057380251e+00,2.045720733891419840e+00,0.000000000000000000e+00,-1.402685056733903366e+04,-2.851297691659177872e+04,0.000000000000000000e+00,-1.039605929057317857e+00,2.045720733891250642e+00,0.000000000000000000e+00,-1.402685056734044520e+04,-2.851297691659017437e+04,0.000000000000000000e+00,-1.039605929057380029e+00,2.045720733891421617e+00,0.000000000000000000e+00
3.230000000000000000e+04,-1.413043729747459292e+04,-2.830764856233308092e+04,0.000000000000000000e+00,-1.032119493140368327e+00,2.060828153805397633e+00,0.000000000000000000e+00,-1.413043729747316138e+04,-2.830764856233468890e+04,0.000000000000000000e+00,-1.032119493140306599e+00,2.060828153805225771e+00,0.000000000000000000e+00,-1.413043729747458019e+04,-2.830764856233306273e+04,0.000000000000000000e+00,-1.032119493140368327e+00,2.060828153805398522e+00,0.000000000000000000e+00
3.240000000000000000e+04,-1.423327263652109832e+04,-2.810081493867817335e+04,0.000000000000000000e+00,-1.024578173897939148e+00,2.075825988440783476e+00,0.000000000000000000e+00,-1.423327263651967405e+04,-2.810081493867982863e+04,0.000000000000000000e+00,-1.024578173897877198e+00,2.075825988440608949e+00,0.000000000000000000e+00,-1.423327263652109650e+04,-2.810081493867818790e+04,0.000000000000000000e+00,-1.024578173897938926e+00,2.075825988440782144e+00,0.000000000000000000e+00
3.250000000000000000e+04,-1.433535111617382790e+04,-2.789248704407789046e+04,0.000000000000000000e+00,-1.016982372342455143e+00,2.090713440282321756e+00,0.000000000000000000e+00,-1.433535111617241819e+04,-2.789248704407955302e+04,0.000000000000000000e+00,-1.016982372342393637e+00,2.090713440282146784e+00,0.000000000000000000e+00,-1.433535111617384973e+04,-2.789248704407788682e+04,0.000000000000000000e+00,-1.016982372342454921e+00,2.090713440282321312e+00,0.000000000000000000e+00
3.260000000000000000e+04,-1.443666730837292562e+04,-2.768267595644292305e+04,0.000000000000000000e+00,-1.009332492383398616e+00,2.105489717684404738e+00,0.000000000000000000e+00,-1.443666730837150681e+04,-2.768267595644461835e+04,0.000000000000000000e+00,-1.009332492383336888e+00,2.105489717684231099e+00,0.000000000000000000e+00,-1.443666730837294199e+04,-2.768267595644293760e+04,0.000000000000000000e+00,-1.009332492383398172e+00,2.105489717684406070e+00,0.000000000000000000e+00
3.270000000000000000e+04,-1.453721582559337548e+04,-2.747139283255339251e+04,0.000000000000000000e+00,-1.001628940805888046e+00,2.120154034913168672e+00,0.000000000000000000e+00,-1.453721582559196759e+04,-2.747139283255509872e+04,0.000000000000000000e+00,-1.001628940805826318e+00,2.120154034912994145e+00,0.000000000000000000e+00,-1.453721582559340277e+04,-2.747139283255340706e+04,0.000000000000000000e+00,-1.001628940805887602e+00,2.120154034913169561e+00,0.000000000000000000e+00
3.280000000000000000e+04,-1.463699132113165979e+04,-2.725864890746542369e+04,0.000000000000000000e+00,-9.938721272490491643e-01,2.134705612188268375e+00,0.000000000000000000e+00,-1.463699132113021733e+04,-2.725864890746713718e+04,0.000000000000000000e+00,-9.938721272489887681e-01,2.134705612188090296e+00,0.000000000000000000e+00,-1.463699132113166343e+04,-2.725864890746541641e+04,0.000000000000000000e+00,-9.938721272490494973e-01,2.134705612188267487e+00,0.000000000000000000e+00
3.290000000000000000e+04,-1.473598848938985611e+04,-2.704445549391375971e+04,0.000000000000000000e+00,-9.860624641842372640e-01,2.149143675724340952e+00,0.000000000000000000e+00,-1.473598848938837909e+04,-2.704445549391549139e+04,0.000000000000000000e+00,-9.860624641841765348e-01,2.149143675724162872e+00,0.000000000000000000e+00,-1.473598848938982883e+04,-2.704445549391375607e+04,0.000000000000000000e+00,-9.860624641842371529e-01,2.149143675724340952e+00,0.000000000000000000e+00
3.300000000000000000e+04,-1.483420206615787174e+04,-2.682882398171024397e+04,0.000000000000000000e+00,-9.782003668930929763e-01,2.163467457772169311e+00,0.000000000000000000e+00,-1.483420206615641291e+04,-2.682882398171199748e+04,0.000000000000000000e+00,-9.782003668930328022e-01,2.163467457771988123e+00,0.000000000000000000e+00,-1.483420206615786265e+04,-2.682882398171025125e+04,0.000000000000000000e+00,-9.782003668930931983e-01,2.163467457772166203e+00,0.000000000000000000e+00
3.310000000000000000e+04,-1.493162682889350981e+04,-2.661176583713811124e+04,0.000000000000000000e+00,-9.702862534454697041e-01,2.177676196659483310e+00,0.000000000000000000e+00,-1.493162682889203279e+04,-2.661176583713990840e+04,0.000000000000000000e+00,-9.702862534454098631e-01,2.177676196659301677e+00,0.000000000000000000e+00,-1.493162682889349162e+04,-2.661176583713813670e+04,0.000000000000000000e+00,-9.702862534454695931e-01,2.177676196659481533e+00,0.000000000000000000e+00
3.320000000000000000e+04,-1.502825759699987248e+04,-2.639329260234234971e+04,0.000000000000000000e+00,-9.623205446771976312e-01,2.191769136831483777e+00,0.000000000000000000e+00,-1.502825759699842638e+04,-2.639329260234415779e+04,0.000000000000000000e+00,-9.623205446771379012e-01,2.191769136831300813e+00,0.000000000000000000e+00,-1.502825759699988703e+04,-2.639329260234237154e+04,0.000000000000000000e+00,-9.623205446771976312e-01,2.191769136831481113e+00,0.000000000000000000e+00
3.330000000000000000e+04,-1.512408923210120702e+04,-2.617341589471578482e+04,0.000000000000000000e+00,-9.543036641677060672e-01,2.205745528891004170e+00,0.000000000000000000e+00,-1.512408923209973182e+04,-2.617341589471761836e+04,0.000000000000000000e+00,-9.543036641676468923e-01,2.205745528890821205e+00,0.000000000000000000e+00,-1.512408923210120338e+04,-2.617341589471580664e+04,0.000000000000000000e+00,-9.543036641677060672e-01,2.205745528891003282e+00,0.000000000000000000e+00
3.340000000000000000e+04,-1.521911663831573969e+04,-2.595214740628149593e+04,0.000000000000000000e+00,-9.462360382175019069e-01,2.219604629638368465e+00,0.000000000000000000e+00,-1.521911663831426995e+04,-2.595214740628332947e+04,0.000000000000000000e+00,-9.462360382174425100e-01,2.219604629638185944e+00,0.000000000000000000e+00,-1.521911663831574151e+04,-2.595214740628150321e+04,0.000000000000000000e+00,-9.462360382175015738e-01,2.219604629638368021e+00,0.000000000000000000e+00
3.350000000000000000e+04,-1.531333476252698165e+04,-2.572949890307095484e+04,0.000000000000000000e+00,-9.381180958254962121e-01,2.233345702110907993e+00,0.000000000000000000e+00,-1.531333476252552464e+04,-2.572949890307278110e+04,0.000000000000000000e+00,-9.381180958254374813e-01,2.233345702110725917e+00,0.000000000000000000e+00,-1.531333476252699802e+04,-2.572949890307094029e+04,0.000000000000000000e+00,-9.381180958254964342e-01,2.233345702110908881e+00,0.000000000000000000e+00
3.360000000000000000e+04,-1.540673859465232817e+04,-2.550548222449838067e+04,0.000000000000000000e+00,-9.299502686661975659e-01,2.246968015622153203e+00,0.000000000000000000e+00,-1.540673859465083660e+04,-2.550548222450024332e+04,0.000000000000000000e+00,-9.299502686661395012e-01,2.246968015621968906e+00,0.000000000000000000e+00,-1.540673859465232090e+04,-2.550548222449837704e+04,0.000000000000000000e+00,-9.299502686661977879e-01,2.246968015622153203e+00,0.000000000000000000e+00
3.370000000000000000e+04,-1.549932316790931509e+04,-2.528010928273131140e+04,0.000000000000000000e+00,-9.217329910667548809e-01,2.260470845800677253e+00,0.000000000000000000e+00,-1.549932316790782897e+04,-2.528010928273320678e+04,0.000000000000000000e+00,-9.217329910666967052e-01,2.260470845800491624e+00,0.000000000000000000e+00,-1.549932316790931327e+04,-2.528010928273132595e+04,0.000000000000000000e+00,-9.217329910667548809e-01,2.260470845800676365e+00,0.000000000000000000e+00
3.380000000000000000e+04,-1.559108355907999794e+04,-2.505339206205701339e+04,0.000000000000000000e+00,-9.134666999838603196e-01,2.273853474628626969e+00,0.000000000000000000e+00,-1.559108355907850273e+04,-2.505339206205893788e+04,0.000000000000000000e+00,-9.134666999838019219e-01,2.273853474628440896e+00,0.000000000000000000e+00,-1.559108355907998703e+04,-2.505339206205704249e+04,0.000000000000000000e+00,-9.134666999838600976e-01,2.273853474628626081e+00,0.000000000000000000e+00
3.390000000000000000e+04,-1.568201488877253723e+04,-2.482534261824525311e+04,0.000000000000000000e+00,-9.051518349805154351e-01,2.287115190479900306e+00,0.000000000000000000e+00,-1.568201488877104021e+04,-2.482534261824722125e+04,0.000000000000000000e+00,-9.051518349804580366e-01,2.287115190479714233e+00,0.000000000000000000e+00,-1.568201488877253541e+04,-2.482534261824529312e+04,0.000000000000000000e+00,-9.051518349805153241e-01,2.287115190479900750e+00,0.000000000000000000e+00
3.400000000000000000e+04,-1.577211232168076094e+04,-2.459597307790734340e+04,0.000000000000000000e+00,-8.967888382026605321e-01,2.300255288157986300e+00,0.000000000000000000e+00,-1.577211232167926755e+04,-2.459597307790928971e+04,0.000000000000000000e+00,-8.967888382026032446e-01,2.300255288157798894e+00,0.000000000000000000e+00,-1.577211232168076458e+04,-2.459597307790734703e+04,0.000000000000000000e+00,-8.967888382026604210e-01,2.300255288157985856e+00,0.000000000000000000e+00
3.410000000000000000e+04,-1.586137106684129685e+04,-2.436529563785102800e+04,0.000000000000000000e+00,-8.883781543556570348e-01,2.313273068933460408e+00,0.000000000000000000e+00,-1.586137106683977254e+04,-2.436529563785298160e+04,0.000000000000000000e+00,-8.883781543556003024e-01,2.313273068933273002e+00,0.000000000000000000e+00,-1.586137106684127866e+04,-2.436529563785100981e+04,0.000000000000000000e+00,-8.883781543556569238e-01,2.313273068933461740e+00,0.000000000000000000e+00
3.420000000000000000e+04,-1.594978637788820197e+04,-2.413332256443219376e+04,0.000000000000000000e+00,-8.799202306806455098e-01,2.326167840581151225e+00,0.000000000000000000e+00,-1.594978637788666492e+04,-2.413332256443416554e+04,0.000000000000000000e+00,-8.799202306805892215e-01,2.326167840580959822e+00,0.000000000000000000e+00,-1.594978637788817286e+04,-2.413332256443218284e+04,0.000000000000000000e+00,-8.799202306806457319e-01,2.326167840581149004e+00,0.000000000000000000e+00
3.430000000000000000e+04,-1.603735355330545281e+04,-2.390006619290253730e+04,0.000000000000000000e+00,-8.714155169307611359e-01,2.338938917416927055e+00,0.000000000000000000e+00,-1.603735355330396669e+04,-2.390006619290449453e+04,0.000000000000000000e+00,-8.714155169307046256e-01,2.338938917416737873e+00,0.000000000000000000e+00,-1.603735355330547827e+04,-2.390006619290249364e+04,0.000000000000000000e+00,-8.714155169307609139e-01,2.338938917416927499e+00,0.000000000000000000e+00
3.440000000000000000e+04,-1.612406793667713646e+04,-2.366553892675339011e+04,0.000000000000000000e+00,-8.628644653472155035e-01,2.351585620334192939e+00,0.000000000000000000e+00,-1.612406793667561760e+04,-2.366553892675544921e+04,0.000000000000000000e+00,-8.628644653471603254e-01,2.351585620334000204e+00,0.000000000000000000e+00,-1.612406793667713282e+04,-2.366553892675342286e+04,0.000000000000000000e+00,-8.628644653472157255e-01,2.351585620334191162e+00,0.000000000000000000e+00
3.450000000000000000e+04,-1.620992491693461488e+04,-2.342975323705672054e+04,0.000000000000000000e+00,-8.542675306352562892e-01,2.364107276839961358e+00,0.000000000000000000e+00,-1.620992491693307784e+04,-2.342975323705879782e+04,0.000000000000000000e+00,-8.542675306352007780e-01,2.364107276839769511e+00,0.000000000000000000e+00,-1.620992491693459669e+04,-2.342975323705675692e+04,0.000000000000000000e+00,-8.542675306352561782e-01,2.364107276839960914e+00,0.000000000000000000e+00
3.460000000000000000e+04,-1.629491992860205937e+04,-2.319272166180133354e+04,0.000000000000000000e+00,-8.456251699399777166e-01,2.376503221090649376e+00,0.000000000000000000e+00,-1.629491992860053142e+04,-2.319272166180342901e+04,0.000000000000000000e+00,-8.456251699399228716e-01,2.376503221090455309e+00,0.000000000000000000e+00,-1.629491992860205937e+04,-2.319272166180135537e+04,0.000000000000000000e+00,-8.456251699399776056e-01,2.376503221090648044e+00,0.000000000000000000e+00
3.470000000000000000e+04,-1.637904845203920559e+04,-2.295445680522653856e+04,0.000000000000000000e+00,-8.369378428220208832e-01,2.388772793927456561e+00,0.000000000000000000e+00,-1.637904845203765399e+04,-2.295445680522864131e+04,0.000000000000000000e+00,-8.369378428219661492e-01,2.388772793927261606e+00,0.000000000000000000e+00,-1.637904845203918012e+04,-2.295445680522655675e+04,0.000000000000000000e+00,-8.369378428220207722e-01,2.388772793927454785e+00,0.000000000000000000e+00
3.480000000000000000e+04,-1.646230601368146017e+04,-2.271497133715183008e+04,0.000000000000000000e+00,-8.282060112331306456e-01,2.400915342911432049e+00,0.000000000000000000e+00,-1.646230601367993586e+04,-2.271497133715391101e+04,0.000000000000000000e+00,-8.282060112330758006e-01,2.400915342911238870e+00,0.000000000000000000e+00,-1.646230601368146381e+04,-2.271497133715181189e+04,0.000000000000000000e+00,-8.282060112331304236e-01,2.400915342911432493e+00,0.000000000000000000e+00
3.490000000000000000e+04,-1.654468818627811561e+04,-2.247427799230307573e+04,0.000000000000000000e+00,-8.194301394915921577e-01,2.412930222358168564e+00,0.000000000000000000e+00,-1.654468818627658402e+04,-2.247427799230517849e+04,0.000000000000000000e+00,-8.194301394915386449e-01,2.412930222357974941e+00,0.000000000000000000e+00,-1.654468818627811925e+04,-2.247427799230305027e+04,0.000000000000000000e+00,-8.194301394915924908e-01,2.412930222358169896e+00,0.000000000000000000e+00
3.500000000000000000e+04,-1.662619058912745095e+04,-2.223238956963553210e+04,0.000000000000000000e+00,-8.106106942575457275e-01,2.424816793372130519e+00,0.000000000000000000e+00,-1.662619058912592664e+04,-2.223238956963765668e+04,0.000000000000000000e+00,-8.106106942574919927e-01,2.424816793371932455e+00,0.000000000000000000e+00,-1.662619058912745822e+04,-2.223238956963551391e+04,0.000000000000000000e+00,-8.106106942575456165e-01,2.424816793372127854e+00,0.000000000000000000e+00
3.510000000000000000e+04,-1.670680888830988260e+04,-2.198931893165307702e+04,0.000000000000000000e+00,-8.017481445081631186e-01,2.436574423880617957e+00,0.000000000000000000e+00,-1.670680888830836193e+04,-2.198931893165525980e+04,0.000000000000000000e+00,-8.017481445081097169e-01,2.436574423880420781e+00,0.000000000000000000e+00,-1.670680888830989716e+04,-2.198931893165310248e+04,0.000000000000000000e+00,-8.017481445081631186e-01,2.436574423880617069e+00,0.000000000000000000e+00
3.520000000000000000e+04,-1.678653879691837938e+04,-2.174507900372438598e+04,0.000000000000000000e+00,-7.928429615127159380e-01,2.448202488667405419e+00,0.000000000000000000e+00,-1.678653879691682960e+04,-2.174507900372661970e+04,0.000000000000000000e+00,-7.928429615126635355e-01,2.448202488667207355e+00,0.000000000000000000e+00,-1.678653879691837210e+04,-2.174507900372442964e+04,0.000000000000000000e+00,-7.928429615127160490e-01,2.448202488667404086e+00,0.000000000000000000e+00
3.530000000000000000e+04,-1.686537607528630178e+04,-2.149968277339555789e+04,0.000000000000000000e+00,-7.838956188075156817e-01,2.459700369405965148e+00,0.000000000000000000e+00,-1.686537607528475201e+04,-2.149968277339778433e+04,0.000000000000000000e+00,-7.838956188074632792e-01,2.459700369405762643e+00,0.000000000000000000e+00,-1.686537607528629451e+04,-2.149968277339558335e+04,0.000000000000000000e+00,-7.838956188075156817e-01,2.459700369405960263e+00,0.000000000000000000e+00
3.540000000000000000e+04,-1.694331653121302952e+04,-2.125314328969936469e+04,0.000000000000000000e+00,-7.749065921707281035e-01,2.471067454692338572e+00,0.000000000000000000e+00,-1.694331653121147974e+04,-2.125314328970159841e+04,0.000000000000000000e+00,-7.749065921706768112e-01,2.471067454692141840e+00,0.000000000000000000e+00,-1.694331653121302588e+04,-2.125314328969936832e+04,0.000000000000000000e+00,-7.749065921707284366e-01,2.471067454692340348e+00,0.000000000000000000e+00
3.550000000000000000e+04,-1.702035602018679492e+04,-2.100547366246161982e+04,0.000000000000000000e+00,-7.658763595970814464e-01,2.482303140077696924e+00,0.000000000000000000e+00,-1.702035602018522695e+04,-2.100547366246382080e+04,0.000000000000000000e+00,-7.658763595970299320e-01,2.482303140077494419e+00,0.000000000000000000e+00,-1.702035602018677673e+04,-2.100547366246157617e+04,0.000000000000000000e+00,-7.658763595970813354e-01,2.482303140077693815e+00,0.000000000000000000e+00
3.560000000000000000e+04,-1.709649044560498442e+04,-2.075668706160376314e+04,0.000000000000000000e+00,-7.568054012724401147e-01,2.493406828100408035e+00,0.000000000000000000e+00,-1.709649044560345283e+04,-2.075668706160598595e+04,0.000000000000000000e+00,-7.568054012723888224e-01,2.493406828100207306e+00,0.000000000000000000e+00,-1.709649044560500261e+04,-2.075668706160373040e+04,0.000000000000000000e+00,-7.568054012724401147e-01,2.493406828100407591e+00,0.000000000000000000e+00
3.570000000000000000e+04,-1.717171575899224263e+04,-2.050679671644279733e+04,0.000000000000000000e+00,-7.476941995482770942e-01,2.504377928317875757e+00,0.000000000000000000e+00,-1.717171575899068193e+04,-2.050679671644511836e+04,0.000000000000000000e+00,-7.476941995482263570e-01,2.504377928317675028e+00,0.000000000000000000e+00,-1.717171575899223899e+04,-2.050679671644283371e+04,0.000000000000000000e+00,-7.476941995482768721e-01,2.504377928317876201e+00,0.000000000000000000e+00
3.580000000000000000e+04,-1.724602796021537506e+04,-2.025581591498790658e+04,0.000000000000000000e+00,-7.385432389160229150e-01,2.515215857337896210e+00,0.000000000000000000e+00,-1.724602796021381437e+04,-2.025581591499023489e+04,0.000000000000000000e+00,-7.385432389159725108e-01,2.515215857337695482e+00,0.000000000000000000e+00,-1.724602796021537142e+04,-2.025581591498793205e+04,0.000000000000000000e+00,-7.385432389160226929e-01,2.515215857337897098e+00,0.000000000000000000e+00
3.590000000000000000e+04,-1.731942309769635904e+04,-2.000375800323343719e+04,0.000000000000000000e+00,-7.293530059813013722e-01,2.525920038849694294e+00,0.000000000000000000e+00,-1.731942309769480926e+04,-2.000375800323575822e+04,0.000000000000000000e+00,-7.293530059812515232e-01,2.525920038849493565e+00,0.000000000000000000e+00,-1.731942309769636995e+04,-2.000375800323344083e+04,0.000000000000000000e+00,-7.293530059813014832e-01,2.525920038849695626e+00,0.000000000000000000e+00
3.600000000000000000e+04,-1.739189726862238604e+04,-1.975063638444952085e+04,0.000000000000000000e+00,-7.201239894380555562e-01,2.536489903654569389e+00,0.000000000000000000e+00,-1.739189726862082534e+04,-1.975063638445183824e+04,0.000000000000000000e+00,-7.201239894380064843e-01,2.536489903654365996e+00,0.000000000000000000e+00,-1.739189726862239331e+04,-1.975063638444949174e+04,0.000000000000000000e+00,-7.201239894380556672e-01,2.536489903654569389e+00,0.000000000000000000e+00
3.610000000000000000e+04,-1.746344661915331380e+04,-1.949646451846932177e+04,0.000000000000000000e+00,-7.108566800425619725e-01,2.546924889696153826e+00,0.000000000000000000e+00,-1.746344661915174584e+04,-1.949646451847162825e+04,0.000000000000000000e+00,-7.108566800425129006e-01,2.546924889695948213e+00,0.000000000000000000e+00,-1.746344661915331017e+04,-1.949646451846927084e+04,0.000000000000000000e+00,-7.108566800425618615e-01,2.546924889696152494e+00,0.000000000000000000e+00
3.620000000000000000e+04,-1.753406734462667373e+04,-1.924125592097316985e+04,0.000000000000000000e+00,-7.015515705873305308e-01,2.557224442090305416e+00,0.000000000000000000e+00,-1.753406734462511304e+04,-1.924125592097556364e+04,0.000000000000000000e+00,-7.015515705872822361e-01,2.557224442090103356e+00,0.000000000000000000e+00,-1.753406734462668101e+04,-1.924125592097317349e+04,0.000000000000000000e+00,-7.015515705873303087e-01,2.557224442090308525e+00,0.000000000000000000e+00
3.630000000000000000e+04,-1.760375568976000068e+04,-1.898502416277027805e+04,0.000000000000000000e+00,-6.922091558749059459e-01,2.567388013154630499e+00,0.000000000000000000e+00,-1.760375568975843271e+04,-1.898502416277263910e+04,0.000000000000000000e+00,-6.922091558748579843e-01,2.567388013154426663e+00,0.000000000000000000e+00,-1.760375568976000068e+04,-1.898502416277023076e+04,0.000000000000000000e+00,-6.922091558749057238e-01,2.567388013154632720e+00,0.000000000000000000e+00
3.640000000000000000e+04,-1.767250794885045616e+04,-1.872778286907635629e+04,0.000000000000000000e+00,-6.828299326915514555e-01,2.577415062437577120e+00,0.000000000000000000e+00,-1.767250794884888455e+04,-1.872778286907879010e+04,0.000000000000000000e+00,-6.828299326915039380e-01,2.577415062437369730e+00,0.000000000000000000e+00,-1.767250794885045252e+04,-1.872778286907637084e+04,0.000000000000000000e+00,-6.828299326915514555e-01,2.577415062437576232e+00,0.000000000000000000e+00
3.650000000000000000e+04,-1.774032046597191948e+04,-1.846954571878985735e+04,0.000000000000000000e+00,-6.734143997808343940e-01,2.587305056747187137e+00,0.000000000000000000e+00,-1.774032046597035151e+04,-1.846954571879237483e+04,0.000000000000000000e+00,-6.734143997807876536e-01,2.587305056746979304e+00,0.000000000000000000e+00,-1.774032046597192311e+04,-1.846954571878992283e+04,0.000000000000000000e+00,-6.734143997808342830e-01,2.587305056747187137e+00,0.000000000000000000e+00
3.660000000000000000e+04,-1.780718963516940130e+04,-1.821032644376429380e+04,0.000000000000000000e+00,-6.639630578171058506e-01,2.597057470179461092e+00,0.000000000000000000e+00,-1.780718963516782969e+04,-1.821032644376676762e+04,0.000000000000000000e+00,-6.639630578170595543e-01,2.597057470179249261e+00,0.000000000000000000e+00,-1.780718963516940130e+04,-1.821032644376430471e+04,0.000000000000000000e+00,-6.639630578171058506e-01,2.597057470179457539e+00,0.000000000000000000e+00
3.670000000000000000e+04,-1.787311190065077972e+04,-1.795013882807776099e+04,0.000000000000000000e+00,-6.544764093788748571e-01,2.606671784146296744e+00,0.000000000000000000e+00,-1.787311190064919720e+04,-1.795013882808019480e+04,0.000000000000000000e+00,-6.544764093788291159e-01,2.606671784146086246e+00,0.000000000000000000e+00,-1.787311190065076880e+04,-1.795013882807771733e+04,0.000000000000000000e+00,-6.544764093788750792e-01,2.606671784146294968e+00,0.000000000000000000e+00
3.680000000000000000e+04,-1.793808375697582960e+04,-1.768899670730021899e+04,0.000000000000000000e+00,-6.449549589220859858e-01,2.616147487403097216e+00,0.000000000000000000e+00,-1.793808375697425799e+04,-1.768899670730273647e+04,0.000000000000000000e+00,-6.449549589220405776e-01,2.616147487402886274e+00,0.000000000000000000e+00,-1.793808375697583688e+04,-1.768899670730022990e+04,0.000000000000000000e+00,-6.449549589220857637e-01,2.616147487403095884e+00,0.000000000000000000e+00
3.690000000000000000e+04,-1.800210174924274907e+04,-1.742691396775815520e+04,0.000000000000000000e+00,-6.353992127532928080e-01,2.625484076075931483e+00,0.000000000000000000e+00,-1.800210174924118473e+04,-1.742691396776063630e+04,0.000000000000000000e+00,-6.353992127532479550e-01,2.625484076075718765e+00,0.000000000000000000e+00,-1.800210174924276362e+04,-1.742691396775811154e+04,0.000000000000000000e+00,-6.353992127532928080e-01,2.625484076075928819e+00,0.000000000000000000e+00
3.700000000000000000e+04,-1.806516247327177553e+04,-1.716390454579525976e+04,0.000000000000000000e+00,-6.258096790027360967e-01,2.634681053688332497e+00,0.000000000000000000e+00,-1.806516247327019664e+04,-1.716390454579786092e+04,0.000000000000000000e+00,-6.258096790026921319e-01,2.634681053688121111e+00,0.000000000000000000e+00,-1.806516247327177553e+04,-1.716390454579530706e+04,0.000000000000000000e+00,-6.258096790027359857e-01,2.634681053688332053e+00,0.000000000000000000e+00
3.710000000000000000e+04,-1.812726257578618242e+04,-1.689998242703246069e+04,0.000000000000000000e+00,-6.161868675973241061e-01,2.643737931187711609e+00,0.000000000000000000e+00,-1.812726257578460354e+04,-1.689998242703505457e+04,0.000000000000000000e+00,-6.161868675972804743e-01,2.643737931187500223e+00,0.000000000000000000e+00,-1.812726257578618242e+04,-1.689998242703248616e+04,0.000000000000000000e+00,-6.161868675973239950e-01,2.643737931187711609e+00,0.000000000000000000e+00
3.720000000000000000e+04,-1.818839875459068571e+04,-1.663516164562327322e+04,0.000000000000000000e+00,-6.065312902335155965e-01,2.652654226971350226e+00,0.000000000000000000e+00,-1.818839875458911047e+04,-1.663516164562585618e+04,0.000000000000000000e+00,-6.065312902334720757e-01,2.652654226971135731e+00,0.000000000000000000e+00,-1.818839875459068935e+04,-1.663516164562327322e+04,0.000000000000000000e+00,-6.065312902335153744e-01,2.652654226971348006e+00,0.000000000000000000e+00
3.730000000000000000e+04,-1.824856775874696905e+04,-1.636945628350798506e+04,0.000000000000000000e+00,-5.968434603501098223e-01,2.661429466912004216e+00,0.000000000000000000e+00,-1.824856775874540836e+04,-1.636945628351059895e+04,0.000000000000000000e+00,-5.968434603500675228e-01,2.661429466911791941e+00,0.000000000000000000e+00,-1.824856775874699451e+04,-1.636945628350798142e+04,0.000000000000000000e+00,-5.968434603501098223e-01,2.661429466912004660e+00,0.000000000000000000e+00
3.740000000000000000e+04,-1.830776638874661876e+04,-1.610288046966487309e+04,0.000000000000000000e+00,-5.871238931009483686e-01,2.670063184383142385e+00,0.000000000000000000e+00,-1.830776638874506170e+04,-1.610288046966751426e+04,0.000000000000000000e+00,-5.871238931009065132e-01,2.670063184382926558e+00,0.000000000000000000e+00,-1.830776638874664422e+04,-1.610288046966488037e+04,0.000000000000000000e+00,-5.871238931009483686e-01,2.670063184383140165e+00,0.000000000000000000e+00
3.750000000000000000e+04,-1.836599149668117752e+04,-1.583544837935874239e+04,0.000000000000000000e+00,-5.773731053275164005e-01,2.678554920283723106e+00,0.000000000000000000e+00,-1.836599149667960955e+04,-1.583544837936141994e+04,0.000000000000000000e+00,-5.773731053274748781e-01,2.678554920283507279e+00,0.000000000000000000e+00,-1.836599149668119207e+04,-1.583544837935877149e+04,0.000000000000000000e+00,-5.773731053275162894e-01,2.678554920283721330e+00,0.000000000000000000e+00
3.760000000000000000e+04,-1.842323998640957871e+04,-1.556717423338728258e+04,0.000000000000000000e+00,-5.675916155314615352e-01,2.686904223062636987e+00,0.000000000000000000e+00,-1.842323998640798891e+04,-1.556717423338994740e+04,0.000000000000000000e+00,-5.675916155314207900e-01,2.686904223062422048e+00,0.000000000000000000e+00,-1.842323998640958234e+04,-1.556717423338726803e+04,0.000000000000000000e+00,-5.675916155314613132e-01,2.686904223062636987e+00,0.000000000000000000e+00
3.770000000000000000e+04,-1.847950881372275762e+04,-1.529807229732460110e+04,0.000000000000000000e+00,-5.577799438470241178e-01,2.695110648742709003e+00,0.000000000000000000e+00,-1.847950881372116783e+04,-1.529807229732733867e+04,0.000000000000000000e+00,-5.577799438469837057e-01,2.695110648742490955e+00,0.000000000000000000e+00,-1.847950881372275762e+04,-1.529807229732464293e+04,0.000000000000000000e+00,-5.577799438470238957e-01,2.695110648742706783e+00,0.000000000000000000e+00
3.780000000000000000e+04,-1.853479498650558526e+04,-1.502815688076312654e+04,0.000000000000000000e+00,-5.479386120133751259e-01,2.703173760944292070e+00,0.000000000000000000e+00,-1.853479498650400274e+04,-1.502815688076586594e+04,0.000000000000000000e+00,-5.479386120133359350e-01,2.703173760944076243e+00,0.000000000000000000e+00,-1.853479498650559253e+04,-1.502815688076314109e+04,0.000000000000000000e+00,-5.479386120133751259e-01,2.703173760944292958e+00,0.000000000000000000e+00
3.790000000000000000e+04,-1.858909556489594979e+04,-1.475744233655225253e+04,0.000000000000000000e+00,-5.380681433468774699e-01,2.711093130908501792e+00,0.000000000000000000e+00,-1.858909556489436000e+04,-1.475744233655492826e+04,0.000000000000000000e+00,-5.380681433468386121e-01,2.711093130908285076e+00,0.000000000000000000e+00,-1.858909556489594979e+04,-1.475744233655218704e+04,0.000000000000000000e+00,-5.380681433468774699e-01,2.711093130908502236e+00,0.000000000000000000e+00
3.800000000000000000e+04,-1.864240766144101508e+04,-1.448594306003511883e+04,0.000000000000000000e+00,-5.281690627132529237e-01,2.718868337519989353e+00,0.000000000000000000e+00,-1.864240766143944347e+04,-1.448594306003781639e+04,0.000000000000000000e+00,-5.281690627132147320e-01,2.718868337519770417e+00,0.000000000000000000e+00,-1.864240766144103691e+04,-1.448594306003506063e+04,0.000000000000000000e+00,-5.281690627132531457e-01,2.718868337519988021e+00,0.000000000000000000e+00
3.810000000000000000e+04,-1.869472844125094707e+04,-1.421367348828352988e+04,0.000000000000000000e+00,-5.182418964996766686e-01,2.726498967329341383e+00,0.000000000000000000e+00,-1.869472844124934272e+04,-1.421367348828625290e+04,0.000000000000000000e+00,-5.182418964996386990e-01,2.726498967329122891e+00,0.000000000000000000e+00,-1.869472844125094343e+04,-1.421367348828346439e+04,0.000000000000000000e+00,-5.182418964996763355e-01,2.726498967329341383e+00,0.000000000000000000e+00
3.820000000000000000e+04,-1.874605512214938062e+04,-1.394064809932984645e+04,0.000000000000000000e+00,-5.082871725867834645e-01,2.733984614575078353e+00,0.000000000000000000e+00,-1.874605512214776536e+04,-1.394064809933267861e+04,0.000000000000000000e+00,-5.082871725867460500e-01,2.733984614574856753e+00,0.000000000000000000e+00,-1.874605512214936607e+04,-1.394064809932987555e+04,0.000000000000000000e+00,-5.082871725867832424e-01,2.733984614575075245e+00,0.000000000000000000e+00
3.830000000000000000e+04,-1.879638497482161620e+04,-1.366688141139759682e+04,0.000000000000000000e+00,-4.983054203205994348e-01,2.741324881205205344e+00,0.000000000000000000e+00,-1.879638497481998638e+04,-1.366688141140039079e+04,0.000000000000000000e+00,-4.983054203205625199e-01,2.741324881204985964e+00,0.000000000000000000e+00,-1.879638497482159073e+04,-1.366688141139757317e+04,0.000000000000000000e+00,-4.983054203205993238e-01,2.741324881205205344e+00,0.000000000000000000e+00
3.840000000000000000e+04,-1.884571532295958605e+04,-1.339238798212865368e+04,0.000000000000000000e+00,-4.882971704843923622e-01,2.748519376898411082e+00,0.000000000000000000e+00,-1.884571532295798170e+04,-1.339238798213152586e+04,0.000000000000000000e+00,-4.882971704843564464e-01,2.748519376898192146e+00,0.000000000000000000e+00,-1.884571532295958968e+04,-1.339238798212867550e+04,0.000000000000000000e+00,-4.882971704843922511e-01,2.748519376898411970e+00,0.000000000000000000e+00
3.850000000000000000e+04,-1.889404354340434656e+04,-1.311718240781006170e+04,0.000000000000000000e+00,-4.782629552704493747e-01,2.755567719084798028e+00,0.000000000000000000e+00,-1.889404354340273494e+04,-1.311718240781294844e+04,0.000000000000000000e+00,-4.782629552704140141e-01,2.755567719084577316e+00,0.000000000000000000e+00,-1.889404354340434656e+04,-1.311718240781008171e+04,0.000000000000000000e+00,-4.782629552704493747e-01,2.755567719084798028e+00,0.000000000000000000e+00
3.860000000000000000e+04,-1.894136706628536922e+04,-1.284127932259725640e+04,0.000000000000000000e+00,-4.682033082517738087e-01,2.762469532966228769e+00,0.000000000000000000e+00,-1.894136706628373940e+04,-1.284127932260009766e+04,0.000000000000000000e+00,-4.682033082517397249e-01,2.762469532966009833e+00,0.000000000000000000e+00,-1.894136706628535103e+04,-1.284127932259719819e+04,0.000000000000000000e+00,-4.682033082517739753e-01,2.762469532966230990e+00,0.000000000000000000e+00
3.870000000000000000e+04,-1.898768337515727035e+04,-1.256469339773582760e+04,0.000000000000000000e+00,-4.581187643537172338e-01,2.769224451536274501e+00,0.000000000000000000e+00,-1.898768337515563690e+04,-1.256469339773880347e+04,0.000000000000000000e+00,-4.581187643536832610e-01,2.769224451536053788e+00,0.000000000000000000e+00,-1.898768337515724852e+04,-1.256469339773589127e+04,0.000000000000000000e+00,-4.581187643537171783e-01,2.769224451536274945e+00,0.000000000000000000e+00
3.880000000000000000e+04,-1.903299000713365967e+04,-1.228743934078223538e+04,0.000000000000000000e+00,-4.480098598255286557e-01,2.775832115599705219e+00,0.000000000000000000e+00,-1.903299000713203714e+04,-1.228743934078514030e+04,0.000000000000000000e+00,-4.480098598254950160e-01,2.775832115599482730e+00,0.000000000000000000e+00,-1.903299000713364876e+04,-1.228743934078221173e+04,0.000000000000000000e+00,-4.480098598255284892e-01,2.775832115599704331e+00,0.000000000000000000e+00
3.890000000000000000e+04,-1.907728455301810754e+04,-1.200953189482033486e+04,0.000000000000000000e+00,-4.378771322118433229e-01,2.782292173791606871e+00,0.000000000000000000e+00,-1.907728455301648501e+04,-1.200953189482334528e+04,0.000000000000000000e+00,-4.378771322118105713e-01,2.782292173791383050e+00,0.000000000000000000e+00,-1.907728455301810027e+04,-1.200953189482038397e+04,0.000000000000000000e+00,-4.378771322118430454e-01,2.782292173791605538e+00,0.000000000000000000e+00
3.900000000000000000e+04,-1.912056465743220178e+04,-1.173098583767883247e+04,0.000000000000000000e+00,-4.277211203240989246e-01,2.788604282596061523e+00,0.000000000000000000e+00,-1.912056465743056106e+04,-1.173098583768185381e+04,0.000000000000000000e+00,-4.277211203240667281e-01,2.788604282595835926e+00,0.000000000000000000e+00,-1.912056465743217632e+04,-1.173098583767887612e+04,0.000000000000000000e+00,-4.277211203240987580e-01,2.788604282596058859e+00,0.000000000000000000e+00
3.910000000000000000e+04,-1.916282801894075237e+04,-1.145181598114449298e+04,0.000000000000000000e+00,-4.175423642118816225e-01,2.794768106364408311e+00,0.000000000000000000e+00,-1.916282801893914075e+04,-1.145181598114747794e+04,0.000000000000000000e+00,-4.175423642118499257e-01,2.794768106364184490e+00,0.000000000000000000e+00,-1.916282801894075965e+04,-1.145181598114448389e+04,0.000000000000000000e+00,-4.175423642118815115e-01,2.794768106364408311e+00,0.000000000000000000e+00
3.920000000000000000e+04,-1.920407239017440588e+04,-1.117203717017476447e+04,0.000000000000000000e+00,-4.073414051342090225e-01,2.800783317333106481e+00,0.000000000000000000e+00,-1.920407239017277243e+04,-1.117203717017778763e+04,0.000000000000000000e+00,-4.073414051341787689e-01,2.800783317332882216e+00,0.000000000000000000e+00,-1.920407239017439133e+04,-1.117203717017476083e+04,0.000000000000000000e+00,-4.073414051342092446e-01,2.800783317333106481e+00,0.000000000000000000e+00
3.930000000000000000e+04,-1.924429557794879656e+04,-1.089166428210871527e+04,0.000000000000000000e+00,-3.971187855307527492e-01,2.806649595641147243e+00,0.000000000000000000e+00,-1.924429557794717402e+04,-1.089166428211172388e+04,0.000000000000000000e+00,-3.971187855307227177e-01,2.806649595640921646e+00,0.000000000000000000e+00,-1.924429557794879292e+04,-1.089166428210867889e+04,0.000000000000000000e+00,-3.971187855307527492e-01,2.806649595641146355e+00,0.000000000000000000e+00
3.940000000000000000e+04,-1.928349544338151463e+04,-1.061071222587540979e+04,0.000000000000000000e+00,-3.868750489929864145e-01,2.812366629347071267e+00,0.000000000000000000e+00,-1.928349544337986299e+04,-1.061071222587849115e+04,0.000000000000000000e+00,-3.868750489929574377e-01,2.812366629346842561e+00,0.000000000000000000e+00,-1.928349544338148553e+04,-1.061071222587541342e+04,0.000000000000000000e+00,-3.868750489929863035e-01,2.812366629347067715e+00,0.000000000000000000e+00
3.950000000000000000e+04,-1.932166990200555301e+04,-1.032919594120170223e+04,0.000000000000000000e+00,-3.766107402352876221e-01,2.817934114445549199e+00,0.000000000000000000e+00,-1.932166990200389046e+04,-1.032919594120477268e+04,0.000000000000000000e+00,-3.766107402352591449e-01,2.817934114445320493e+00,0.000000000000000000e+00,-1.932166990200551299e+04,-1.032919594120167858e+04,0.000000000000000000e+00,-3.766107402352875111e-01,2.817934114445546090e+00,0.000000000000000000e+00
3.960000000000000000e+04,-1.935881692388033844e+04,-1.004713039781717816e+04,0.000000000000000000e+00,-3.663264050659673643e-01,2.823351754883560716e+00,0.000000000000000000e+00,-1.935881692387868316e+04,-1.004713039782029591e+04,0.000000000000000000e+00,-3.663264050659392201e-01,2.823351754883332454e+00,0.000000000000000000e+00,-1.935881692388030569e+04,-1.004713039781718726e+04,0.000000000000000000e+00,-3.663264050659671422e-01,2.823351754883558495e+00,0.000000000000000000e+00
3.970000000000000000e+04,-1.939493453369959025e+04,-9.764530594658688642e+03,0.000000000000000000e+00,-3.560225903582476814e-01,2.828619262576125948e+00,0.000000000000000000e+00,-1.939493453369798226e+04,-9.764530594661824580e+03,0.000000000000000000e+00,-3.560225903582207585e-01,2.828619262575898574e+00,0.000000000000000000e+00,-1.939493453369960844e+04,-9.764530594658681366e+03,0.000000000000000000e+00,-3.560225903582475149e-01,2.828619262576125504e+00,0.000000000000000000e+00
3.980000000000000000e+04,-1.943002081089653075e+04,-9.481411559072439559e+03,0.000000000000000000e+00,-3.456998440211846990e-01,2.833736357421631880e+00,0.000000000000000000e+00,-1.943002081089489729e+04,-9.481411559075571859e+03,0.000000000000000000e+00,-3.456998440211583312e-01,2.833736357421402285e+00,0.000000000000000000e+00,-1.943002081089652347e+04,-9.481411559072414093e+03,0.000000000000000000e+00,-3.456998440211845880e-01,2.833736357421629659e+00,0.000000000000000000e+00
3.990000000000000000e+04,-1.946407388974563219e+04,-9.197788346014975104e+03,0.000000000000000000e+00,-3.353587149705277159e-01,2.838702767316711117e+00,0.000000000000000000e+00,-1.946407388974401329e+04,-9.197788346018125594e+03,0.000000000000000000e+00,-3.353587149705026249e-01,2.838702767316483744e+00,0.000000000000000000e+00,-1.946407388974563946e+04,-9.197788346014935087e+03,0.000000000000000000e+00,-3.353587149705277159e-01,2.838702767316711117e+00,0.000000000000000000e+00
4.000000000000000000e+04,-1.949709195946223917e+04,-8.913676037252706010e+03,0.000000000000000000e+00,-3.249997530995364370e-01,2.843518228170736961e+00,0.000000000000000000e+00,-1.949709195946060572e+04,-8.913676037255892879e+03,0.000000000000000000e+00,-3.249997530995117900e-01,2.843518228170509587e+00,0.000000000000000000e+00,-1.949709195946223190e+04,-8.913676037252687820e+03,0.000000000000000000e+00,-3.249997530995363815e-01,2.843518228170737849e+00,0.000000000000000000e+00
4.010000000000000000e+04,-1.952907326429858222e+04,-8.629089740559749771e+03,0.000000000000000000e+00,-3.146235092497347008e-01,2.848182483919845964e+00,0.000000000000000000e+00,-1.952907326429693785e+04,-8.629089740563120358e+03,0.000000000000000000e+00,-3.146235092497106089e-01,2.848182483919616370e+00,0.000000000000000000e+00,-1.952907326429856403e+04,-8.629089740559898928e+03,0.000000000000000000e+00,-3.146235092497347008e-01,2.848182483919845076e+00,0.000000000000000000e+00
4.020000000000000000e+04,-1.956001610363723012e+04,-8.344044588915305212e+03,0.000000000000000000e+00,-3.042305351816221304e-01,2.852695286540555486e+00,0.000000000000000000e+00,-1.956001610363562213e+04,-8.344044588918530280e+03,0.000000000000000000e+00,-3.042305351815993153e-01,2.852695286540326780e+00,0.000000000000000000e+00,-1.956001610363724831e+04,-8.344044588915276108e+03,0.000000000000000000e+00,-3.042305351816222414e-01,2.852695286540555930e+00,0.000000000000000000e+00
4.030000000000000000e+04,-1.958991883208166109e+04,-8.058555739697359968e+03,0.000000000000000000e+00,-2.938213835453360456e-01,2.857056396062965575e+00,0.000000000000000000e+00,-1.958991883208003492e+04,-8.058555739700625963e+03,0.000000000000000000e+00,-2.938213835453135081e-01,2.857056396062737313e+00,0.000000000000000000e+00,-1.958991883208166109e+04,-8.058555739697356330e+03,0.000000000000000000e+00,-2.938213835453359901e-01,2.857056396062966908e+00,0.000000000000000000e+00
4.040000000000000000e+04,-1.961877985954345786e+04,-7.772638373878435232e+03,0.000000000000000000e+00,-2.833966078512587528e-01,2.861265580583509660e+00,0.000000000000000000e+00,-1.961877985954183532e+04,-7.772638373881687585e+03,0.000000000000000000e+00,-2.833966078512368258e-01,2.861265580583280066e+00,0.000000000000000000e+00,-1.961877985954346150e+04,-7.772638373878400671e+03,0.000000000000000000e+00,-2.833966078512587528e-01,2.861265580583509660e+00,0.000000000000000000e+00
4.050000000000000000e+04,-1.964659765132714529e+04,-7.486307695217139553e+03,0.000000000000000000e+00,-2.729567624405885296e-01,2.865322616277282464e+00,0.000000000000000000e+00,-1.964659765132550820e+04,-7.486307695220519236e+03,0.000000000000000000e+00,-2.729567624405677684e-01,2.865322616277053314e+00,0.000000000000000000e+00,-1.964659765132713437e+04,-7.486307695217197761e+03,0.000000000000000000e+00,-2.729567624405885296e-01,2.865322616277283796e+00,0.000000000000000000e+00
4.060000000000000000e+04,-1.967337072821159381e+04,-7.199578929450653959e+03,0.000000000000000000e+00,-2.625024024558626490e-01,2.869227287409955807e+00,0.000000000000000000e+00,-1.967337072820996036e+04,-7.199578929453983619e+03,0.000000000000000000e+00,-2.625024024558424429e-01,2.869227287409724436e+00,0.000000000000000000e+00,-1.967337072821158654e+04,-7.199578929450644864e+03,0.000000000000000000e+00,-2.625024024558626490e-01,2.869227287409955363e+00,0.000000000000000000e+00
4.070000000000000000e+04,-1.969909766652880353e+04,-6.912467323484015651e+03,0.000000000000000000e+00,-2.520340838114337734e-01,2.872979386349232556e+00,0.000000000000000000e+00,-1.969909766652719918e+04,-6.912467323487369868e+03,0.000000000000000000e+00,-2.520340838114146220e-01,2.872979386349001185e+00,0.000000000000000000e+00,-1.969909766652882536e+04,-6.912467323483997461e+03,0.000000000000000000e+00,-2.520340838114337179e-01,2.872979386349232556e+00,0.000000000000000000e+00
4.080000000000000000e+04,-1.972377709823963232e+04,-6.624988144580216613e+03,0.000000000000000000e+00,-2.415523631639134861e-01,2.876578713575906221e+00,0.000000000000000000e+00,-1.972377709823802070e+04,-6.624988144583630856e+03,0.000000000000000000e+00,-2.415523631638948898e-01,2.876578713575672186e+00,0.000000000000000000e+00,-1.972377709823964688e+04,-6.624988144580242079e+03,0.000000000000000000e+00,-2.415523631639134583e-01,2.876578713575904445e+00,0.000000000000000000e+00
4.090000000000000000e+04,-1.974740771100640995e+04,-6.337156679548148531e+03,0.000000000000000000e+00,-2.310577978825681944e-01,2.880025077694448044e+00,0.000000000000000000e+00,-1.974740771100476559e+04,-6.337156679551544585e+03,0.000000000000000000e+00,-2.310577978825501533e-01,2.880025077694217561e+00,0.000000000000000000e+00,-1.974740771100638813e+04,-6.337156679548138527e+03,0.000000000000000000e+00,-2.310577978825681666e-01,2.880025077694449820e+00,0.000000000000000000e+00
4.100000000000000000e+04,-1.976998824826269993e+04,-6.048988233929325361e+03,0.000000000000000000e+00,-2.205509460196820593e-01,2.883318295443217494e+00,0.000000000000000000e+00,-1.976998824826109558e+04,-6.048988233932827825e+03,0.000000000000000000e+00,-2.205509460196653226e-01,2.883318295442984791e+00,0.000000000000000000e+00,-1.976998824826271812e+04,-6.048988233929388116e+03,0.000000000000000000e+00,-2.205509460196821148e-01,2.883318295443217938e+00,0.000000000000000000e+00
4.110000000000000000e+04,-1.979151750928041292e+04,-5.760498131184780505e+03,0.000000000000000000e+00,-2.100323662808849523e-01,2.886458191704168286e+00,0.000000000000000000e+00,-1.979151750927881949e+04,-5.760498131188264779e+03,0.000000000000000000e+00,-2.100323662808687430e-01,2.886458191703935139e+00,0.000000000000000000e+00,-1.979151750928043475e+04,-5.760498131184808699e+03,0.000000000000000000e+00,-2.100323662808849523e-01,2.886458191704168730e+00,0.000000000000000000e+00
4.120000000000000000e+04,-1.981199434923336958e+04,-5.471701711879402865e+03,0.000000000000000000e+00,-1.995026179954383361e-01,2.889444599512188461e+00,0.000000000000000000e+00,-1.981199434923173249e+04,-5.471701711882872587e+03,0.000000000000000000e+00,-1.995026179954227097e-01,2.889444599511955758e+00,0.000000000000000000e+00,-1.981199434923334775e+04,-5.471701711879401046e+03,0.000000000000000000e+00,-1.995026179954383638e-01,2.889444599512189349e+00,0.000000000000000000e+00
4.130000000000000000e+04,-1.983141767925809836e+04,-5.182614332866622135e+03,0.000000000000000000e+00,-1.889622610864954977e-01,2.892277360063967961e+00,0.000000000000000000e+00,-1.983141767925650129e+04,-5.182614332870159160e+03,0.000000000000000000e+00,-1.889622610864810648e-01,2.892277360063736147e+00,0.000000000000000000e+00,-1.983141767925811291e+04,-5.182614332866653967e+03,0.000000000000000000e+00,-1.889622610864954977e-01,2.892277360063969738e+00,0.000000000000000000e+00
4.140000000000000000e+04,-1.984978646651218878e+04,-4.893251366472046357e+03,0.000000000000000000e+00,-1.784118560413288090e-01,2.894956322726450537e+00,0.000000000000000000e+00,-1.984978646651056624e+04,-4.893251366475521536e+03,0.000000000000000000e+00,-1.784118560413150145e-01,2.894956322726215170e+00,0.000000000000000000e+00,-1.984978646651217423e+04,-4.893251366471999972e+03,0.000000000000000000e+00,-1.784118560413288090e-01,2.894956322726448761e+00,0.000000000000000000e+00
4.150000000000000000e+04,-1.986709973422865733e+04,-4.603628199675236829e+03,0.000000000000000000e+00,-1.678519638815215709e-01,2.897481345044823797e+00,0.000000000000000000e+00,-1.986709973422705298e+04,-4.603628199678814781e+03,0.000000000000000000e+00,-1.678519638815089421e-01,2.897481345044588874e+00,0.000000000000000000e+00,-1.986709973422866460e+04,-4.603628199675258656e+03,0.000000000000000000e+00,-1.678519638815215431e-01,2.897481345044822909e+00,0.000000000000000000e+00
4.160000000000000000e+04,-1.988335656176836346e+04,-4.313760233292588964e+03,0.000000000000000000e+00,-1.572831461331401504e-01,2.899852292750122018e+00,0.000000000000000000e+00,-1.988335656176672273e+04,-4.313760233296142360e+03,0.000000000000000000e+00,-1.572831461331281044e-01,2.899852292749887095e+00,0.000000000000000000e+00,-1.988335656176833436e+04,-4.313760233292569865e+03,0.000000000000000000e+00,-1.572831461331401226e-01,2.899852292750121130e+00,0.000000000000000000e+00
4.170000000000000000e+04,-1.989855608466852573e+04,-4.023662881157302763e+03,0.000000000000000000e+00,-1.467059647968704805e-01,2.902069039766349334e+00,0.000000000000000000e+00,-1.989855608466692138e+04,-4.023662881160916641e+03,0.000000000000000000e+00,-1.467059647968590730e-01,2.902069039766112635e+00,0.000000000000000000e+00,-1.989855608466853664e+04,-4.023662881157327774e+03,0.000000000000000000e+00,-1.467059647968704805e-01,2.902069039766347114e+00,0.000000000000000000e+00
4.180000000000000000e+04,-1.991269749468917144e+04,-3.733351569300633855e+03,0.000000000000000000e+00,-1.361209823181353529e-01,2.904131468217176604e+00,0.000000000000000000e+00,-1.991269749468755253e+04,-3.733351569304217719e+03,0.000000000000000000e+00,-1.361209823181251943e-01,2.904131468216945233e+00,0.000000000000000000e+00,-1.991269749468916780e+04,-3.733351569300593837e+03,0.000000000000000000e+00,-1.361209823181353251e-01,2.904131468217180156e+00,0.000000000000000000e+00
4.190000000000000000e+04,-1.992578003985568648e+04,-3.442841735130932648e+03,0.000000000000000000e+00,-1.255287615571879511e-01,2.906039468432247475e+00,0.000000000000000000e+00,-1.992578003985404939e+04,-3.442841735134511055e+03,0.000000000000000000e+00,-1.255287615571783755e-01,2.906039468432009887e+00,0.000000000000000000e+00,-1.992578003985566102e+04,-3.442841735130870347e+03,0.000000000000000000e+00,-1.255287615571879234e-01,2.906039468432244810e+00,0.000000000000000000e+00
4.200000000000000000e+04,-1.993780302449897863e+04,-3.152148826613090932e+03,0.000000000000000000e+00,-1.149298657591777406e-01,2.907792938952944439e+00,0.000000000000000000e+00,-1.993780302449736337e+04,-3.152148826616758015e+03,0.000000000000000000e+00,-1.149298657591688311e-01,2.907792938952708628e+00,0.000000000000000000e+00,-1.993780302449897135e+04,-3.152148826613100482e+03,0.000000000000000000e+00,-1.149298657591777545e-01,2.907792938952943995e+00,0.000000000000000000e+00
4.210000000000000000e+04,-1.994876580929261399e+04,-2.861288301447348204e+03,0.000000000000000000e+00,-1.043248585242019244e-01,2.909391786537849356e+00,0.000000000000000000e+00,-1.994876580929095871e+04,-2.861288301450964809e+03,0.000000000000000000e+00,-1.043248585241942500e-01,2.909391786537615765e+00,0.000000000000000000e+00,-1.994876580929257034e+04,-2.861288301447272715e+03,0.000000000000000000e+00,-1.043248585242019244e-01,2.909391786537851576e+00,0.000000000000000000e+00
4.220000000000000000e+04,-1.995866781128640287e+04,-2.570275626246468164e+03,0.000000000000000000e+00,-9.371430377733724892e-02,2.910835926167671062e+00,0.000000000000000000e+00,-1.995866781128481307e+04,-2.570275626250212099e+03,0.000000000000000000e+00,-9.371430377733017125e-02,2.910835926167435694e+00,0.000000000000000000e+00,-1.995866781128642469e+04,-2.570275626246503180e+03,0.000000000000000000e+00,-9.371430377733722117e-02,2.910835926167671506e+00,0.000000000000000000e+00
4.230000000000000000e+04,-1.996750850393800647e+04,-2.279126275714486837e+03,0.000000000000000000e+00,-8.309876573864879989e-02,2.912125281049760872e+00,0.000000000000000000e+00,-1.996750850393640576e+04,-2.279126275718214401e+03,0.000000000000000000e+00,-8.309876573864305449e-02,2.912125281049524173e+00,0.000000000000000000e+00,-1.996750850393801738e+04,-2.279126275714470466e+03,0.000000000000000000e+00,-8.309876573864882765e-02,2.912125281049759984e+00,0.000000000000000000e+00
4.240000000000000000e+04,-1.997528741714035277e+04,-1.987855731822724920e+03,0.000000000000000000e+00,-7.247880889319288644e-02,2.913259782622205307e+00,0.000000000000000000e+00,-1.997528741713872660e+04,-1.987855731826444753e+03,0.000000000000000000e+00,-7.247880889318773778e-02,2.913259782621970828e+00,0.000000000000000000e+00,-1.997528741714033094e+04,-1.987855731822684220e+03,0.000000000000000000e+00,-7.247880889319290032e-02,2.913259782622206640e+00,0.000000000000000000e+00
4.250000000000000000e+04,-1.998200413724686950e+04,-1.696479482987080701e+03,0.000000000000000000e+00,-6.185499796099522274e-02,2.914239370557481834e+00,0.000000000000000000e+00,-1.998200413724526152e+04,-1.696479482990878523e+03,0.000000000000000000e+00,-6.185499796099067776e-02,2.914239370557246911e+00,0.000000000000000000e+00,-1.998200413724686587e+04,-1.696479482987101164e+03,0.000000000000000000e+00,-6.185499796099522274e-02,2.914239370557482278e+00,0.000000000000000000e+00
4.260000000000000000e+04,-1.998765830709363217e+04,-1.405013023244566284e+03,0.000000000000000000e+00,-5.122789786702408588e-02,2.915063992765649203e+00,0.000000000000000000e+00,-1.998765830709200964e+04,-1.405013023248388436e+03,0.000000000000000000e+00,-5.122789786702078990e-02,2.915063992765410728e+00,0.000000000000000000e+00,-1.998765830709361035e+04,-1.405013023244576516e+03,0.000000000000000000e+00,-5.122789786702407200e-02,2.915063992765646539e+00,0.000000000000000000e+00
4.270000000000000000e+04,-1.999224962601804873e+04,-1.113471851428970695e+03,0.000000000000000000e+00,-4.059807371115201069e-02,2.915733605397118566e+00,0.000000000000000000e+00,-1.999224962601644802e+04,-1.113471851432844915e+03,0.000000000000000000e+00,-4.059807371114934615e-02,2.915733605396880090e+00,0.000000000000000000e+00,-1.999224962601804873e+04,-1.113471851429015942e+03,0.000000000000000000e+00,-4.059807371115199681e-02,2.915733605397115902e+00,0.000000000000000000e+00
4.280000000000000000e+04,-1.999577784987515770e+04,-8.218714703471050598e+02,0.000000000000000000e+00,-2.996609073810260759e-02,2.916248172844998265e+00,0.000000000000000000e+00,-1.999577784987354244e+04,-8.218714703509593846e+02,0.000000000000000000e+00,-2.996609073810059531e-02,2.916248172844762898e+00,0.000000000000000000e+00,-1.999577784987514315e+04,-8.218714703471135863e+02,0.000000000000000000e+00,-2.996609073810260065e-02,2.916248172844998710e+00,0.000000000000000000e+00
4.290000000000000000e+04,-1.999824279105031746e+04,-5.302273859540000558e+02,0.000000000000000000e+00,-1.933251430739535426e-02,2.916607667746987431e+00,0.000000000000000000e+00,-1.999824279104872039e+04,-5.302273859579177042e+02,0.000000000000000000e+00,-1.933251430739464649e-02,2.916607667746748955e+00,0.000000000000000000e+00,-1.999824279105032110e+04,-5.302273859540373451e+02,0.000000000000000000e+00,-1.933251430739535426e-02,2.916607667746985211e+00,0.000000000000000000e+00
4.300000000000000000e+04,-1.999964431846945081e+04,-2.385551065289764665e+02,0.000000000000000000e+00,-8.697909863284371268e-03,2.916812070986804173e+00,0.000000000000000000e+00,-1.999964431846785010e+04,-2.385551065328451728e+02,0.000000000000000000e+00,-8.697909863284301879e-03,2.916812070986567917e+00,0.000000000000000000e+00,-1.999964431846944717e+04,-2.385551065289479027e+02,0.000000000000000000e+00,-8.697909863284367799e-03,2.916812070986804173e+00,0.000000000000000000e+00
4.310000000000000000e+04,-1.999998235760579701e+04,5.312985814985586330e+01,0.000000000000000000e+00,1.937157095313874096e-03,2.916861371695240734e+00,0.000000000000000000e+00,-1.999998235760420721e+04,5.312985814585232447e+01,0.000000000000000000e+00,1.937157095312634636e-03,2.916861371695004479e+00,0.000000000000000000e+00,-1.999998235760580064e+04,5.312985814978434007e+01,0.000000000000000000e+00,1.937157095313874096e-03,2.916861371695240734e+00,0.000000000000000000e+00
4.320000000000000000e+04,-1.999925689048404456e+04,3.448119976291200146e+02,0.000000000000000000e+00,1.257212104488590609e-02,2.916755567250714165e+00,0.000000000000000000e+00,-1.999925689048243657e+04,3.448119976252258425e+02,0.000000000000000000e+00,1.257212104488400484e-02,2.916755567250475245e+00,0.000000000000000000e+00,-1.999925689048402637e+04,3.448119976291748117e+02,0.000000000000000000e+00,1.257212104488590783e-02,2.916755567250711501e+00,0.000000000000000000e+00
4.330000000000000000e+04,-1.999746795568111702e+04,6.364758016064879484e+02,0.000000000000000000e+00,2.320641646739776687e-02,2.916494663279408428e+00,0.000000000000000000e+00,-1.999746795567950903e+04,6.364758016025573397e+02,0.000000000000000000e+00,2.320641646739518560e-02,2.916494663279169952e+00,0.000000000000000000e+00,-1.999746795568109883e+04,6.364758016065235324e+02,0.000000000000000000e+00,2.320641646739776687e-02,2.916494663279406208e+00,0.000000000000000000e+00
4.340000000000000000e+04,-1.999461564832428121e+04,9.281057607541442849e+02,0.000000000000000000e+00,3.383947788036463511e-02,2.916078673654986630e+00,0.000000000000000000e+00,-1.999461564832268050e+04,9.281057607501260236e+02,0.000000000000000000e+00,3.383947788036074239e-02,2.916078673654750375e+00,0.000000000000000000e+00,-1.999461564832427030e+04,9.281057607541267771e+02,0.000000000000000000e+00,3.383947788036463511e-02,2.916078673654986630e+00,0.000000000000000000e+00
4.350000000000000000e+04,-1.999070012008599588e+04,1.219686367543996312e+03,0.000000000000000000e+00,4.447073986691868486e-02,2.915507620497852059e+00,0.000000000000000000e+00,-1.999070012008442427e+04,1.219686367539921775e+03,0.000000000000000000e+00,4.447073986691411213e-02,2.915507620497615360e+00,0.000000000000000000e+00,-1.999070012008601043e+04,1.219686367543939468e+03,0.000000000000000000e+00,4.447073986691867098e-02,2.915507620497851615e+00,0.000000000000000000e+00
4.360000000000000000e+04,-1.998572157917596633e+04,1.511202117072301917e+03,0.000000000000000000e+00,5.509963710587911789e-02,2.914781534173958022e+00,0.000000000000000000e+00,-1.998572157917436198e+04,1.511202117068263760e+03,0.000000000000000000e+00,5.509963710587388597e-02,2.914781534173721322e+00,0.000000000000000000e+00,-1.998572157917594450e+04,1.511202117072298734e+03,0.000000000000000000e+00,5.509963710587911789e-02,2.914781534173958022e+00,0.000000000000000000e+00
4.370000000000000000e+04,-1.997968029032976483e+04,1.802637507884355728e+03,0.000000000000000000e+00,6.572560440181154928e-02,2.913900453293209125e+00,0.000000000000000000e+00,-1.997968029032819686e+04,1.802637507880279600e+03,0.000000000000000000e+00,6.572560440180494346e-02,2.913900453292970205e+00,0.000000000000000000e+00,-1.997968029032977574e+04,1.802637507884349361e+03,0.000000000000000000e+00,6.572560440181152153e-02,2.913900453293206905e+00,0.000000000000000000e+00
4.380000000000000000e+04,-1.997257657479521004e+04,2.093977042798243929e+03,0.000000000000000000e+00,7.634807671508023197e-02,2.912864424707393596e+00,0.000000000000000000e+00,-1.997257657479363479e+04,2.093977042794200315e+03,0.000000000000000000e+00,7.634807671507298776e-02,2.912864424707154676e+00,0.000000000000000000e+00,-1.997257657479521004e+04,2.093977042798287130e+03,0.000000000000000000e+00,7.634807671508023197e-02,2.912864424707391375e+00,0.000000000000000000e+00
4.390000000000000000e+04,-1.996441081031487556e+04,2.385205229729588609e+03,0.000000000000000000e+00,8.696648919189925442e-02,2.911673503507707039e+00,0.000000000000000000e+00,-1.996441081031330759e+04,2.385205229725429490e+03,0.000000000000000000e+00,8.696648919189065019e-02,2.911673503507468119e+00,0.000000000000000000e+00,-1.996441081031487920e+04,2.385205229729551320e+03,0.000000000000000000e+00,8.696648919189924054e-02,2.911673503507704375e+00,0.000000000000000000e+00
4.400000000000000000e+04,-1.995518343110624119e+04,2.676306582514487673e+03,0.000000000000000000e+00,9.758027719436307423e-02,2.910327753021810793e+00,0.000000000000000000e+00,-1.995518343110467686e+04,2.676306582510338558e+03,0.000000000000000000e+00,9.758027719435380387e-02,2.910327753021573205e+00,0.000000000000000000e+00,-1.995518343110624846e+04,2.676306582514477668e+03,0.000000000000000000e+00,9.758027719436308811e-02,2.910327753021809460e+00,0.000000000000000000e+00
4.410000000000000000e+04,-1.994489492783852620e+04,2.967265621733909938e+03,0.000000000000000000e+00,1.081888763304764689e-01,2.908827244810474610e+00,0.000000000000000000e+00,-1.994489492783695823e+04,2.967265621729751729e+03,0.000000000000000000e+00,1.081888763304664630e-01,2.908827244810236134e+00,0.000000000000000000e+00,-1.994489492783852620e+04,2.967265621733907665e+03,0.000000000000000000e+00,1.081888763304764411e-01,2.908827244810472834e+00,0.000000000000000000e+00
4.420000000000000000e+04,-1.993354584760661237e+04,3.258066875536285806e+03,0.000000000000000000e+00,1.187917224841637531e-01,2.907172058663757497e+00,0.000000000000000000e+00,-1.993354584760501166e+04,3.258066875532067570e+03,0.000000000000000000e+00,1.187917224841524289e-01,2.907172058663521685e+00,0.000000000000000000e+00,-1.993354584760657599e+04,3.258066875536258067e+03,0.000000000000000000e+00,1.187917224841637531e-01,2.907172058663757941e+00,0.000000000000000000e+00
4.430000000000000000e+04,-1.992113679390182369e+04,3.548694880460156128e+03,0.000000000000000000e+00,1.293882518452644237e-01,2.905362282596783530e+00,0.000000000000000000e+00,-1.992113679390025936e+04,3.548694880455980183e+03,0.000000000000000000e+00,1.293882518452524333e-01,2.905362282596548162e+00,0.000000000000000000e+00,-1.992113679390182006e+04,3.548694880460187960e+03,0.000000000000000000e+00,1.293882518452644792e-01,2.905362282596783974e+00,0.000000000000000000e+00
4.440000000000000000e+04,-1.990766842658017413e+04,3.839134182256937493e+03,0.000000000000000000e+00,1.399779009395177298e-01,2.903398012845045173e+00,0.000000000000000000e+00,-1.990766842657859888e+04,3.839134182252756545e+03,0.000000000000000000e+00,1.399779009395049623e-01,2.903398012844808918e+00,0.000000000000000000e+00,-1.990766842658015958e+04,3.839134182256981148e+03,0.000000000000000000e+00,1.399779009395177021e-01,2.903398012845045173e+00,0.000000000000000000e+00
4.450000000000000000e+04,-1.989314146182689001e+04,4.129369336712290533e+03,0.000000000000000000e+00,1.505601066585232073e-01,2.901279353859290921e+00,0.000000000000000000e+00,-1.989314146182531113e+04,4.129369336708019546e+03,0.000000000000000000e+00,1.505601066585090797e-01,2.901279353859055554e+00,0.000000000000000000e+00,-1.989314146182686454e+04,4.129369336712278709e+03,0.000000000000000000e+00,1.505601066585231795e-01,2.901279353859290921e+00,0.000000000000000000e+00
4.460000000000000000e+04,-1.987755667211848777e+04,4.419384910467197187e+03,0.000000000000000000e+00,1.611343062896829492e-01,2.899006418299975962e+00,0.000000000000000000e+00,-1.987755667211696709e+04,4.419384910463000779e+03,0.000000000000000000e+00,1.611343062896681000e-01,2.899006418299741483e+00,0.000000000000000000e+00,-1.987755667211852051e+04,4.419384910467276313e+03,0.000000000000000000e+00,1.611343062896829215e-01,2.899006418299976851e+00,0.000000000000000000e+00
4.470000000000000000e+04,-1.986091488618191215e+04,4.709165481839503627e+03,0.000000000000000000e+00,1.716999375461280009e-01,2.896579327031268747e+00,0.000000000000000000e+00,-1.986091488618037693e+04,4.709165481835213541e+03,0.000000000000000000e+00,1.716999375461118749e-01,2.896579327031032935e+00,0.000000000000000000e+00,-1.986091488618192307e+04,4.709165481839523636e+03,0.000000000000000000e+00,1.716999375461280286e-01,2.896579327031267859e+00,0.000000000000000000e+00
4.480000000000000000e+04,-1.984321698895006557e+04,4.998695641642843839e+03,0.000000000000000000e+00,1.822564385966135569e-01,2.893998209114617026e+00,0.000000000000000000e+00,-1.984321698894848669e+04,4.998695641638509187e+03,0.000000000000000000e+00,1.822564385965967093e-01,2.893998209114381215e+00,0.000000000000000000e+00,-1.984321698895003283e+04,4.998695641642835653e+03,0.000000000000000000e+00,1.822564385966135569e-01,2.893998209114616138e+00,0.000000000000000000e+00
4.490000000000000000e+04,-1.982446392151489272e+04,5.287959994006785564e+03,0.000000000000000000e+00,1.928032480953983940e-01,2.891263201801894667e+00,0.000000000000000000e+00,-1.982446392151335385e+04,5.287959994002461826e+03,0.000000000000000000e+00,1.928032480953808525e-01,2.891263201801660632e+00,0.000000000000000000e+00,-1.982446392151489999e+04,5.287959994006805573e+03,0.000000000000000000e+00,1.928032480953983940e-01,2.891263201801895111e+00,0.000000000000000000e+00
4.500000000000000000e+04,-1.980465668107761303e+04,5.576943157195404638e+03,0.000000000000000000e+00,2.033398052120932720e-01,2.888374450528104376e+00,0.000000000000000000e+00,-1.980465668107608872e+04,5.576943157191054524e+03,0.000000000000000000e+00,2.033398052120743149e-01,2.888374450527869008e+00,0.000000000000000000e+00,-1.980465668107762758e+04,5.576943157195432832e+03,0.000000000000000000e+00,2.033398052120932442e-01,2.888374450528103043e+00,0.000000000000000000e+00
4.510000000000000000e+04,-1.978379632089534425e+04,5.865629764425044414e+03,0.000000000000000000e+00,2.138655496614808582e-01,2.885332108903629234e+00,0.000000000000000000e+00,-1.978379632089382358e+04,5.865629764420604261e+03,0.000000000000000000e+00,2.138655496614612350e-01,2.885332108903394754e+00,0.000000000000000000e+00,-1.978379632089536244e+04,5.865629764424999848e+03,0.000000000000000000e+00,2.138655496614808860e-01,2.885332108903628345e+00,0.000000000000000000e+00
4.520000000000000000e+04,-1.976188395022528130e+04,6.154004464681318495e+03,0.000000000000000000e+00,2.243799217333135587e-01,2.882136338706082768e+00,0.000000000000000000e+00,-1.976188395022372060e+04,6.154004464676899261e+03,0.000000000000000000e+00,2.243799217332932139e-01,2.882136338705848289e+00,0.000000000000000000e+00,-1.976188395022525583e+04,6.154004464681311219e+03,0.000000000000000000e+00,2.243799217333135587e-01,2.882136338706081435e+00,0.000000000000000000e+00
4.530000000000000000e+04,-1.973892073426549905e+04,6.442051923535938840e+03,0.000000000000000000e+00,2.348823623220738233e-01,2.878787309871693623e+00,0.000000000000000000e+00,-1.973892073426397474e+04,6.442051923531491411e+03,0.000000000000000000e+00,2.348823623220520906e-01,2.878787309871459588e+00,0.000000000000000000e+00,-1.973892073426550633e+04,6.442051923535937021e+03,0.000000000000000000e+00,2.348823623220738233e-01,2.878787309871692734e+00,0.000000000000000000e+00
4.540000000000000000e+04,-1.971490789409339777e+04,6.729756823961564805e+03,0.000000000000000000e+00,2.453723129567031425e-01,2.875285200486278114e+00,0.000000000000000000e+00,-1.971490789409185527e+04,6.729756823957111919e+03,0.000000000000000000e+00,2.453723129566807160e-01,2.875285200486042303e+00,0.000000000000000000e+00,-1.971490789409338686e+04,6.729756823961574810e+03,0.000000000000000000e+00,2.453723129567031147e-01,2.875285200486275450e+00,0.000000000000000000e+00
4.550000000000000000e+04,-1.968984670660033589e+04,7.017103867146593984e+03,0.000000000000000000e+00,2.558492158303034003e-01,2.871630196775754484e+00,0.000000000000000000e+00,-1.968984670659877884e+04,7.017103867142161107e+03,0.000000000000000000e+00,2.558492158302795860e-01,2.871630196775522670e+00,0.000000000000000000e+00,-1.968984670660030315e+04,7.017103867146659468e+03,0.000000000000000000e+00,2.558492158303033448e-01,2.871630196775755817e+00,0.000000000000000000e+00
4.560000000000000000e+04,-1.966373850442390540e+04,7.304077773308730684e+03,0.000000000000000000e+00,2.663125138297932626e-01,2.867822493096269909e+00,0.000000000000000000e+00,-1.966373850442241019e+04,7.304077773304227776e+03,0.000000000000000000e+00,2.663125138297687267e-01,2.867822493096038539e+00,0.000000000000000000e+00,-1.966373850442393086e+04,7.304077773308742508e+03,0.000000000000000000e+00,2.663125138297932071e-01,2.867822493096271685e+00,0.000000000000000000e+00
4.570000000000000000e+04,-1.963658467587732594e+04,7.590663282507099211e+03,0.000000000000000000e+00,2.767616505655373649e-01,2.863862291923837233e+00,0.000000000000000000e+00,-1.963658467587579071e+04,7.590663282502593574e+03,0.000000000000000000e+00,2.767616505655121073e-01,2.863862291923603198e+00,0.000000000000000000e+00,-1.963658467587730775e+04,7.590663282507125587e+03,0.000000000000000000e+00,2.767616505655373649e-01,2.863862291923836345e+00,0.000000000000000000e+00
4.580000000000000000e+04,-1.960838666487505543e+04,7.876845155454182532e+03,0.000000000000000000e+00,2.871960704009306475e-01,2.859749803843573801e+00,0.000000000000000000e+00,-1.960838666487352748e+04,7.876845155449688718e+03,0.000000000000000000e+00,2.871960704009041132e-01,2.859749803843338878e+00,0.000000000000000000e+00,-1.960838666487503724e+04,7.876845155454255291e+03,0.000000000000000000e+00,2.871960704009307030e-01,2.859749803843571136e+00,0.000000000000000000e+00
4.590000000000000000e+04,-1.957914597085650894e+04,8.162608174326014705e+03,0.000000000000000000e+00,2.976152184819429447e-01,2.855485247538510407e+00,0.000000000000000000e+00,-1.957914597085499554e+04,8.162608174321448132e+03,0.000000000000000000e+00,2.976152184819155777e-01,2.855485247538279037e+00,0.000000000000000000e+00,-1.957914597085650530e+04,8.162608174326032895e+03,0.000000000000000000e+00,2.976152184819429447e-01,2.855485247538510851e+00,0.000000000000000000e+00
4.600000000000000000e+04,-1.954886414870611043e+04,8.447937143571150955e+03,0.000000000000000000e+00,3.080185407666271580e-01,2.851068849777970371e+00,0.000000000000000000e+00,-1.954886414870462613e+04,8.447937143566523446e+03,0.000000000000000000e+00,3.080185407665982922e-01,2.851068849777739445e+00,0.000000000000000000e+00,-1.954886414870612862e+04,8.447937143571141860e+03,0.000000000000000000e+00,3.080185407666270470e-01,2.851068849777970815e+00,0.000000000000000000e+00
4.610000000000000000e+04,-1.951754280867072521e+04,8.732816890718997456e+03,0.000000000000000000e+00,3.184054840545760268e-01,2.846500845405490310e+00,0.000000000000000000e+00,-1.951754280866920817e+04,8.732816890714308101e+03,0.000000000000000000e+00,3.184054840545465503e-01,2.846500845405259827e+00,0.000000000000000000e+00,-1.951754280867070338e+04,8.732816890718941067e+03,0.000000000000000000e+00,3.184054840545760268e-01,2.846500845405490754e+00,0.000000000000000000e+00
4.620000000000000000e+04,-1.948518361627374543e+04,9.017232267186453100e+03,0.000000000000000000e+00,3.287754960163438156e-01,2.841781477326346561e+00,0.000000000000000000e+00,-1.948518361627226113e+04,9.017232267181743737e+03,0.000000000000000000e+00,3.287754960163136175e-01,2.841781477326116523e+00,0.000000000000000000e+00,-1.948518361627375270e+04,9.017232267186394893e+03,0.000000000000000000e+00,3.287754960163438711e-01,2.841781477326347449e+00,0.000000000000000000e+00
4.630000000000000000e+04,-1.945178829222696368e+04,9.301168149083561730e+03,0.000000000000000000e+00,3.391280252228139336e-01,2.836910996494637516e+00,0.000000000000000000e+00,-1.945178829222549030e+04,9.301168149078850547e+03,0.000000000000000000e+00,3.391280252227822367e-01,2.836910996494405257e+00,0.000000000000000000e+00,-1.945178829222697823e+04,9.301168149083534445e+03,0.000000000000000000e+00,3.391280252228138226e-01,2.836910996494635739e+00,0.000000000000000000e+00
4.640000000000000000e+04,-1.941735861233875039e+04,9.584609438017592765e+03,0.000000000000000000e+00,3.494625211745192583e-01,2.831889661899928967e+00,0.000000000000000000e+00,-1.941735861233726609e+04,9.584609438012945247e+03,0.000000000000000000e+00,3.494625211744867843e-01,2.831889661899697153e+00,0.000000000000000000e+00,-1.941735861233875039e+04,9.584609438017645516e+03,0.000000000000000000e+00,3.494625211745191473e-01,2.831889661899927191e+00,0.000000000000000000e+00
4.650000000000000000e+04,-1.938189640741967014e+04,9.867541061896248721e+03,0.000000000000000000e+00,3.597784343309196053e-01,2.826717740553498004e+00,0.000000000000000000e+00,-1.938189640741820403e+04,9.867541061891501158e+03,0.000000000000000000e+00,3.597784343308865762e-01,2.826717740553265301e+00,0.000000000000000000e+00,-1.938189640741968469e+04,9.867541061896219617e+03,0.000000000000000000e+00,3.597784343309196609e-01,2.826717740553495339e+00,0.000000000000000000e+00
4.660000000000000000e+04,-1.934540356318527483e+04,1.014994797572831158e+04,0.000000000000000000e+00,3.700752161396221318e-01,2.821395507474118602e+00,0.000000000000000000e+00,-1.934540356318381237e+04,1.014994797572361858e+04,0.000000000000000000e+00,3.700752161395877704e-01,2.821395507473889008e+00,0.000000000000000000e+00,-1.934540356318528211e+04,1.014994797572836978e+04,0.000000000000000000e+00,3.700752161396221873e-01,2.821395507474118158e+00,0.000000000000000000e+00
4.670000000000000000e+04,-1.930788202015569550e+04,1.043181516242481302e+04,0.000000000000000000e+00,3.803523190655480057e-01,2.815923245673456421e+00,0.000000000000000000e+00,-1.930788202015421484e+04,1.043181516242004000e+04,0.000000000000000000e+00,3.803523190655126451e-01,2.815923245673226827e+00,0.000000000000000000e+00,-1.930788202015568095e+04,1.043181516242480757e+04,0.000000000000000000e+00,3.803523190655478392e-01,2.815923245673455533e+00,0.000000000000000000e+00
4.680000000000000000e+04,-1.926933377355244011e+04,1.071312763359653763e+04,0.000000000000000000e+00,3.906091966200520016e-01,2.810301246140994635e+00,0.000000000000000000e+00,-1.926933377355096309e+04,1.071312763359169003e+04,0.000000000000000000e+00,3.906091966200153087e-01,2.810301246140769038e+00,0.000000000000000000e+00,-1.926933377355241828e+04,1.071312763359649034e+04,0.000000000000000000e+00,3.906091966200518906e-01,2.810301246140996856e+00,0.000000000000000000e+00
4.690000000000000000e+04,-1.922976087319236831e+04,1.099387043035152601e+04,0.000000000000000000e+00,4.008453033899785911e-01,2.804529807828593846e+00,0.000000000000000000e+00,-1.922976087319093494e+04,1.099387043034669659e+04,0.000000000000000000e+00,4.008453033899412876e-01,2.804529807828363364e+00,0.000000000000000000e+00,-1.922976087319238286e+04,1.099387043035151510e+04,0.000000000000000000e+00,4.008453033899786466e-01,2.804529807828591181e+00,0.000000000000000000e+00
4.700000000000000000e+04,-1.918916542337881401e+04,1.127402862409065710e+04,0.000000000000000000e+00,4.110600950666680742e-01,2.798609237634543945e+00,0.000000000000000000e+00,-1.918916542337735154e+04,1.127402862408582769e+04,0.000000000000000000e+00,4.110600950666299935e-01,2.798609237634319236e+00,0.000000000000000000e+00,-1.918916542337878855e+04,1.127402862409066438e+04,0.000000000000000000e+00,4.110600950666681297e-01,2.798609237634546165e+00,0.000000000000000000e+00
4.710000000000000000e+04,-1.914754958278924460e+04,1.155358731730119325e+04,0.000000000000000000e+00,4.212530284748980947e-01,2.792539850387314004e+00,0.000000000000000000e+00,-1.914754958278785489e+04,1.155358731729632927e+04,0.000000000000000000e+00,4.212530284748585707e-01,2.792539850387087075e+00,0.000000000000000000e+00,-1.914754958278928825e+04,1.155358731730119689e+04,0.000000000000000000e+00,4.212530284748981502e-01,2.792539850387312672e+00,0.000000000000000000e+00
4.720000000000000000e+04,-1.910491556436120300e+04,1.183253164434910286e+04,0.000000000000000000e+00,4.314235616017658703e-01,2.786321968828744389e+00,0.000000000000000000e+00,-1.910491556435974780e+04,1.183253164434409518e+04,0.000000000000000000e+00,4.314235616017255137e-01,2.786321968828517015e+00,0.000000000000000000e+00,-1.910491556436117753e+04,1.183253164434898099e+04,0.000000000000000000e+00,4.314235616017659258e-01,2.786321968828742168e+00,0.000000000000000000e+00
4.730000000000000000e+04,-1.906126563517370960e+04,1.211084677226911299e+04,0.000000000000000000e+00,4.415711536255135794e-01,2.779955923596922673e+00,0.000000000000000000e+00,-1.906126563517230534e+04,1.211084677226417080e+04,0.000000000000000000e+00,4.415711536254723346e-01,2.779955923596698408e+00,0.000000000000000000e+00,-1.906126563517373143e+04,1.211084677226907115e+04,0.000000000000000000e+00,4.415711536255135239e-01,2.779955923596923117e+00,0.000000000000000000e+00
4.740000000000000000e+04,-1.901660211632764549e+04,1.238851790155441267e+04,0.000000000000000000e+00,4.516952649442844692e-01,2.773442053208601266e+00,0.000000000000000000e+00,-1.901660211632621213e+04,1.238851790154948503e+04,0.000000000000000000e+00,4.516952649442418921e-01,2.773442053208377001e+00,0.000000000000000000e+00,-1.901660211632762730e+04,1.238851790155441813e+04,0.000000000000000000e+00,4.516952649442844692e-01,2.773442053208600822e+00,0.000000000000000000e+00
4.750000000000000000e+04,-1.897092738282156643e+04,1.266553026694274740e+04,0.000000000000000000e+00,4.617953572048154598e-01,2.766780704041181593e+00,0.000000000000000000e+00,-1.897092738282015489e+04,1.266553026693782886e+04,0.000000000000000000e+00,4.617953572047719946e-01,2.766780704040954664e+00,0.000000000000000000e+00,-1.897092738282156643e+04,1.266553026694277651e+04,0.000000000000000000e+00,4.617953572048153488e-01,2.766780704041178041e+00,0.000000000000000000e+00
4.760000000000000000e+04,-1.892424386342594516e+04,1.294186913820198970e+04,0.000000000000000000e+00,4.718708933310673537e-01,2.759972230314293284e+00,0.000000000000000000e+00,-1.892424386342452271e+04,1.294186913819700021e+04,0.000000000000000000e+00,4.718708933310226117e-01,2.759972230314070352e+00,0.000000000000000000e+00,-1.892424386342592334e+04,1.294186913820198242e+04,0.000000000000000000e+00,4.718708933310673537e-01,2.759972230314292840e+00,0.000000000000000000e+00
4.770000000000000000e+04,-1.887655404055365943e+04,1.321751982091309037e+04,0.000000000000000000e+00,4.819213375527802157e-01,2.753016994070982548e+00,0.000000000000000000e+00,-1.887655404055225517e+04,1.321751982090808997e+04,0.000000000000000000e+00,4.819213375527348631e-01,2.753016994070764056e+00,0.000000000000000000e+00,-1.887655404055365216e+04,1.321751982091308855e+04,0.000000000000000000e+00,4.819213375527803267e-01,2.753016994070985657e+00,0.000000000000000000e+00
4.780000000000000000e+04,-1.882786045012823888e+04,1.349246765725186560e+04,0.000000000000000000e+00,4.919461554339672471e-01,2.745915365158445809e+00,0.000000000000000000e+00,-1.882786045012684190e+04,1.349246765724686338e+04,0.000000000000000000e+00,4.919461554339209508e-01,2.745915365158225097e+00,0.000000000000000000e+00,-1.882786045012823524e+04,1.349246765725187652e+04,0.000000000000000000e+00,4.919461554339672471e-01,2.745915365158446697e+00,0.000000000000000000e+00
4.790000000000000000e+04,-1.877816568144888151e+04,1.376669802676833933e+04,0.000000000000000000e+00,5.019448139013307220e-01,2.738667721208351225e+00,0.000000000000000000e+00,-1.877816568144747725e+04,1.376669802676319159e+04,0.000000000000000000e+00,5.019448139012830934e-01,2.738667721208126959e+00,0.000000000000000000e+00,-1.877816568144886332e+04,1.376669802676823565e+04,0.000000000000000000e+00,5.019448139013307220e-01,2.738667721208347672e+00,0.000000000000000000e+00
4.800000000000000000e+04,-1.872747237705273437e+04,1.404019634716352448e+04,0.000000000000000000e+00,5.119167812726077571e-01,2.731274447616765855e+00,0.000000000000000000e+00,-1.872747237705137013e+04,1.404019634715850407e+04,0.000000000000000000e+00,5.119167812725594624e-01,2.731274447616544254e+00,0.000000000000000000e+00,-1.872747237705274893e+04,1.404019634716356268e+04,0.000000000000000000e+00,5.119167812726078681e-01,2.731274447616764522e+00,0.000000000000000000e+00
4.810000000000000000e+04,-1.867578323257461307e+04,1.431294807506637881e+04,0.000000000000000000e+00,5.218615272848463604e-01,2.723735937523681372e+00,0.000000000000000000e+00,-1.867578323257321608e+04,1.431294807506120378e+04,0.000000000000000000e+00,5.218615272847971776e-01,2.723735937523460660e+00,0.000000000000000000e+00,-1.867578323257458760e+04,1.431294807506627876e+04,0.000000000000000000e+00,5.218615272848463604e-01,2.723735937523680040e+00,0.000000000000000000e+00
4.820000000000000000e+04,-1.862310099660322885e+04,1.458493870680517284e+04,0.000000000000000000e+00,5.317785231225993225e-01,2.716052591792081472e+00,0.000000000000000000e+00,-1.862310099660186825e+04,1.458493870680002146e+04,0.000000000000000000e+00,5.317785231225488074e-01,2.716052591791862092e+00,0.000000000000000000e+00,-1.862310099660323613e+04,1.458493870680512919e+04,0.000000000000000000e+00,5.317785231225993225e-01,2.716052591792080584e+00,0.000000000000000000e+00
4.830000000000000000e+04,-1.856942847053555306e+04,1.485615377918037120e+04,0.000000000000000000e+00,5.416672414460437235e-01,2.708224818986643356e+00,0.000000000000000000e+00,-1.856942847053418882e+04,1.485615377917524711e+04,0.000000000000000000e+00,5.416672414459923202e-01,2.708224818986423088e+00,0.000000000000000000e+00,-1.856942847053554942e+04,1.485615377918036938e+04,0.000000000000000000e+00,5.416672414460436125e-01,2.708224818986641136e+00,0.000000000000000000e+00
4.840000000000000000e+04,-1.851476850842742715e+04,1.512657887023291551e+04,0.000000000000000000e+00,5.515271564190251663e-01,2.700253035351995123e+00,0.000000000000000000e+00,-1.851476850842605927e+04,1.512657887022782415e+04,0.000000000000000000e+00,5.515271564189727638e-01,2.700253035351778852e+00,0.000000000000000000e+00,-1.851476850842740896e+04,1.512657887023297917e+04,0.000000000000000000e+00,5.515271564190253883e-01,2.700253035351995567e+00,0.000000000000000000e+00
4.850000000000000000e+04,-1.845912401684196084e+04,1.539619960001134314e+04,0.000000000000000000e+00,5.613577437370174117e-01,2.692137664790610785e+00,0.000000000000000000e+00,-1.845912401684062934e+04,1.539619960000622996e+04,0.000000000000000000e+00,5.613577437369637879e-01,2.692137664790392293e+00,0.000000000000000000e+00,-1.845912401684197539e+04,1.539619960001139953e+04,0.000000000000000000e+00,5.613577437370173007e-01,2.692137664790608564e+00,0.000000000000000000e+00
4.860000000000000000e+04,-1.840249795469510718e+04,1.566500163133634487e+04,0.000000000000000000e+00,5.711584806550016324e-01,2.683879138840229217e+00,0.000000000000000000e+00,-1.840249795469376477e+04,1.566500163133114438e+04,0.000000000000000000e+00,5.711584806549475646e-01,2.683879138840013390e+00,0.000000000000000000e+00,-1.840249795469510354e+04,1.566500163133633032e+04,0.000000000000000000e+00,5.711584806550017435e-01,2.683879138840229217e+00,0.000000000000000000e+00
4.870000000000000000e+04,-1.834489333309803624e+04,1.593297067056305241e+04,0.000000000000000000e+00,5.809288460152675082e-01,2.675477896650946263e+00,0.000000000000000000e+00,-1.834489333309669382e+04,1.593297067055783555e+04,0.000000000000000000e+00,5.809288460152119971e-01,2.675477896650730880e+00,0.000000000000000000e+00,-1.834489333309802532e+04,1.593297067056305423e+04,0.000000000000000000e+00,5.809288460152675082e-01,2.675477896650945375e+00,0.000000000000000000e+00
4.880000000000000000e+04,-1.828631321519723861e+04,1.620009246834140504e+04,0.000000000000000000e+00,5.906683202751197292e-01,2.666934384961834326e+00,0.000000000000000000e+00,-1.828631321519589619e+04,1.620009246833622274e+04,0.000000000000000000e+00,5.906683202750635520e-01,2.666934384961621163e+00,0.000000000000000000e+00,-1.828631321519722405e+04,1.620009246834145597e+04,0.000000000000000000e+00,5.906683202751198403e-01,2.666934384961835214e+00,0.000000000000000000e+00
4.890000000000000000e+04,-1.822676071601154399e+04,1.646635282037383877e+04,0.000000000000000000e+00,6.003763855345114475e-01,2.658249058077206683e+00,0.000000000000000000e+00,-1.822676071601021977e+04,1.646635282036859644e+04,0.000000000000000000e+00,6.003763855344541600e-01,2.658249058076992632e+00,0.000000000000000000e+00,-1.822676071601154399e+04,1.646635282037384241e+04,0.000000000000000000e+00,6.003763855345112255e-01,2.658249058077206239e+00,0.000000000000000000e+00
4.900000000000000000e+04,-1.816623900226654951e+04,1.673173756817018148e+04,0.000000000000000000e+00,6.100525255635791400e-01,2.649422377842437726e+00,0.000000000000000000e+00,-1.816623900226523619e+04,1.673173756816493187e+04,0.000000000000000000e+00,6.100525255635204092e-01,2.649422377842227228e+00,0.000000000000000000e+00,-1.816623900226654951e+04,1.673173756817021058e+04,0.000000000000000000e+00,6.100525255635789179e-01,2.649422377842439502e+00,0.000000000000000000e+00
4.910000000000000000e+04,-1.810475129222616670e+04,1.699623259980115108e+04,0.000000000000000000e+00,6.196962258300942050e-01,2.640454813619435015e+00,0.000000000000000000e+00,-1.810475129222484975e+04,1.699623259979577779e+04,0.000000000000000000e+00,6.196962258300348081e-01,2.640454813619222296e+00,0.000000000000000000e+00,-1.810475129222615942e+04,1.699623259980107105e+04,0.000000000000000000e+00,6.196962258300940940e-01,2.640454813619433683e+00,0.000000000000000000e+00
4.920000000000000000e+04,-1.804230085552149103e+04,1.725982385064783739e+04,0.000000000000000000e+00,6.293069735268266296e-01,2.631346842261645946e+00,0.000000000000000000e+00,-1.804230085552017044e+04,1.725982385064265327e+04,0.000000000000000000e+00,6.293069735267656784e-01,2.631346842261431895e+00,0.000000000000000000e+00,-1.804230085552147284e+04,1.725982385064797927e+04,0.000000000000000000e+00,6.293069735268262965e-01,2.631346842261642394e+00,0.000000000000000000e+00
4.930000000000000000e+04,-1.797889101297693560e+04,1.752249730415135855e+04,0.000000000000000000e+00,6.388842575988076256e-01,2.622098948088719794e+00,0.000000000000000000e+00,-1.797889101297563684e+04,1.752249730414595979e+04,0.000000000000000000e+00,6.388842575987461192e-01,2.622098948088510628e+00,0.000000000000000000e+00,-1.797889101297692832e+04,1.752249730415130034e+04,0.000000000000000000e+00,6.388842575988075145e-01,2.622098948088719794e+00,0.000000000000000000e+00
4.940000000000000000e+04,-1.791452513643371640e+04,1.778423899255564902e+04,0.000000000000000000e+00,6.484275687705116642e-01,2.612711622860768301e+00,0.000000000000000000e+00,-1.791452513643243947e+04,1.778423899255028664e+04,0.000000000000000000e+00,6.484275687704497138e-01,2.612711622860558247e+00,0.000000000000000000e+00,-1.791452513643372731e+04,1.778423899255563811e+04,0.000000000000000000e+00,6.484275687705117752e-01,2.612711622860766969e+00,0.000000000000000000e+00
4.950000000000000000e+04,-1.784920664857051452e+04,1.804503499765257584e+04,0.000000000000000000e+00,6.579363995729345937e-01,2.603185365752178626e+00,0.000000000000000000e+00,-1.784920664856923031e+04,1.804503499764717344e+04,0.000000000000000000e+00,6.579363995728709780e-01,2.603185365751971236e+00,0.000000000000000000e+00,-1.784920664857050724e+04,1.804503499765256129e+04,0.000000000000000000e+00,6.579363995729344827e-01,2.603185365752179070e+00,0.000000000000000000e+00
4.960000000000000000e+04,-1.778293902272134437e+04,1.830487145152065204e+04,0.000000000000000000e+00,6.674102443705747234e-01,2.593520683325110099e+00,0.000000000000000000e+00,-1.778293902272009655e+04,1.830487145151521690e+04,0.000000000000000000e+00,6.674102443705105525e-01,2.593520683324899601e+00,0.000000000000000000e+00,-1.778293902272136620e+04,1.830487145152061566e+04,0.000000000000000000e+00,6.674102443705747234e-01,2.593520683325106546e+00,0.000000000000000000e+00
4.970000000000000000e+04,-1.771572578269115184e+04,1.856373453726287698e+04,0.000000000000000000e+00,6.768485993883279761e-01,2.583718089502514914e+00,0.000000000000000000e+00,-1.771572578268988946e+04,1.856373453725748914e+04,0.000000000000000000e+00,6.768485993882625840e-01,2.583718089502308857e+00,0.000000000000000000e+00,-1.771572578269115547e+04,1.856373453726290245e+04,0.000000000000000000e+00,6.768485993883276430e-01,2.583718089502514914e+00,0.000000000000000000e+00
4.980000000000000000e+04,-1.764757050256809453e+04,1.882161048974166624e+04,0.000000000000000000e+00,6.862509627382689104e-01,2.573778105540856842e+00,0.000000000000000000e+00,-1.764757050256683578e+04,1.882161048973626021e+04,0.000000000000000000e+00,6.862509627382029631e-01,2.573778105540652117e+00,0.000000000000000000e+00,-1.764757050256808725e+04,1.882161048974170626e+04,0.000000000000000000e+00,6.862509627382692434e-01,2.573778105540856842e+00,0.000000000000000000e+00
4.990000000000000000e+04,-1.757847680653372663e+04,1.907848559631040553e+04,0.000000000000000000e+00,6.956168344463442565e-01,2.563701260002357429e+00,0.000000000000000000e+00,-1.757847680653247153e+04,1.907848559630497039e+04,0.000000000000000000e+00,6.956168344462774211e-01,2.563701260002153592e+00,0.000000000000000000e+00,-1.757847680653371935e+04,1.907848559631043099e+04,0.000000000000000000e+00,6.956168344463444786e-01,2.563701260002357873e+00,0.000000000000000000e+00
5.000000000000000000e+04,-1.750844836867018603e+04,1.933434619754290907e+04,0.000000000000000000e+00,7.049457164789560970e-01,2.553488088726901140e+00,0.000000000000000000e+00,-1.750844836866894912e+04,1.933434619753740481e+04,0.000000000000000000e+00,7.049457164788879293e-01,2.553488088726700411e+00,0.000000000000000000e+00,-1.750844836867018239e+04,1.933434619754289452e+04,0.000000000000000000e+00,7.049457164789563191e-01,2.553488088726902916e+00,0.000000000000000000e+00
5.010000000000000000e+04,-1.743748891276487848e+04,1.958917868795950199e+04,0.000000000000000000e+00,7.142371127694446820e-01,2.543139134803549695e+00,0.000000000000000000e+00,-1.743748891276364884e+04,1.958917868795403047e+04,0.000000000000000000e+00,7.142371127693758481e-01,2.543139134803349855e+00,0.000000000000000000e+00,-1.743748891276487848e+04,1.958917868795953109e+04,0.000000000000000000e+00,7.142371127694449040e-01,2.543139134803551915e+00,0.000000000000000000e+00
5.020000000000000000e+04,-1.736560221211242606e+04,1.984296951675089076e+04,0.000000000000000000e+00,7.234905292444699931e-01,2.532654948541651407e+00,0.000000000000000000e+00,-1.736560221211116732e+04,1.984296951674547017e+04,0.000000000000000000e+00,7.234905292443999381e-01,2.532654948541450235e+00,0.000000000000000000e+00,-1.736560221211239332e+04,1.984296951675098171e+04,0.000000000000000000e+00,7.234905292444698821e-01,2.532654948541651851e+00,0.000000000000000000e+00
5.030000000000000000e+04,-1.729279208931387984e+04,2.009570518849859945e+04,0.000000000000000000e+00,7.327054738502813969e-01,2.522036087441577479e+00,0.000000000000000000e+00,-1.729279208931267931e+04,2.009570518849309155e+04,0.000000000000000000e+00,7.327054738502100095e-01,2.522036087441378971e+00,0.000000000000000000e+00,-1.729279208931389439e+04,2.009570518849863583e+04,0.000000000000000000e+00,7.327054738502813969e-01,2.522036087441579255e+00,0.000000000000000000e+00
5.040000000000000000e+04,-1.721906241607389529e+04,2.034737226389220450e+04,0.000000000000000000e+00,7.418814565788829363e-01,2.511283116165095919e+00,0.000000000000000000e+00,-1.721906241607266566e+04,2.034737226388660929e+04,0.000000000000000000e+00,7.418814565788107718e-01,2.511283116164895635e+00,0.000000000000000000e+00,-1.721906241607387710e+04,2.034737226389216448e+04,0.000000000000000000e+00,7.418814565788828252e-01,2.511283116165095031e+00,0.000000000000000000e+00
5.050000000000000000e+04,-1.714441711299424060e+04,2.059795736044441583e+04,0.000000000000000000e+00,7.510179894940920420e-01,2.500396606505315589e+00,0.000000000000000000e+00,-1.714441711299302915e+04,2.059795736043874058e+04,0.000000000000000000e+00,7.510179894940192113e-01,2.500396606505117081e+00,0.000000000000000000e+00,-1.714441711299423332e+04,2.059795736044431032e+04,0.000000000000000000e+00,7.510179894940920420e-01,2.500396606505315589e+00,0.000000000000000000e+00
5.060000000000000000e+04,-1.706886014936579159e+04,2.084744715320243267e+04,0.000000000000000000e+00,7.601145867574841120e-01,2.489377137356306946e+00,0.000000000000000000e+00,-1.706886014936461652e+04,2.084744715319680472e+04,0.000000000000000000e+00,7.601145867574098380e-01,2.489377137356111103e+00,0.000000000000000000e+00,-1.706886014936580978e+04,2.084744715320239993e+04,0.000000000000000000e+00,7.601145867574838899e-01,2.489377137356307834e+00,0.000000000000000000e+00
5.070000000000000000e+04,-1.699239554295735434e+04,2.109582837545691291e+04,0.000000000000000000e+00,7.691707646542251808e-01,2.478225294682310675e+00,0.000000000000000000e+00,-1.699239554295615744e+04,2.109582837545130678e+04,0.000000000000000000e+00,7.691707646541502408e-01,2.478225294682114832e+00,0.000000000000000000e+00,-1.699239554295734706e+04,2.109582837545692018e+04,0.000000000000000000e+00,7.691707646542250698e-01,2.478225294682311564e+00,0.000000000000000000e+00
5.080000000000000000e+04,-1.691502735980179568e+04,2.134308781944698421e+04,0.000000000000000000e+00,7.781860416187984519e-01,2.466941671486573284e+00,0.000000000000000000e+00,-1.691502735980060970e+04,2.134308781944138536e+04,0.000000000000000000e+00,7.781860416187221796e-01,2.466941671486375665e+00,0.000000000000000000e+00,-1.691502735980178477e+04,2.134308781944702787e+04,0.000000000000000000e+00,7.781860416187983409e-01,2.466941671486570176e+00,0.000000000000000000e+00
5.090000000000000000e+04,-1.683675971398010734e+04,2.158921233706286876e+04,0.000000000000000000e+00,7.871599382606060402e-01,2.455526867779809663e+00,0.000000000000000000e+00,-1.683675971397895046e+04,2.158921233705713530e+04,0.000000000000000000e+00,7.871599382605292128e-01,2.455526867779616040e+00,0.000000000000000000e+00,-1.683675971398012189e+04,2.158921233706278508e+04,0.000000000000000000e+00,7.871599382606061512e-01,2.455526867779810107e+00,0.000000000000000000e+00
5.100000000000000000e+04,-1.675759676740257419e+04,2.183418884054443333e+04,0.000000000000000000e+00,7.960919773894663543e-01,2.443981490548324587e+00,0.000000000000000000e+00,-1.675759676740141003e+04,2.183418884053877264e+04,0.000000000000000000e+00,7.960919773893886386e-01,2.443981490548130964e+00,0.000000000000000000e+00,-1.675759676740257419e+04,2.183418884054443333e+04,0.000000000000000000e+00,7.960919773894662432e-01,2.443981490548324143e+00,0.000000000000000000e+00
5.110000000000000000e+04,-1.667754272958732327e+04,2.207800430317822611e+04,0.000000000000000000e+00,8.049816840409849128e-01,2.432306153721700781e+00,0.000000000000000000e+00,-1.667754272958615547e+04,2.207800430317257997e+04,0.000000000000000000e+00,8.049816840409058649e-01,2.432306153721508934e+00,0.000000000000000000e+00,-1.667754272958730508e+04,2.207800430317826977e+04,0.000000000000000000e+00,8.049816840409846908e-01,2.432306153721700337e+00,0.000000000000000000e+00
5.120000000000000000e+04,-1.659660185743658803e+04,2.232064575998933287e+04,0.000000000000000000e+00,8.138285855018105863e-01,2.420501478140177909e+00,0.000000000000000000e+00,-1.659660185743544935e+04,2.232064575998360669e+04,0.000000000000000000e+00,8.138285855017308723e-01,2.420501478139986062e+00,0.000000000000000000e+00,-1.659660185743659531e+04,2.232064575998930741e+04,0.000000000000000000e+00,8.138285855018104753e-01,2.420501478140176577e+00,0.000000000000000000e+00
5.130000000000000000e+04,-1.651477845501042611e+04,2.256210030843090499e+04,0.000000000000000000e+00,8.226322113347763754e-01,2.408568091521621213e+00,0.000000000000000000e+00,-1.651477845500929834e+04,2.256210030842507695e+04,0.000000000000000000e+00,8.226322113346954401e-01,2.408568091521434251e+00,0.000000000000000000e+00,-1.651477845501042975e+04,2.256210030843080312e+04,0.000000000000000000e+00,8.226322113347763754e-01,2.408568091521622989e+00,0.000000000000000000e+00
5.140000000000000000e+04,-1.643207687329771579e+04,2.280235510907025309e+04,0.000000000000000000e+00,8.313920934039096267e-01,2.396506628428170416e+00,0.000000000000000000e+00,-1.643207687329655892e+04,2.280235510906449781e+04,0.000000000000000000e+00,8.313920934038281363e-01,2.396506628427980345e+00,0.000000000000000000e+00,-1.643207687329768305e+04,2.280235510907023854e+04,0.000000000000000000e+00,8.313920934039098487e-01,2.396506628428168195e+00,0.000000000000000000e+00
5.150000000000000000e+04,-1.634850150998473691e+04,2.304139738627208862e+04,0.000000000000000000e+00,8.401077658993307828e-01,2.384317730232453414e+00,0.000000000000000000e+00,-1.634850150998360186e+04,2.304139738626640246e+04,0.000000000000000000e+00,8.401077658992480712e-01,2.384317730232264676e+00,0.000000000000000000e+00,-1.634850150998471872e+04,2.304139738627215411e+04,0.000000000000000000e+00,8.401077658993305608e-01,2.384317730232452082e+00,0.000000000000000000e+00
5.160000000000000000e+04,-1.626405680922153988e+04,2.327921442887751618e+04,0.000000000000000000e+00,8.487787653620180173e-01,2.372002045083521082e+00,0.000000000000000000e+00,-1.626405680922044303e+04,2.327921442887168814e+04,0.000000000000000000e+00,8.487787653619343065e-01,2.372002045083334565e+00,0.000000000000000000e+00,-1.626405680922154716e+04,2.327921442887746889e+04,0.000000000000000000e+00,8.487787653620180173e-01,2.372002045083520638e+00,0.000000000000000000e+00
5.170000000000000000e+04,-1.617874726138550614e+04,2.351579359087947523e+04,0.000000000000000000e+00,8.574046307084550733e-01,2.359560227872364635e+00,0.000000000000000000e+00,-1.617874726138442747e+04,2.351579359087354169e+04,0.000000000000000000e+00,8.574046307083703633e-01,2.359560227872179006e+00,0.000000000000000000e+00,-1.617874726138552433e+04,2.351579359087933699e+04,0.000000000000000000e+00,8.574046307084549623e-01,2.359560227872364191e+00,0.000000000000000000e+00
5.180000000000000000e+04,-1.609257740284258034e+04,2.375112229209567886e+04,0.000000000000000000e+00,8.659849032551485415e-01,2.346992940197091926e+00,0.000000000000000000e+00,-1.609257740284145621e+04,2.375112229208990539e+04,0.000000000000000000e+00,8.659849032550628323e-01,2.346992940196904964e+00,0.000000000000000000e+00,-1.609257740284254578e+04,2.375112229209571524e+04,0.000000000000000000e+00,8.659849032551482084e-01,2.346992940197088817e+00,0.000000000000000000e+00
5.190000000000000000e+04,-1.600555181570585410e+04,2.398518801883817650e+04,0.000000000000000000e+00,8.745191267430181270e-01,2.334300850327737820e+00,0.000000000000000000e+00,-1.600555181570476634e+04,2.398518801883241758e+04,0.000000000000000000e+00,8.745191267429317517e-01,2.334300850327556631e+00,0.000000000000000000e+00,-1.600555181570584136e+04,2.398518801883824926e+04,0.000000000000000000e+00,8.745191267430183490e-01,2.334300850327738708e+00,0.000000000000000000e+00
5.200000000000000000e+04,-1.591767512759233068e+04,2.421797832457767799e+04,0.000000000000000000e+00,8.830068473616599078e-01,2.321484633170760148e+00,0.000000000000000000e+00,-1.591767512759126294e+04,2.421797832457183540e+04,0.000000000000000000e+00,8.830068473615724223e-01,2.321484633170579404e+00,0.000000000000000000e+00,-1.591767512759233068e+04,2.421797832457767436e+04,0.000000000000000000e+00,8.830068473616596858e-01,2.321484633170760592e+00,0.000000000000000000e+00
5.210000000000000000e+04,-1.582895201137651748e+04,2.444948083060584031e+04,0.000000000000000000e+00,8.914476137734754779e-01,2.308544970233112892e+00,0.000000000000000000e+00,-1.582895201137545882e+04,2.444948083059988858e+04,0.000000000000000000e+00,8.914476137733868821e-01,2.308544970232931703e+00,0.000000000000000000e+00,-1.582895201137650838e+04,2.444948083060575300e+04,0.000000000000000000e+00,8.914476137734754779e-01,2.308544970233111115e+00,0.000000000000000000e+00
5.220000000000000000e+04,-1.573938718494202476e+04,2.467968322669330519e+04,0.000000000000000000e+00,8.998409771376731925e-01,2.295482549586026266e+00,0.000000000000000000e+00,-1.573938718494098066e+04,2.467968322668752080e+04,0.000000000000000000e+00,8.998409771375841526e-01,2.295482549585846410e+00,0.000000000000000000e+00,-1.573938718494201930e+04,2.467968322669339977e+04,0.000000000000000000e+00,8.998409771376735256e-01,2.295482549586024934e+00,0.000000000000000000e+00
5.230000000000000000e+04,-1.564898541093070526e+04,2.490857327174546663e+04,0.000000000000000000e+00,9.081864911341375191e-01,2.282298065828419098e+00,0.000000000000000000e+00,-1.564898541092969754e+04,2.490857327173949307e+04,0.000000000000000000e+00,9.081864911340473689e-01,2.282298065828241462e+00,0.000000000000000000e+00,-1.564898541093072890e+04,2.490857327174538659e+04,0.000000000000000000e+00,9.081864911341375191e-01,2.282298065828419098e+00,0.000000000000000000e+00
5.240000000000000000e+04,-1.555775149648949446e+04,2.513613879445136990e+04,0.000000000000000000e+00,9.164837119871585003e-01,2.268992220049961261e+00,0.000000000000000000e+00,-1.555775149648847400e+04,2.513613879444530176e+04,0.000000000000000000e+00,9.164837119870667959e-01,2.268992220049784958e+00,0.000000000000000000e+00,-1.555775149648949446e+04,2.513613879445122438e+04,0.000000000000000000e+00,9.164837119871581672e-01,2.268992220049960817e+00,0.000000000000000000e+00
5.250000000000000000e+04,-1.546569029301455885e+04,2.536236769393237773e+04,0.000000000000000000e+00,9.247321984890302105e-01,2.255565719793789725e+00,0.000000000000000000e+00,-1.546569029301353839e+04,2.536236769392639690e+04,0.000000000000000000e+00,9.247321984889381730e-01,2.255565719793613422e+00,0.000000000000000000e+00,-1.546569029301454975e+04,2.536236769393232680e+04,0.000000000000000000e+00,9.247321984890302105e-01,2.255565719793787949e+00,0.000000000000000000e+00
5.260000000000000000e+04,-1.537280669589349418e+04,2.558724794038559776e+04,0.000000000000000000e+00,9.329315120235168735e-01,2.242019279018883537e+00,0.000000000000000000e+00,-1.537280669589250829e+04,2.558724794037964602e+04,0.000000000000000000e+00,9.329315120234238368e-01,2.242019279018709010e+00,0.000000000000000000e+00,-1.537280669589351055e+04,2.558724794038559048e+04,0.000000000000000000e+00,9.329315120235166514e-01,2.242019279018882649e+00,0.000000000000000000e+00
5.270000000000000000e+04,-1.527910564424507902e+04,2.581076757572288625e+04,0.000000000000000000e+00,9.410812165891706549e-01,2.228353618062106634e+00,0.000000000000000000e+00,-1.527910564424408403e+04,2.581076757571702910e+04,0.000000000000000000e+00,9.410812165890763970e-01,2.228353618061933883e+00,0.000000000000000000e+00,-1.527910564424506993e+04,2.581076757572300266e+04,0.000000000000000000e+00,9.410812165891704328e-01,2.228353618062106190e+00,0.000000000000000000e+00
5.280000000000000000e+04,-1.518459212065636530e+04,2.603291471420752350e+04,0.000000000000000000e+00,9.491808788225175597e-01,2.214569463599900701e+00,0.000000000000000000e+00,-1.518459212065539941e+04,2.603291471420151720e+04,0.000000000000000000e+00,9.491808788224230797e-01,2.214569463599727062e+00,0.000000000000000000e+00,-1.518459212065637439e+04,2.603291471420750167e+04,0.000000000000000000e+00,9.491808788225178928e-01,2.214569463599898036e+00,0.000000000000000000e+00
5.290000000000000000e+04,-1.508927115091803716e+04,2.625367754308518488e+04,0.000000000000000000e+00,9.572300680211069945e-01,2.200667548609631652e+00,0.000000000000000000e+00,-1.508927115091707856e+04,2.625367754307908399e+04,0.000000000000000000e+00,9.572300680210104051e-01,2.200667548609461566e+00,0.000000000000000000e+00,-1.508927115091803716e+04,2.625367754308509393e+04,0.000000000000000000e+00,9.572300680211065504e-01,2.200667548609630320e+00,0.000000000000000000e+00
5.300000000000000000e+04,-1.499314780375694681e+04,2.647304432321281638e+04,0.000000000000000000e+00,9.652283561664036782e-01,2.186648612330635899e+00,0.000000000000000000e+00,-1.499314780375598457e+04,2.647304432320687192e+04,0.000000000000000000e+00,9.652283561663066447e-01,2.186648612330469366e+00,0.000000000000000000e+00,-1.499314780375693590e+04,2.647304432321288914e+04,0.000000000000000000e+00,9.652283561664034561e-01,2.186648612330637231e+00,0.000000000000000000e+00
5.310000000000000000e+04,-1.489622719056661299e+04,2.669100338968355209e+04,0.000000000000000000e+00,9.731753179465592041e-01,2.172513400224897140e+00,0.000000000000000000e+00,-1.489622719056568894e+04,2.669100338967741482e+04,0.000000000000000000e+00,9.731753179464615044e-01,2.172513400224731051e+00,0.000000000000000000e+00,-1.489622719056663118e+04,2.669100338968344658e+04,0.000000000000000000e+00,9.731753179465590931e-01,2.172513400224897140e+00,0.000000000000000000e+00
5.320000000000000000e+04,-1.479851446513559495e+04,2.690754315244487952e+04,0.000000000000000000e+00,9.810705307790215102e-01,2.158262663937399850e+00,0.000000000000000000e+00,-1.479851446513467454e+04,2.690754315243892779e+04,0.000000000000000000e+00,9.810705307789229224e-01,2.158262663937235537e+00,0.000000000000000000e+00,-1.479851446513560222e+04,2.690754315244498866e+04,0.000000000000000000e+00,9.810705307790218432e-01,2.158262663937399850e+00,0.000000000000000000e+00
5.330000000000000000e+04,-1.470001482337321795e+04,2.712265209691761993e+04,0.000000000000000000e+00,9.889135748330075693e-01,2.143897161256177242e+00,0.000000000000000000e+00,-1.470001482337227390e+04,2.712265209691162090e+04,0.000000000000000000e+00,9.889135748329079822e-01,2.143897161256013817e+00,0.000000000000000000e+00,-1.470001482337319067e+04,2.712265209691769269e+04,0.000000000000000000e+00,9.889135748330075693e-01,2.143897161256177242e+00,0.000000000000000000e+00
5.340000000000000000e+04,-1.460073350303330517e+04,2.733631878460606094e+04,0.000000000000000000e+00,9.967040330518268654e-01,2.129417656072002174e+00,0.000000000000000000e+00,-1.460073350303237748e+04,2.733631878459996369e+04,0.000000000000000000e+00,9.967040330517269453e-01,2.129417656071839637e+00,0.000000000000000000e+00,-1.460073350303328516e+04,2.733631878460604639e+04,0.000000000000000000e+00,9.967040330518271984e-01,2.129417656072001730e+00,0.000000000000000000e+00
5.350000000000000000e+04,-1.450067578343581408e+04,2.754853185370715801e+04,0.000000000000000000e+00,1.004441491175063206e+00,2.114824918337768977e+00,0.000000000000000000e+00,-1.450067578343491732e+04,2.754853185370096253e+04,0.000000000000000000e+00,1.004441491174960843e+00,2.114824918337610438e+00,0.000000000000000000e+00,-1.450067578343580863e+04,2.754853185370707070e+04,0.000000000000000000e+00,1.004441491175062540e+00,2.114824918337770310e+00,0.000000000000000000e+00
5.360000000000000000e+04,-1.439984698518604273e+04,2.775928001971449703e+04,0.000000000000000000e+00,1.012125537760592664e+00,2.100119724027566193e+00,0.000000000000000000e+00,-1.439984698518513324e+04,2.775928001970831247e+04,0.000000000000000000e+00,1.012125537760490079e+00,2.100119724027406320e+00,0.000000000000000000e+00,-1.439984698518601726e+04,2.775928001971442791e+04,0.000000000000000000e+00,1.012125537760592442e+00,2.100119724027565304e+00,0.000000000000000000e+00
5.370000000000000000e+04,-1.429825246989153675e+04,2.796855207601853181e+04,0.000000000000000000e+00,1.019755764206476290e+00,2.085302855095383379e+00,0.000000000000000000e+00,-1.429825246989065636e+04,2.796855207601244911e+04,0.000000000000000000e+00,1.019755764206372595e+00,2.085302855095225727e+00,0.000000000000000000e+00,-1.429825246989152402e+04,2.796855207601859001e+04,0.000000000000000000e+00,1.019755764206476067e+00,2.085302855095382490e+00,0.000000000000000000e+00
5.380000000000000000e+04,-1.419589763987727929e+04,2.817633689450263046e+04,0.000000000000000000e+00,1.027331764772675626e+00,2.070375099433562127e+00,0.000000000000000000e+00,-1.419589763987638798e+04,2.817633689449648227e+04,0.000000000000000000e+00,1.027331764772571487e+00,2.070375099433405808e+00,0.000000000000000000e+00,-1.419589763987724655e+04,2.817633689450263410e+04,0.000000000000000000e+00,1.027331764772675626e+00,2.070375099433561239e+00,0.000000000000000000e+00
5.390000000000000000e+04,-1.409278793789808697e+04,2.838262342613423243e+04,0.000000000000000000e+00,1.034853136602635448e+00,2.055337250830879370e+00,0.000000000000000000e+00,-1.409278793789724477e+04,2.838262342612792781e+04,0.000000000000000000e+00,1.034853136602530865e+00,2.055337250830724827e+00,0.000000000000000000e+00,-1.409278793789809424e+04,2.838262342613409055e+04,0.000000000000000000e+00,1.034853136602635670e+00,2.055337250830878926e+00,0.000000000000000000e+00
5.400000000000000000e+04,-1.398892884684955061e+04,2.858740070155239664e+04,0.000000000000000000e+00,1.042319479744703514e+00,2.040190108930342916e+00,0.000000000000000000e+00,-1.398892884684873025e+04,2.858740070154624118e+04,0.000000000000000000e+00,1.042319479744597377e+00,2.040190108930192814e+00,0.000000000000000000e+00,-1.398892884684956698e+04,2.858740070155242938e+04,0.000000000000000000e+00,1.042319479744703514e+00,2.040190108930344692e+00,0.000000000000000000e+00
5.410000000000000000e+04,-1.388432588947622571e+04,2.879065783165232278e+04,0.000000000000000000e+00,1.049730397173394891e+00,2.024934479186683234e+00,0.000000000000000000e+00,-1.388432588947538170e+04,2.879065783164611639e+04,0.000000000000000000e+00,1.049730397173288088e+00,2.024934479186530911e+00,0.000000000000000000e+00,-1.388432588947620752e+04,2.879065783165231915e+04,0.000000000000000000e+00,1.049730397173394891e+00,2.024934479186681457e+00,0.000000000000000000e+00
5.420000000000000000e+04,-1.377898462807790202e+04,2.899238400816277135e+04,0.000000000000000000e+00,1.057085494810509729e+00,2.009571172823489960e+00,0.000000000000000000e+00,-1.377898462807709257e+04,2.899238400815652858e+04,0.000000000000000000e+00,1.057085494810401816e+00,2.009571172823339413e+00,0.000000000000000000e+00,-1.377898462807790747e+04,2.899238400816274225e+04,0.000000000000000000e+00,1.057085494810509507e+00,2.009571172823488627e+00,0.000000000000000000e+00
5.430000000000000000e+04,-1.367291066421412688e+04,2.919256850422162097e+04,0.000000000000000000e+00,1.064384381546084057e+00,1.994101006790112152e+00,0.000000000000000000e+00,-1.367291066421334290e+04,2.919256850421546187e+04,0.000000000000000000e+00,1.064384381545975700e+00,1.994101006789962272e+00,0.000000000000000000e+00,-1.367291066421414325e+04,2.919256850422169737e+04,0.000000000000000000e+00,1.064384381546084279e+00,1.994101006790109487e+00,0.000000000000000000e+00
5.440000000000000000e+04,-1.356610963840612385e+04,2.939120067494665273e+04,0.000000000000000000e+00,1.071626669259190479e+00,1.978524803718192615e+00,0.000000000000000000e+00,-1.356610963840532713e+04,2.939120067494030809e+04,0.000000000000000000e+00,1.071626669259081233e+00,1.978524803718044733e+00,0.000000000000000000e+00,-1.356610963840611657e+04,2.939120067494655086e+04,0.000000000000000000e+00,1.071626669259190257e+00,1.978524803718190839e+00,0.000000000000000000e+00
5.450000000000000000e+04,-1.345858722983679036e+04,2.958826995800028089e+04,0.000000000000000000e+00,1.078811972838573219e+00,1.962843391877932220e+00,0.000000000000000000e+00,-1.345858722983602092e+04,2.958826995799391443e+04,0.000000000000000000e+00,1.078811972838462863e+00,1.962843391877789889e+00,0.000000000000000000e+00,-1.345858722983679399e+04,2.958826995800017903e+04,0.000000000000000000e+00,1.078811972838573219e+00,1.962843391877933774e+00,0.000000000000000000e+00
5.460000000000000000e+04,-1.335034915604897833e+04,2.978376587415253744e+04,0.000000000000000000e+00,1.085939910203128633e+00,1.947057605134057567e+00,0.000000000000000000e+00,-1.335034915604818889e+04,2.978376587414624737e+04,0.000000000000000000e+00,1.085939910203017833e+00,1.947057605133914571e+00,0.000000000000000000e+00,-1.335034915604895104e+04,2.978376587415251925e+04,0.000000000000000000e+00,1.085939910203128855e+00,1.947057605134057123e+00,0.000000000000000000e+00
5.470000000000000000e+04,-1.324140117264111177e+04,2.997767802783800289e+04,0.000000000000000000e+00,1.093010102322224064e+00,1.931168282901451150e+00,0.000000000000000000e+00,-1.324140117264034961e+04,2.997767802783162188e+04,0.000000000000000000e+00,1.093010102322112154e+00,1.931168282901308819e+00,0.000000000000000000e+00,-1.324140117264110086e+04,2.997767802783790466e+04,0.000000000000000000e+00,1.093010102322224064e+00,1.931168282901450262e+00,0.000000000000000000e+00
5.480000000000000000e+04,-1.313174907296145102e+04,3.016999610770773143e+04,0.000000000000000000e+00,1.100022173235849277e+00,1.915176270100538147e+00,0.000000000000000000e+00,-1.313174907296071979e+04,3.016999610770149593e+04,0.000000000000000000e+00,1.100022173235735590e+00,1.915176270100399369e+00,0.000000000000000000e+00,-1.313174907296145466e+04,3.016999610770780419e+04,0.000000000000000000e+00,1.100022173235848832e+00,1.915176270100538591e+00,0.000000000000000000e+00
5.490000000000000000e+04,-1.302139868779988319e+04,3.036070988717908040e+04,0.000000000000000000e+00,1.106975750074608911e+00,1.899082417112358812e+00,0.000000000000000000e+00,-1.302139868779915560e+04,3.036070988717277578e+04,0.000000000000000000e+00,1.106975750074494780e+00,1.899082417112221588e+00,0.000000000000000000e+00,-1.302139868779988137e+04,3.036070988717908767e+04,0.000000000000000000e+00,1.106975750074608467e+00,1.899082417112359700e+00,0.000000000000000000e+00
5.500000000000000000e+04,-1.291035588507782086e+04,3.054980922497797292e+04,0.000000000000000000e+00,1.113870463079553286e+00,1.882887579733335315e+00,0.000000000000000000e+00,-1.291035588507709508e+04,3.054980922497161373e+04,0.000000000000000000e+00,1.113870463079438933e+00,1.882887579733198313e+00,0.000000000000000000e+00,-1.291035588507780267e+04,3.054980922497794745e+04,0.000000000000000000e+00,1.113870463079553508e+00,1.882887579733333983e+00,0.000000000000000000e+00
5.510000000000000000e+04,-1.279862656953623809e+04,3.073728406567906495e+04,0.000000000000000000e+00,1.120705945621838229e+00,1.866592619129770370e+00,0.000000000000000000e+00,-1.279862656953552505e+04,3.073728406567268030e+04,0.000000000000000000e+00,1.120705945621723210e+00,1.866592619129634478e+00,0.000000000000000000e+00,-1.279862656953623082e+04,3.073728406567901402e+04,0.000000000000000000e+00,1.120705945621838229e+00,1.866592619129770148e+00,0.000000000000000000e+00
5.520000000000000000e+04,-1.268621668242168380e+04,3.092312444024020806e+04,0.000000000000000000e+00,1.127481834222220591e+00,1.850198401792054526e+00,0.000000000000000000e+00,-1.268621668242100350e+04,3.092312444023387070e+04,0.000000000000000000e+00,1.127481834222104240e+00,1.850198401791923519e+00,0.000000000000000000e+00,-1.268621668242169108e+04,3.092312444024022625e+04,0.000000000000000000e+00,1.127481834222220369e+00,1.850198401792056746e+00,0.000000000000000000e+00
5.530000000000000000e+04,-1.257313220117037417e+04,3.110732046653283760e+04,0.000000000000000000e+00,1.134197768570384568e+00,1.833705799488603461e+00,0.000000000000000000e+00,-1.257313220116972298e+04,3.110732046652639474e+04,0.000000000000000000e+00,1.134197768570267106e+00,1.833705799488470900e+00,0.000000000000000000e+00,-1.257313220117039418e+04,3.110732046653276848e+04,0.000000000000000000e+00,1.134197768570384346e+00,1.833705799488601906e+00,0.000000000000000000e+00
5.540000000000000000e+04,-1.245937913909034978e+04,3.128986234986654017e+04,0.000000000000000000e+00,1.140853391544104145e+00,1.817115689219470198e+00,0.000000000000000000e+00,-1.245937913908966584e+04,3.128986234986028285e+04,0.000000000000000000e+00,1.140853391543986683e+00,1.817115689219338748e+00,0.000000000000000000e+00,-1.245937913909033159e+04,3.128986234986665659e+04,0.000000000000000000e+00,1.140853391544104367e+00,1.817115689219469532e+00,0.000000000000000000e+00
5.550000000000000000e+04,-1.234496354504147894e+04,3.147074038351152558e+04,0.000000000000000000e+00,1.147448349228235465e+00,1.800428953169737056e+00,0.000000000000000000e+00,-1.234496354504083502e+04,3.147074038350520277e+04,0.000000000000000000e+00,1.147448349228116671e+00,1.800428953169609603e+00,0.000000000000000000e+00,-1.234496354504148258e+04,3.147074038351159106e+04,0.000000000000000000e+00,1.147448349228235465e+00,1.800428953169738167e+00,0.000000000000000000e+00
5.560000000000000000e+04,-1.222989150311425328e+04,3.164994494921294972e+04,0.000000000000000000e+00,1.153982290933528887e+00,1.783646478662605617e+00,0.000000000000000000e+00,-1.222989150311361300e+04,3.164994494920663419e+04,0.000000000000000000e+00,1.153982290933409205e+00,1.783646478662477275e+00,0.000000000000000000e+00,-1.222989150311424237e+04,3.164994494921304431e+04,0.000000000000000000e+00,1.153982290933529109e+00,1.783646478662603618e+00,0.000000000000000000e+00
5.570000000000000000e+04,-1.211416913230581849e+04,3.182746651770372409e+04,0.000000000000000000e+00,1.160454869215284290e+00,1.766769158112186489e+00,0.000000000000000000e+00,-1.211416913230523278e+04,3.182746651769731761e+04,0.000000000000000000e+00,1.160454869215162832e+00,1.766769158112062144e+00,0.000000000000000000e+00,-1.211416913230584578e+04,3.182746651770374956e+04,0.000000000000000000e+00,1.160454869215284068e+00,1.766769158112186044e+00,0.000000000000000000e+00
5.580000000000000000e+04,-1.199780258619501546e+04,3.200329564921034034e+04,0.000000000000000000e+00,1.166865739891820741e+00,1.749797888976081239e+00,0.000000000000000000e+00,-1.199780258619440247e+04,3.200329564920397024e+04,0.000000000000000000e+00,1.166865739891698839e+00,1.749797888975957116e+00,0.000000000000000000e+00,-1.199780258619501001e+04,3.200329564921040219e+04,0.000000000000000000e+00,1.166865739891820519e+00,1.749797888976080573e+00,0.000000000000000000e+00
5.590000000000000000e+04,-1.188079805261468573e+04,3.217742299395566806e+04,0.000000000000000000e+00,1.173214562062784516e+00,1.732733573707626817e+00,0.000000000000000000e+00,-1.188079805261408001e+04,3.217742299394926522e+04,0.000000000000000000e+00,1.173214562062662170e+00,1.732733573707505137e+00,0.000000000000000000e+00,-1.188079805261467118e+04,3.217742299395571172e+04,0.000000000000000000e+00,1.173214562062784738e+00,1.732733573707626373e+00,0.000000000000000000e+00
5.600000000000000000e+04,-1.176316175332304556e+04,3.234983929265534971e+04,0.000000000000000000e+00,1.179500998127273714e+00,1.715577119707928588e+00,0.000000000000000000e+00,-1.176316175332243984e+04,3.234983929264898688e+04,0.000000000000000000e+00,1.179500998127149591e+00,1.715577119707810461e+00,0.000000000000000000e+00,-1.176316175332301282e+04,3.234983929265545157e+04,0.000000000000000000e+00,1.179500998127273270e+00,1.715577119707929254e+00,0.000000000000000000e+00
5.610000000000000000e+04,-1.164489994367260078e+04,3.252053537701081950e+04,0.000000000000000000e+00,1.185724713801785679e+00,1.698329439277605601e+00,0.000000000000000000e+00,-1.164489994367202235e+04,3.252053537700441666e+04,0.000000000000000000e+00,1.185724713801661112e+00,1.698329439277487696e+00,0.000000000000000000e+00,-1.164489994367259351e+04,3.252053537701087771e+04,0.000000000000000000e+00,1.185724713801785235e+00,1.698329439277606046e+00,0.000000000000000000e+00
5.620000000000000000e+04,-1.152601891227763554e+04,3.268950217019638512e+04,0.000000000000000000e+00,1.191885378138001883e+00,1.680991449568265850e+00,0.000000000000000000e+00,-1.152601891227711167e+04,3.268950217018984767e+04,0.000000000000000000e+00,1.191885378137876650e+00,1.680991449568149720e+00,0.000000000000000000e+00,-1.152601891227766282e+04,3.268950217019632692e+04,0.000000000000000000e+00,1.191885378138001883e+00,1.680991449568265628e+00,0.000000000000000000e+00
5.630000000000000000e+04,-1.140652498067986744e+04,3.285673068734165281e+04,0.000000000000000000e+00,1.197982663540379189e+00,1.663564072533752380e+00,0.000000000000000000e+00,-1.140652498067932356e+04,3.285673068733525724e+04,0.000000000000000000e+00,1.197982663540253290e+00,1.663564072533637583e+00,0.000000000000000000e+00,-1.140652498067985653e+04,3.285673068734175467e+04,0.000000000000000000e+00,1.197982663540379633e+00,1.663564072533751270e+00,0.000000000000000000e+00
5.640000000000000000e+04,-1.128642450301200734e+04,3.302221203601057641e+04,0.000000000000000000e+00,1.204016245783572359e+00,1.646048234881108741e+00,0.000000000000000000e+00,-1.128642450301146710e+04,3.302221203600407171e+04,0.000000000000000000e+00,1.204016245783446015e+00,1.646048234880995942e+00,0.000000000000000000e+00,-1.128642450301199642e+04,3.302221203601057641e+04,0.000000000000000000e+00,1.204016245783572803e+00,1.646048234881108963e+00,0.000000000000000000e+00
5.650000000000000000e+04,-1.116572386566016939e+04,3.318593741667247377e+04,0.000000000000000000e+00,1.209985804029676260e+00,1.628444868021304615e+00,0.000000000000000000e+00,-1.116572386565965826e+04,3.318593741666604183e+04,0.000000000000000000e+00,1.209985804029548140e+00,1.628444868021194258e+00,0.000000000000000000e+00,-1.116572386566016576e+04,3.318593741667256108e+04,0.000000000000000000e+00,1.209985804029676038e+00,1.628444868021304837e+00,0.000000000000000000e+00
5.660000000000000000e+04,-1.104442948692418577e+04,3.334789812317152973e+04,0.000000000000000000e+00,1.215891020845281112e+00,1.610754908019707443e+00,0.000000000000000000e+00,-1.104442948692371283e+04,3.334789812316513417e+04,0.000000000000000000e+00,1.215891020845151660e+00,1.610754908019599085e+00,0.000000000000000000e+00,-1.104442948692420396e+04,3.334789812317166798e+04,0.000000000000000000e+00,1.215891020845280668e+00,1.610754908019707221e+00,0.000000000000000000e+00
5.670000000000000000e+04,-1.092254781667634961e+04,3.350808554318908136e+04,0.000000000000000000e+00,1.221731582218356760e+00,1.592979295546305352e+00,0.000000000000000000e+00,-1.092254781667586758e+04,3.350808554318251117e+04,0.000000000000000000e+00,1.221731582218227974e+00,1.592979295546198992e+00,0.000000000000000000e+00,-1.092254781667635325e+04,3.350808554318904498e+04,0.000000000000000000e+00,1.221731582218357204e+00,1.592979295546306462e+00,0.000000000000000000e+00
5.680000000000000000e+04,-1.080008533601828094e+04,3.366649115870101377e+04,0.000000000000000000e+00,1.227507177574954422e+00,1.575118975825688494e+00,0.000000000000000000e+00,-1.080008533601779163e+04,3.366649115869446541e+04,0.000000000000000000e+00,1.227507177574824526e+00,1.575118975825582801e+00,0.000000000000000000e+00,-1.080008533601825911e+04,3.366649115870101377e+04,0.000000000000000000e+00,1.227507177574954644e+00,1.575118975825688050e+00,0.000000000000000000e+00
5.690000000000000000e+04,-1.067704855693639547e+04,3.382310654643201269e+04,0.000000000000000000e+00,1.233217499795710825e+00,1.557174898586781708e+00,0.000000000000000000e+00,-1.067704855693595528e+04,3.382310654642539885e+04,0.000000000000000000e+00,1.233217499795579819e+00,1.557174898586678236e+00,0.000000000000000000e+00,-1.067704855693640638e+04,3.382310654643196176e+04,0.000000000000000000e+00,1.233217499795711047e+00,1.557174898586780820e+00,0.000000000000000000e+00
5.700000000000000000e+04,-1.055344402195578732e+04,3.397792337830236647e+04,0.000000000000000000e+00,1.238862245232187576e+00,1.539148018012349795e+00,0.000000000000000000e+00,-1.055344402195536168e+04,3.397792337829572352e+04,0.000000000000000000e+00,1.238862245232055681e+00,1.539148018012248764e+00,0.000000000000000000e+00,-1.055344402195579096e+04,3.397792337830230099e+04,0.000000000000000000e+00,1.238862245232187576e+00,1.539148018012348684e+00,0.000000000000000000e+00
5.710000000000000000e+04,-1.042927830379204534e+04,3.413093342187115923e+04,0.000000000000000000e+00,1.244441113723013803e+00,1.521039292688254108e+00,0.000000000000000000e+00,-1.042927830379162697e+04,3.413093342186469090e+04,0.000000000000000000e+00,1.244441113722881687e+00,1.521039292688155520e+00,0.000000000000000000e+00,-1.042927830379205261e+04,3.413093342187126837e+04,0.000000000000000000e+00,1.244441113723014025e+00,1.521039292688254996e+00,0.000000000000000000e+00
5.720000000000000000e+04,-1.030455800500191981e+04,3.428212854077469092e+04,0.000000000000000000e+00,1.249953808609852057e+00,1.502849685552481773e+00,0.000000000000000000e+00,-1.030455800500149599e+04,3.428212854076818621e+04,0.000000000000000000e+00,1.249953808609718831e+00,1.502849685552383185e+00,0.000000000000000000e+00,-1.030455800500190344e+04,3.428212854077477823e+04,0.000000000000000000e+00,1.249953808609852279e+00,1.502849685552479997e+00,0.000000000000000000e+00
5.730000000000000000e+04,-1.017928975763211201e+04,3.443150069515802898e+04,0.000000000000000000e+00,1.255400036753168358e+00,1.484580163843931544e+00,0.000000000000000000e+00,-1.017928975763173003e+04,3.443150069515135692e+04,0.000000000000000000e+00,1.255400036753033355e+00,1.484580163843836287e+00,0.000000000000000000e+00,-1.017928975763211929e+04,3.443150069515796349e+04,0.000000000000000000e+00,1.255400036753167692e+00,1.484580163843930656e+00,0.000000000000000000e+00
5.740000000000000000e+04,-1.005348022286684136e+04,3.457904194210283458e+04,0.000000000000000000e+00,1.260779508547817951e+00,1.466231699050998927e+00,0.000000000000000000e+00,-1.005348022286645573e+04,3.457904194209614070e+04,0.000000000000000000e+00,1.260779508547683614e+00,1.466231699050905002e+00,0.000000000000000000e+00,-1.005348022286684136e+04,3.457904194210274727e+04,0.000000000000000000e+00,1.260779508547818173e+00,1.466231699050998705e+00,0.000000000000000000e+00
5.750000000000000000e+04,-9.927136090673302533e+03,3.472474443605018314e+04,0.000000000000000000e+00,1.266091937938457423e+00,1.447805266859898410e+00,0.000000000000000000e+00,-9.927136090672953287e+03,3.472474443604365661e+04,0.000000000000000000e+00,1.266091937938321532e+00,1.447805266859806927e+00,0.000000000000000000e+00,-9.927136090673322542e+03,3.472474443605027773e+04,0.000000000000000000e+00,1.266091937938456979e+00,1.447805266859897966e+00,0.000000000000000000e+00
5.760000000000000000e+04,-9.800264079446234973e+03,3.486860042921802960e+04,0.000000000000000000e+00,1.271337042434738773e+00,1.429301847102792067e+00,0.000000000000000000e+00,-9.800264079445913012e+03,3.486860042921135027e+04,0.000000000000000000e+00,1.271337042434602660e+00,1.429301847102703693e+00,0.000000000000000000e+00,-9.800264079446264077e+03,3.486860042921799322e+04,0.000000000000000000e+00,1.271337042434738773e+00,1.429301847102792067e+00,0.000000000000000000e+00
5.770000000000000000e+04,-9.672870935650556930e+03,3.501060227201168891e+04,0.000000000000000000e+00,1.276514543126344492e+00,1.410722423705687234e+00,0.000000000000000000e+00,-9.672870935650182219e+03,3.501060227200503869e+04,0.000000000000000000e+00,1.276514543126208157e+00,1.410722423705598860e+00,0.000000000000000000e+00,-9.672870935650529645e+03,3.501060227201167436e+04,0.000000000000000000e+00,1.276514543126344714e+00,1.410722423705687012e+00,0.000000000000000000e+00
5.780000000000000000e+04,-9.544963433462340618e+03,3.515074241343222093e+04,0.000000000000000000e+00,1.281624164697813040e+00,1.392067984636103262e+00,0.000000000000000000e+00,-9.544963433462020475e+03,3.515074241342562891e+04,0.000000000000000000e+00,1.281624164697676038e+00,1.392067984636016664e+00,0.000000000000000000e+00,-9.544963433462349712e+03,3.515074241343227186e+04,0.000000000000000000e+00,1.281624164697813262e+00,1.392067984636102151e+00,0.000000000000000000e+00
5.790000000000000000e+04,-9.416548374409205280e+03,3.528901340147724841e+04,0.000000000000000000e+00,1.286665635443178690e+00,1.373339521850549971e+00,0.000000000000000000e+00,-9.416548374408879681e+03,3.528901340147067094e+04,0.000000000000000000e+00,1.286665635443040356e+00,1.373339521850466705e+00,0.000000000000000000e+00,-9.416548374409188909e+03,3.528901340147732844e+04,0.000000000000000000e+00,1.286665635443178468e+00,1.373339521850549527e+00,0.000000000000000000e+00
5.800000000000000000e+04,-9.287632587008018163e+03,3.542540788353723474e+04,0.000000000000000000e+00,1.291638687280418640e+00,1.354538031241780516e+00,0.000000000000000000e+00,-9.287632587007728944e+03,3.542540788353062817e+04,0.000000000000000000e+00,1.291638687280280307e+00,1.354538031241696361e+00,0.000000000000000000e+00,-9.287632587008032715e+03,3.542540788353728567e+04,0.000000000000000000e+00,1.291638687280418862e+00,1.354538031241778961e+00,0.000000000000000000e+00
5.810000000000000000e+04,-9.158222926402246230e+03,3.555991860678663943e+04,0.000000000000000000e+00,1.296543055765714936e+00,1.335664512585813313e+00,0.000000000000000000e+00,-9.158222926401947916e+03,3.555991860677985096e+04,0.000000000000000000e+00,1.296543055765575492e+00,1.335664512585734043e+00,0.000000000000000000e+00,-9.158222926402233497e+03,3.555991860678652301e+04,0.000000000000000000e+00,1.296543055765714936e+00,1.335664512585813535e+00,0.000000000000000000e+00
5.820000000000000000e+04,-9.028326273997066892e+03,3.569253841856878716e+04,0.000000000000000000e+00,1.301378480107507229e+00,1.316719969488802988e+00,0.000000000000000000e+00,-9.028326273996804957e+03,3.569253841856221698e+04,0.000000000000000000e+00,1.301378480107366675e+00,1.316719969488724828e+00,0.000000000000000000e+00,-9.028326273997070530e+03,3.569253841856889630e+04,0.000000000000000000e+00,1.301378480107507007e+00,1.316719969488801656e+00,0.000000000000000000e+00
5.830000000000000000e+04,-8.897949537093794788e+03,3.582326026677817572e+04,0.000000000000000000e+00,1.306144703180365241e+00,1.297705409333641313e+00,0.000000000000000000e+00,-8.897949537093529216e+03,3.582326026677151822e+04,0.000000000000000000e+00,1.306144703180224687e+00,1.297705409333564486e+00,0.000000000000000000e+00,-8.897949537093791150e+03,3.582326026677819755e+04,0.000000000000000000e+00,1.306144703180365241e+00,1.297705409333640869e+00,0.000000000000000000e+00
5.840000000000000000e+04,-8.767099648522242205e+03,3.595207720023312140e+04,0.000000000000000000e+00,1.310841471538664926e+00,1.278621843226403598e+00,0.000000000000000000e+00,-8.767099648522016651e+03,3.595207720022644935e+04,0.000000000000000000e+00,1.310841471538522596e+00,1.278621843226330990e+00,0.000000000000000000e+00,-8.767099648522258576e+03,3.595207720023314323e+04,0.000000000000000000e+00,1.310841471538664260e+00,1.278621843226404486e+00,0.000000000000000000e+00
5.850000000000000000e+04,-8.635783566272410098e+03,3.607898236904689111e+04,0.000000000000000000e+00,1.315468535430055486e+00,1.259470285942589030e+00,0.000000000000000000e+00,-8.635783566272173630e+03,3.607898236904021906e+04,0.000000000000000000e+00,1.315468535429913155e+00,1.259470285942518641e+00,0.000000000000000000e+00,-8.635783566272397366e+03,3.607898236904692021e+04,0.000000000000000000e+00,1.315468535430055486e+00,1.259470285942589474e+00,0.000000000000000000e+00
5.860000000000000000e+04,-8.504008273124141851e+03,3.620396902499150019e+04,0.000000000000000000e+00,1.320025648808752283e+00,1.240251755873146067e+00,0.000000000000000000e+00,-8.504008273123925392e+03,3.620396902498480631e+04,0.000000000000000000e+00,1.320025648808609064e+00,1.240251755873077233e+00,0.000000000000000000e+00,-8.504008273124127300e+03,3.620396902499152202e+04,0.000000000000000000e+00,1.320025648808752283e+00,1.240251755873145179e+00,0.000000000000000000e+00
5.870000000000000000e+04,-8.371780776276093093e+03,3.632703052185650449e+04,0.000000000000000000e+00,1.324512569348609947e+00,1.220967274970325533e+00,0.000000000000000000e+00,-8.371780776275896642e+03,3.632703052184981789e+04,0.000000000000000000e+00,1.324512569348466728e+00,1.220967274970257810e+00,0.000000000000000000e+00,-8.371780776276094912e+03,3.632703052185653360e+04,0.000000000000000000e+00,1.324512569348610169e+00,1.220967274970325311e+00,0.000000000000000000e+00
5.880000000000000000e+04,-8.239108106972998939e+03,3.644816031580255367e+04,0.000000000000000000e+00,1.328929058456015611e+00,1.201617868693338309e+00,0.000000000000000000e+00,-8.239108106972811584e+03,3.644816031579588162e+04,0.000000000000000000e+00,1.328929058455871726e+00,1.201617868693271696e+00,0.000000000000000000e+00,-8.239108106972988026e+03,3.644816031580260460e+04,0.000000000000000000e+00,1.328929058456016055e+00,1.201617868693336311e+00,0.000000000000000000e+00
5.890000000000000000e+04,-8.105997320131747983e+03,3.656735196570935659e+04,0.000000000000000000e+00,1.333274881282572100e+00,1.182204565953821174e+00,0.000000000000000000e+00,-8.105997320131595188e+03,3.656735196570261178e+04,0.000000000000000000e+00,1.333274881282426882e+00,1.182204565953759445e+00,0.000000000000000000e+00,-8.105997320131751621e+03,3.656735196570934932e+04,0.000000000000000000e+00,1.333274881282572100e+00,1.182204565953821174e+00,0.000000000000000000e+00
5.900000000000000000e+04,-7.972455493966393988e+03,3.668459913351794239e+04,0.000000000000000000e+00,1.337549806737585278e+00,1.162728399061142781e+00,0.000000000000000000e+00,-7.972455493966235736e+03,3.668459913351114665e+04,0.000000000000000000e+00,1.337549806737439839e+00,1.162728399061079498e+00,0.000000000000000000e+00,-7.972455493966385802e+03,3.668459913351787691e+04,0.000000000000000000e+00,1.337549806737585278e+00,1.162728399061140783e+00,0.000000000000000000e+00
5.910000000000000000e+04,-7.838489729611508665e+03,3.679989558456791565e+04,0.000000000000000000e+00,1.341753607500357326e+00,1.143190403667471600e+00,0.000000000000000000e+00,-7.838489729611387702e+03,3.679989558456114173e+04,0.000000000000000000e+00,1.341753607500211221e+00,1.143190403667414312e+00,0.000000000000000000e+00,-7.838489729611517760e+03,3.679989558456788654e+04,0.000000000000000000e+00,1.341753607500357326e+00,1.143190403667472710e+00,0.000000000000000000e+00
5.920000000000000000e+04,-7.704107150744879618e+03,3.691323518792924006e+04,0.000000000000000000e+00,1.345886060032269071e+00,1.123591618712753260e+00,0.000000000000000000e+00,-7.704107150744772298e+03,3.691323518792232790e+04,0.000000000000000000e+00,1.345886060032122522e+00,1.123591618712698859e+00,0.000000000000000000e+00,-7.704107150744882347e+03,3.691323518792908726e+04,0.000000000000000000e+00,1.345886060032269294e+00,1.123591618712754370e+00,0.000000000000000000e+00
5.930000000000000000e+04,-7.569314903208476608e+03,3.702461191672738642e+04,0.000000000000000000e+00,1.349946944588671371e+00,1.103933086369430328e+00,0.000000000000000000e+00,-7.569314903208375654e+03,3.702461191672052519e+04,0.000000000000000000e+00,1.349946944588523934e+00,1.103933086369375038e+00,0.000000000000000000e+00,-7.569314903208482065e+03,3.702461191672728455e+04,0.000000000000000000e+00,1.349946944588671149e+00,1.103933086369430105e+00,0.000000000000000000e+00
5.940000000000000000e+04,-7.434120154628559249e+03,3.713401984846463893e+04,0.000000000000000000e+00,1.353936045230565099e+00,1.084215851987027079e+00,0.000000000000000000e+00,-7.434120154628460114e+03,3.713401984845810512e+04,0.000000000000000000e+00,1.353936045230417662e+00,1.084215851986973567e+00,0.000000000000000000e+00,-7.434120154628546516e+03,3.713401984846486448e+04,0.000000000000000000e+00,1.353936045230565544e+00,1.084215851987025747e+00,0.000000000000000000e+00
5.950000000000000000e+04,-7.298530094034504145e+03,3.724145316533569712e+04,0.000000000000000000e+00,1.357853149836090623e+00,1.064440964036577952e+00,0.000000000000000000e+00,-7.298530094034425929e+03,3.724145316532891593e+04,0.000000000000000000e+00,1.357853149835941853e+00,1.064440964036527326e+00,0.000000000000000000e+00,-7.298530094034491412e+03,3.724145316533568985e+04,0.000000000000000000e+00,1.357853149836090845e+00,1.064440964036576620e+00,0.000000000000000000e+00
5.960000000000000000e+04,-7.162551931476584286e+03,3.734690615453454666e+04,0.000000000000000000e+00,1.361698050111799674e+00,1.044609474054867704e+00,0.000000000000000000e+00,-7.162551931476533355e+03,3.734690615452769271e+04,0.000000000000000000e+00,1.361698050111650016e+00,1.044609474054818188e+00,0.000000000000000000e+00,-7.162551931476594291e+03,3.734690615453445935e+04,0.000000000000000000e+00,1.361698050111799230e+00,1.044609474054867038e+00,0.000000000000000000e+00
5.970000000000000000e+04,-7.026192897642569733e+03,3.745037320856051520e+04,0.000000000000000000e+00,1.365470541603737153e+00,1.024722436588508145e+00,0.000000000000000000e+00,-7.026192897642502430e+03,3.745037320855377766e+04,0.000000000000000000e+00,1.365470541603586163e+00,1.024722436588461738e+00,0.000000000000000000e+00,-7.026192897642541539e+03,3.745037320856055157e+04,0.000000000000000000e+00,1.365470541603736265e+00,1.024722436588507701e+00,0.000000000000000000e+00
5.980000000000000000e+04,-6.889460243473033188e+03,3.755184882551606279e+04,0.000000000000000000e+00,1.369170423708308881e+00,1.004780909137874545e+00,0.000000000000000000e+00,-6.889460243473020455e+03,3.755184882550935436e+04,0.000000000000000000e+00,1.369170423708157891e+00,1.004780909137830802e+00,0.000000000000000000e+00,-6.889460243473038645e+03,3.755184882551613555e+04,0.000000000000000000e+00,1.369170423708308659e+00,1.004780909137874101e+00,0.000000000000000000e+00
5.990000000000000000e+04,-6.752361239776175353e+03,3.765132760939875152e+04,0.000000000000000000e+00,1.372797499682954836e+00,9.847859521008643924e-01,0.000000000000000000e+00,-6.752361239776171715e+03,3.765132760939197760e+04,0.000000000000000000e+00,1.372797499682803180e+00,9.847859521008228700e-01,0.000000000000000000e+00,-6.752361239776185357e+03,3.765132760939875152e+04,0.000000000000000000e+00,1.372797499682954170e+00,9.847859521008656136e-01,0.000000000000000000e+00
6.000000000000000000e+04,-6.614903176840816741e+03,3.774880427038844209e+04,0.000000000000000000e+00,1.376351576656603903e+00,9.647386287165122809e-01,0.000000000000000000e+00,-6.614903176840807646e+03,3.774880427038151538e+04,0.000000000000000000e+00,1.376351576656451803e+00,9.647386287164727570e-01,0.000000000000000000e+00,-6.614903176840800370e+03,3.774880427038830385e+04,0.000000000000000000e+00,1.376351576656603459e+00,9.647386287165126140e-01,0.000000000000000000e+00
6.010000000000000000e+04,-6.477093364048865624e+03,3.784427362512808759e+04,0.000000000000000000e+00,1.379832465639934114e+00,9.446400050084502453e-01,0.000000000000000000e+00,-6.477093364048884723e+03,3.784427362512144464e+04,0.000000000000000000e+00,1.379832465639781791e+00,9.446400050084148292e-01,0.000000000000000000e+00,-6.477093364048855619e+03,3.784427362512824038e+04,0.000000000000000000e+00,1.379832465639934336e+00,9.446400050084516886e-01,0.000000000000000000e+00
6.020000000000000000e+04,-6.338939129486723687e+03,3.793773059700126760e+04,0.000000000000000000e+00,1.383239981535422380e+00,9.244911497282313206e-01,0.000000000000000000e+00,-6.338939129486782804e+03,3.793773059699448640e+04,0.000000000000000000e+00,1.383239981535269170e+00,9.244911497281963486e-01,0.000000000000000000e+00,-6.338939129486733691e+03,3.793773059700128942e+04,0.000000000000000000e+00,1.383239981535422602e+00,9.244911497282304325e-01,0.000000000000000000e+00
6.030000000000000000e+04,-6.200447819555585738e+03,3.802917021639936138e+04,0.000000000000000000e+00,1.386573943147183741e+00,9.042931342984807941e-01,0.000000000000000000e+00,-6.200447819555635760e+03,3.802917021639252926e+04,0.000000000000000000e+00,1.386573943147030308e+00,9.042931342984469323e-01,0.000000000000000000e+00,-6.200447819555581191e+03,3.802917021639932500e+04,0.000000000000000000e+00,1.386573943147183963e+00,9.042931342984802390e-01,0.000000000000000000e+00
6.040000000000000000e+04,-6.061626798580604373e+03,3.811858762098767329e+04,0.000000000000000000e+00,1.389834173190610755e+00,8.840470327559355468e-01,0.000000000000000000e+00,-6.061626798580678951e+03,3.811858762098090665e+04,0.000000000000000000e+00,1.389834173190456656e+00,8.840470327559043495e-01,0.000000000000000000e+00,-6.061626798580603463e+03,3.811858762098771695e+04,0.000000000000000000e+00,1.389834173190610977e+00,8.840470327559347696e-01,0.000000000000000000e+00
6.050000000000000000e+04,-5.922483448419559863e+03,3.820597805596364196e+04,0.000000000000000000e+00,1.393020498301797971e+00,8.637539216943288523e-01,0.000000000000000000e+00,-5.922483448419653541e+03,3.820597805595696263e+04,0.000000000000000000e+00,1.393020498301642762e+00,8.637539216943029841e-01,0.000000000000000000e+00,-5.922483448419556225e+03,3.820597805596377293e+04,0.000000000000000000e+00,1.393020498301797527e+00,8.637539216943302955e-01,0.000000000000000000e+00
6.060000000000000000e+04,-5.783025168070162181e+03,3.829133687430969439e+04,0.000000000000000000e+00,1.396132749046759436e+00,8.434148802071508300e-01,0.000000000000000000e+00,-5.783025168070269501e+03,3.829133687430286955e+04,0.000000000000000000e+00,1.396132749046604005e+00,8.434148802071252948e-01,0.000000000000000000e+00,-5.783025168070168547e+03,3.829133687430967984e+04,0.000000000000000000e+00,1.396132749046759214e+00,8.434148802071521622e-01,0.000000000000000000e+00
6.070000000000000000e+04,-5.643259373276639963e+03,3.837465953703958075e+04,0.000000000000000000e+00,1.399170759930443708e+00,8.230309898302454741e-01,0.000000000000000000e+00,-5.643259373276762744e+03,3.837465953703274863e+04,0.000000000000000000e+00,1.399170759930287611e+00,8.230309898302206051e-01,0.000000000000000000e+00,-5.643259373276639963e+03,3.837465953703955893e+04,0.000000000000000000e+00,1.399170759930443486e+00,8.230309898302443639e-01,0.000000000000000000e+00
6.080000000000000000e+04,-5.503193496135412715e+03,3.845594161344075110e+04,0.000000000000000000e+00,1.402134369405527714e+00,8.026033344843153117e-01,0.000000000000000000e+00,-5.503193496135561873e+03,3.845594161343402811e+04,0.000000000000000000e+00,1.402134369405371395e+00,8.026033344842941064e-01,0.000000000000000000e+00,-5.503193496135418172e+03,3.845594161344084569e+04,0.000000000000000000e+00,1.402134369405527714e+00,8.026033344843148676e-01,0.000000000000000000e+00
6.090000000000000000e+04,-5.362834984699948109e+03,3.853517878130986355e+04,0.000000000000000000e+00,1.405023419881012536e+00,7.821330004172892814e-01,0.000000000000000000e+00,-5.362834984700081804e+03,3.853517878130304598e+04,0.000000000000000000e+00,1.405023419880855107e+00,7.821330004172689643e-01,0.000000000000000000e+00,-5.362834984699933557e+03,3.853517878130986355e+04,0.000000000000000000e+00,1.405023419881012092e+00,7.821330004172891703e-01,0.000000000000000000e+00
6.100000000000000000e+04,-5.222191302584513323e+03,3.861236682718165684e+04,0.000000000000000000e+00,1.407837757730598049e+00,7.616210761465413981e-01,0.000000000000000000e+00,-5.222191302584669756e+03,3.861236682717489020e+04,0.000000000000000000e+00,1.407837757730440620e+00,7.616210761465247447e-01,0.000000000000000000e+00,-5.222191302584498771e+03,3.861236682718171505e+04,0.000000000000000000e+00,1.407837757730598049e+00,7.616210761465417312e-01,0.000000000000000000e+00
6.110000000000000000e+04,-5.081269928567548050e+03,3.868750164655409753e+04,0.000000000000000000e+00,1.410577233300857714e+00,7.410686524010294818e-01,0.000000000000000000e+00,-5.081269928567728130e+03,3.868750164654746186e+04,0.000000000000000000e+00,1.410577233300699840e+00,7.410686524010149379e-01,0.000000000000000000e+00,-5.081269928567536226e+03,3.868750164655429398e+04,0.000000000000000000e+00,1.410577233300857936e+00,7.410686524010289267e-01,0.000000000000000000e+00
6.120000000000000000e+04,-4.940078356193829677e+03,3.876057924410654232e+04,0.000000000000000000e+00,1.413241700919192212e+00,7.204768220632828957e-01,0.000000000000000000e+00,-4.940078356194026128e+03,3.876057924409969564e+04,0.000000000000000000e+00,1.413241700919033894e+00,7.204768220632672415e-01,0.000000000000000000e+00,-4.940078356193830587e+03,3.876057924410652049e+04,0.000000000000000000e+00,1.413241700919192212e+00,7.204768220632806752e-01,0.000000000000000000e+00
6.130000000000000000e+04,-4.798624093376012752e+03,3.883159573391079903e+04,0.000000000000000000e+00,1.415831018901576144e+00,6.998466801112801505e-01,0.000000000000000000e+00,-4.798624093376226483e+03,3.883159573390404694e+04,0.000000000000000000e+00,1.415831018901418048e+00,6.998466801112691593e-01,0.000000000000000000e+00,-4.798624093376010023e+03,3.883159573391087179e+04,0.000000000000000000e+00,1.415831018901576810e+00,6.998466801112794844e-01,0.000000000000000000e+00
6.140000000000000000e+04,-4.656914661995411734e+03,3.890054733963974286e+04,0.000000000000000000e+00,1.418345049560096882e+00,6.791793235602465728e-01,0.000000000000000000e+00,-4.656914661995653660e+03,3.890054733963312174e+04,0.000000000000000000e+00,1.418345049559937232e+00,6.791793235602419099e-01,0.000000000000000000e+00,-4.656914661995415372e+03,3.890054733963994659e+04,0.000000000000000000e+00,1.418345049560096660e+00,6.791793235602492373e-01,0.000000000000000000e+00
6.150000000000000000e+04,-4.514957597502056160e+03,3.896743039476731792e+04,0.000000000000000000e+00,1.420783659210266059e+00,6.584758514043134170e-01,0.000000000000000000e+00,-4.514957597502308090e+03,3.896743039476047124e+04,0.000000000000000000e+00,1.420783659210106631e+00,6.584758514043065336e-01,0.000000000000000000e+00,-4.514957597502065255e+03,3.896743039476728882e+04,0.000000000000000000e+00,1.420783659210266059e+00,6.584758514043131949e-01,0.000000000000000000e+00
6.160000000000000000e+04,-4.372760448513916344e+03,3.903224134276248515e+04,0.000000000000000000e+00,1.423146718178140091e+00,6.377373645580473038e-01,0.000000000000000000e+00,-4.372760448514172822e+03,3.903224134275557299e+04,0.000000000000000000e+00,1.423146718177980219e+00,6.377373645580443062e-01,0.000000000000000000e+00,-4.372760448513908159e+03,3.903224134276239056e+04,0.000000000000000000e+00,1.423146718178140313e+00,6.377373645580478589e-01,0.000000000000000000e+00
6.170000000000000000e+04,-4.230330776415547007e+03,3.909497673727979418e+04,0.000000000000000000e+00,1.425434100807208893e+00,6.169649657979565660e-01,0.000000000000000000e+00,-4.230330776415809851e+03,3.909497673727294750e+04,0.000000000000000000e+00,1.425434100807047466e+00,6.169649657979552337e-01,0.000000000000000000e+00,-4.230330776415524269e+03,3.909497673727977235e+04,0.000000000000000000e+00,1.425434100807208226e+00,6.169649657979556778e-01,0.000000000000000000e+00
6.180000000000000000e+04,-4.087676154955959646e+03,3.915563324234227184e+04,0.000000000000000000e+00,1.427645685465075864e+00,5.961597597038164054e-01,0.000000000000000000e+00,-4.087676154956281607e+03,3.915563324233542517e+04,0.000000000000000000e+00,1.427645685464913994e+00,5.961597597038176266e-01,0.000000000000000000e+00,-4.087676154955974198e+03,3.915563324234225001e+04,0.000000000000000000e+00,1.427645685465075420e+00,5.961597597038148511e-01,0.000000000000000000e+00
6.190000000000000000e+04,-3.944804169846102013e+03,3.921420763251825701e+04,0.000000000000000000e+00,1.429781354549931827e+00,5.753228525999478649e-01,0.000000000000000000e+00,-3.944804169846413515e+03,3.921420763251151220e+04,0.000000000000000000e+00,1.429781354549769956e+00,5.753228525999514176e-01,0.000000000000000000e+00,-3.944804169846101559e+03,3.921420763251833705e+04,0.000000000000000000e+00,1.429781354549931605e+00,5.753228525999481979e-01,0.000000000000000000e+00
6.200000000000000000e+04,-3.801722418355086120e+03,3.927069679309381172e+04,0.000000000000000000e+00,1.431840994496806019e+00,5.544553524963831137e-01,0.000000000000000000e+00,-3.801722418355419904e+03,3.927069679308694322e+04,0.000000000000000000e+00,1.431840994496643260e+00,5.544553524963894420e-01,0.000000000000000000e+00,-3.801722418355086120e+03,3.927069679309376806e+04,0.000000000000000000e+00,1.431840994496805353e+00,5.544553524963830027e-01,0.000000000000000000e+00
6.210000000000000000e+04,-3.658438508906576317e+03,3.932509772023721598e+04,0.000000000000000000e+00,1.433824495783601272e+00,5.335583690299472437e-01,0.000000000000000000e+00,-3.658438508906919651e+03,3.932509772023028199e+04,0.000000000000000000e+00,1.433824495783438513e+00,5.335583690299580129e-01,0.000000000000000000e+00,-3.658438508906564039e+03,3.932509772023711412e+04,0.000000000000000000e+00,1.433824495783601050e+00,5.335583690299483539e-01,0.000000000000000000e+00
6.220000000000000000e+04,-3.514960060673998669e+03,3.937740752115962096e+04,0.000000000000000000e+00,1.435731752936924011e+00,5.126330134052619059e-01,0.000000000000000000e+00,-3.514960060674352917e+03,3.937740752115265059e+04,0.000000000000000000e+00,1.435731752936761252e+00,5.126330134052718979e-01,0.000000000000000000e+00,-3.514960060673993212e+03,3.937740752115947544e+04,0.000000000000000000e+00,1.435731752936924011e+00,5.126330134052616838e-01,0.000000000000000000e+00
6.230000000000000000e+04,-3.371294703175459290e+03,3.942762341426848434e+04,0.000000000000000000e+00,1.437562664537689550e+00,4.916803983356334840e-01,0.000000000000000000e+00,-3.371294703175830364e+03,3.942762341426155763e+04,0.000000000000000000e+00,1.437562664537525903e+00,4.916803983356456964e-01,0.000000000000000000e+00,-3.371294703175448831e+03,3.942762341426838248e+04,0.000000000000000000e+00,1.437562664537689328e+00,4.916803983356323737e-01,0.000000000000000000e+00
6.240000000000000000e+04,-3.227450075868036947e+03,3.947574272931576706e+04,0.000000000000000000e+00,1.439317133226513334e+00,4.707016379839092934e-01,0.000000000000000000e+00,-3.227450075868429849e+03,3.947574272930882580e+04,0.000000000000000000e+00,1.439317133226349466e+00,4.707016379839248366e-01,0.000000000000000000e+00,-3.227450075868025579e+03,3.947574272931565793e+04,0.000000000000000000e+00,1.439317133226513334e+00,4.707016379839083497e-01,0.000000000000000000e+00
6.250000000000000000e+04,-3.083433827741566347e+03,3.952176290753937792e+04,0.000000000000000000e+00,1.440995065708892575e+00,4.496978479032218701e-01,0.000000000000000000e+00,-3.083433827741964706e+03,3.952176290753256762e+04,0.000000000000000000e+00,1.440995065708728040e+00,4.496978479032394116e-01,0.000000000000000000e+00,-3.083433827741556343e+03,3.952176290753938520e+04,0.000000000000000000e+00,1.440995065708892353e+00,4.496978479032223142e-01,0.000000000000000000e+00
6.260000000000000000e+04,-2.939253616911824793e+03,3.956568150180007797e+04,0.000000000000000000e+00,1.442596372760163170e+00,4.286701449776657569e-01,0.000000000000000000e+00,-2.939253616912249072e+03,3.956568150179323857e+04,0.000000000000000000e+00,1.442596372759998413e+00,4.286701449776844641e-01,0.000000000000000000e+00,-2.939253616911818426e+03,3.956568150180005614e+04,0.000000000000000000e+00,1.442596372760163170e+00,4.286701449776642026e-01,0.000000000000000000e+00
6.270000000000000000e+04,-2.794917110213413252e+03,3.960749617671046872e+04,0.000000000000000000e+00,1.444120969230247020e+00,4.076196473629032369e-01,0.000000000000000000e+00,-2.794917110213870728e+03,3.960749617670378939e+04,0.000000000000000000e+00,1.444120969230081597e+00,4.076196473629290495e-01,0.000000000000000000e+00,-2.794917110213417800e+03,3.960749617671060696e+04,0.000000000000000000e+00,1.444120969230246798e+00,4.076196473629055683e-01,0.000000000000000000e+00
6.280000000000000000e+04,-2.650431982792040799e+03,3.964720470876060426e+04,0.000000000000000000e+00,1.445568774048177296e+00,3.865474744267363150e-01,0.000000000000000000e+00,-2.650431982792508734e+03,3.964720470875383762e+04,0.000000000000000000e+00,1.445568774048011873e+00,3.865474744267581308e-01,0.000000000000000000e+00,-2.650431982792050803e+03,3.964720470876064064e+04,0.000000000000000000e+00,1.445568774048177518e+00,3.865474744267339835e-01,0.000000000000000000e+00
6.290000000000000000e+04,-2.505805917696314282e+03,3.968480498643475585e+04,0.000000000000000000e+00,1.446939710226413212e+00,3.654547466895206043e-01,0.000000000000000000e+00,-2.505805917696800861e+03,3.968480498642790189e+04,0.000000000000000000e+00,1.446939710226247122e+00,3.654547466895496366e-01,0.000000000000000000e+00,-2.505805917696320648e+03,3.968480498643469764e+04,0.000000000000000000e+00,1.446939710226413212e+00,3.654547466895222141e-01,0.000000000000000000e+00
6.300000000000000000e+04,-2.361046605469280621e+03,3.972029501032456756e+04,0.000000000000000000e+00,1.448233704864929194e+00,3.443425857646609245e-01,0.000000000000000000e+00,-2.361046605469796759e+03,3.972029501031767722e+04,0.000000000000000000e+00,1.448233704864762883e+00,3.443425857646903454e-01,0.000000000000000000e+00,-2.361046605469294263e+03,3.972029501032448024e+04,0.000000000000000000e+00,1.448233704864929416e+00,3.443425857646597588e-01,0.000000000000000000e+00
6.310000000000000000e+04,-2.216161743739488884e+03,3.975367289323522709e+04,0.000000000000000000e+00,1.449450689155095340e+00,3.232121142989008433e-01,0.000000000000000000e+00,-2.216161743740010479e+03,3.975367289322839497e+04,0.000000000000000000e+00,1.449450689154928584e+00,3.232121142989339835e-01,0.000000000000000000e+00,-2.216161743739485246e+03,3.975367289323519071e+04,0.000000000000000000e+00,1.449450689155095340e+00,3.232121142989001217e-01,0.000000000000000000e+00
6.320000000000000000e+04,-2.071159036811557598e+03,3.978493686028581578e+04,0.000000000000000000e+00,1.450590598383334040e+00,3.020644559126708373e-01,0.000000000000000000e+00,-2.071159036812096019e+03,3.978493686027910735e+04,0.000000000000000000e+00,1.450590598383166618e+00,3.020644559127037554e-01,0.000000000000000000e+00,-2.071159036811566693e+03,3.978493686028589582e+04,0.000000000000000000e+00,1.450590598383333818e+00,3.020644559126692275e-01,0.000000000000000000e+00
6.330000000000000000e+04,-1.926046195256625651e+03,3.981408524900383782e+04,0.000000000000000000e+00,1.451653371934561676e+00,2.809007351403050023e-01,0.000000000000000000e+00,-1.926046195257168392e+03,3.981408524899712211e+04,0.000000000000000000e+00,1.451653371934393588e+00,2.809007351403435271e-01,0.000000000000000000e+00,-1.926046195256616556e+03,3.981408524900390330e+04,0.000000000000000000e+00,1.451653371934561232e+00,2.809007351403057240e-01,0.000000000000000000e+00
6.340000000000000000e+04,-1.780830935502221109e+03,3.984111650941311382e+04,0.000000000000000000e+00,1.452638953295411817e+00,2.597220773702790808e-01,0.000000000000000000e+00,-1.780830935502790908e+03,3.984111650940636900e+04,0.000000000000000000e+00,1.452638953295243729e+00,2.597220773703203256e-01,0.000000000000000000e+00,-1.780830935502216789e+03,3.984111650941315020e+04,0.000000000000000000e+00,1.452638953295411595e+00,2.597220773702793029e-01,0.000000000000000000e+00
6.350000000000000000e+04,-1.635520979422071832e+03,3.986602920411666855e+04,0.000000000000000000e+00,1.453547290057241703e+00,2.385296087853383540e-01,0.000000000000000000e+00,-1.635520979422651180e+03,3.986602920410987281e+04,0.000000000000000000e+00,1.453547290057073393e+00,2.385296087853814584e-01,0.000000000000000000e+00,-1.635520979422072060e+03,3.986602920411663945e+04,0.000000000000000000e+00,1.453547290057241481e+00,2.385296087853397695e-01,0.000000000000000000e+00
6.360000000000000000e+04,-1.490124053925348562e+03,3.988882200837286655e+04,0.000000000000000000e+00,1.454378333918917576e+00,2.173244563026237586e-01,0.000000000000000000e+00,-1.490124053925948601e+03,3.988882200836610718e+04,0.000000000000000000e+00,1.454378333918748600e+00,2.173244563026693332e-01,0.000000000000000000e+00,-1.490124053925346971e+03,3.988882200837287382e+04,0.000000000000000000e+00,1.454378333918916910e+00,2.173244563026243970e-01,0.000000000000000000e+00
6.370000000000000000e+04,-1.344647890545878909e+03,3.990949371016619261e+04,0.000000000000000000e+00,1.455132040689381512e+00,1.961077475137482651e-01,0.000000000000000000e+00,-1.344647890546511917e+03,3.990949371015951328e+04,0.000000000000000000e+00,1.455132040689212758e+00,1.961077475137970594e-01,0.000000000000000000e+00,-1.344647890545887549e+03,3.990949371016627993e+04,0.000000000000000000e+00,1.455132040689381290e+00,1.961077475137488479e-01,0.000000000000000000e+00
6.380000000000000000e+04,-1.199100225031055743e+03,3.992804321027186234e+04,0.000000000000000000e+00,1.455808370290005982e+00,1.748806106248412817e-01,0.000000000000000000e+00,-1.199100225031673062e+03,3.992804321026491380e+04,0.000000000000000000e+00,1.455808370289837228e+00,1.748806106248885217e-01,0.000000000000000000e+00,-1.199100225031043919e+03,3.992804321027167316e+04,0.000000000000000000e+00,1.455808370290005982e+00,1.748806106248396441e-01,0.000000000000000000e+00
6.390000000000000000e+04,-1.053488796930250828e+03,3.994446952231274918e+04,0.000000000000000000e+00,1.456407286756721930e+00,1.536441743965344386e-01,0.000000000000000000e+00,-1.053488796930915669e+03,3.994446952230596798e+04,0.000000000000000000e+00,1.456407286756552066e+00,1.536441743965856477e-01,0.000000000000000000e+00,-1.053488796930264016e+03,3.994446952231272007e+04,0.000000000000000000e+00,1.456407286756721264e+00,1.536441743965334950e-01,0.000000000000000000e+00
6.400000000000000000e+04,-9.078213491836650064e+02,3.995877177281444892e+04,0.000000000000000000e+00,1.456928758241928357e+00,1.323995680839722411e-01,0.000000000000000000e+00,-9.078213491843220027e+02,3.995877177280760952e+04,0.000000000000000000e+00,1.456928758241758937e+00,1.323995680840260036e-01,0.000000000000000000e+00,-9.078213491836478397e+02,3.995877177281436161e+04,0.000000000000000000e+00,1.456928758241928357e+00,1.323995680839705757e-01,0.000000000000000000e+00
6.410000000000000000e+04,-7.621056277101597516e+02,3.997094920124940109e+04,0.000000000000000000e+00,1.457372757016193177e+00,1.111479213767392338e-01,0.000000000000000000e+00,-7.621056277108394852e+02,3.997094920124253986e+04,0.000000000000000000e+00,1.457372757016023535e+00,1.111479213767943564e-01,0.000000000000000000e+00,-7.621056277101604337e+02,3.997094920124927739e+04,0.000000000000000000e+00,1.457372757016193177e+00,1.111479213767382207e-01,0.000000000000000000e+00
6.420000000000000000e+04,-6.163493809956853511e+02,3.998100116007833276e+04,0.000000000000000000e+00,1.457739259469721382e+00,8.989036433879249444e-02,0.000000000000000000e+00,-6.163493809963875947e+02,3.998100116007160250e+04,0.000000000000000000e+00,1.457739259469551740e+00,8.989036433885097543e-02,0.000000000000000000e+00,-6.163493809956859195e+02,3.998100116007833276e+04,0.000000000000000000e+00,1.457739259469721604e+00,8.989036433879157850e-02,0.000000000000000000e+00
6.430000000000000000e+04,-4.705603596811124589e+02,3.998892711478483398e+04,0.000000000000000000e+00,1.458028246113613591e+00,6.862802734837814000e-02,0.000000000000000000e+00,-4.705603596818304482e+02,3.998892711477827834e+04,0.000000000000000000e+00,1.458028246113443283e+00,6.862802734844014596e-02,0.000000000000000000e+00,-4.705603596811062062e+02,3.998892711478500132e+04,0.000000000000000000e+00,1.458028246113613591e+00,6.862802734837745999e-02,0.000000000000000000e+00
6.440000000000000000e+04,-3.247463161501073046e+02,3.999472664390364662e+04,0.000000000000000000e+00,1.458239701580900771e+00,4.736204103791763487e-02,0.000000000000000000e+00,-3.247463161508333656e+02,3.999472664389707643e+04,0.000000000000000000e+00,1.458239701580730019e+00,4.736204103798177800e-02,0.000000000000000000e+00,-3.247463161501042919e+02,3.999472664390379214e+04,0.000000000000000000e+00,1.458239701580900327e+00,4.736204103791838427e-02,0.000000000000000000e+00
6.450000000000000000e+04,-1.789150041168904863e+02,3.999839943904266693e+04,0.000000000000000000e+00,1.458373614627361370e+00,2.609353623388166454e-02,0.000000000000000000e+00,-1.789150041176269212e+02,3.999839943903595122e+04,0.000000000000000000e+00,1.458373614627190840e+00,2.609353623394972468e-02,0.000000000000000000e+00,-1.789150041168752523e+02,3.999839943904265238e+04,0.000000000000000000e+00,1.458373614627361370e+00,2.609353623388303844e-02,0.000000000000000000e+00
6.460000000000000000e+04,-3.307417821392300539e+01,3.999994530489936005e+04,0.000000000000000000e+00,1.458429978132121718e+00,4.823643896671114817e-03,0.000000000000000000e+00,-3.307417821470055941e+01,3.999994530489268072e+04,0.000000000000000000e+00,1.458429978131951410e+00,4.823643896739625986e-03,0.000000000000000000e+00,-3.307417821392626678e+01,3.999994530489937461e+04,0.000000000000000000e+00,1.458429978132121940e+00,4.823643896669646373e-03,0.000000000000000000e+00
6.470000000000000000e+04,1.127684064203494927e+02,3.999936415927216876e+04,0.000000000000000000e+00,1.458408789098032621e+00,-1.644650493954280535e-02,0.000000000000000000e+00,1.127684064195528890e+02,3.999936415926531481e+04,0.000000000000000000e+00,1.458408789097862091e+00,-1.644650493947028350e-02,0.000000000000000000e+00,1.127684064203497769e+02,3.999936415927200142e+04,0.000000000000000000e+00,1.458408789098032843e+00,-1.644650493954355822e-02,0.000000000000000000e+00
6.480000000000000000e+04,2.586049945540289627e+02,3.999665603306319099e+04,0.000000000000000000e+00,1.458310048651828339e+00,-3.771577922693580831e-02,0.000000000000000000e+00,2.586049945532192851e+02,3.999665603305646800e+04,0.000000000000000000e+00,1.458310048651657587e+00,-3.771577922686235318e-02,0.000000000000000000e+00,2.586049945540210615e+02,3.999665603306314733e+04,0.000000000000000000e+00,1.458310048651828561e+00,-3.771577922693634261e-02,0.000000000000000000e+00
6.490000000000000000e+04,4.044278312740643742e+02,3.999182107027829625e+04,0.000000000000000000e+00,1.458133762044067971e+00,-5.898304796420106300e-02,0.000000000000000000e+00,4.044278312732507743e+02,3.999182107027173333e+04,0.000000000000000000e+00,1.458133762043896553e+00,-5.898304796412338902e-02,0.000000000000000000e+00,4.044278312740751744e+02,3.999182107027840539e+04,0.000000000000000000e+00,1.458133762044067749e+00,-5.898304796420068136e-02,0.000000000000000000e+00
6.500000000000000000e+04,5.502291623986820923e+02,3.998485952801874373e+04,0.000000000000000000e+00,1.457879938648853901e+00,-8.024718025666643939e-02,0.000000000000000000e+00,5.502291623978356938e+02,3.998485952801199164e+04,0.000000000000000000e+00,1.457879938648682705e+00,-8.024718025658603149e-02,0.000000000000000000e+00,5.502291623986826608e+02,3.998485952801865642e+04,0.000000000000000000e+00,1.457879938648853901e+00,-8.024718025666663368e-02,0.000000000000000000e+00
6.510000000000000000e+04,6.960012348895834293e+02,3.997577177646628115e+04,0.000000000000000000e+00,1.457548591963337969e+00,-1.015070453764455038e-01,0.000000000000000000e+00,6.960012348887303233e+02,3.997577177645976190e+04,0.000000000000000000e+00,1.457548591963166329e+00,-1.015070453763645131e-01,0.000000000000000000e+00,6.960012348895820651e+02,3.997577177646641212e+04,0.000000000000000000e+00,1.457548591963337747e+00,-1.015070453764458230e-01,0.000000000000000000e+00
6.520000000000000000e+04,8.417362972644041292e+02,3.996455829886614811e+04,0.000000000000000000e+00,1.457139739606998496e+00,-1.227615128225654217e-01,0.000000000000000000e+00,8.417362972635290816e+02,3.996455829885949061e+04,0.000000000000000000e+00,1.457139739606826856e+00,-1.227615128224815028e-01,0.000000000000000000e+00,8.417362972644033334e+02,3.996455829886614083e+04,0.000000000000000000e+00,1.457139739606998496e+00,-1.227615128225661295e-01,0.000000000000000000e+00
6.530000000000000000e+04,9.874266000087372959e+02,3.995121969149843790e+04,0.000000000000000000e+00,1.456653403320707696e+00,-1.440094523810717675e-01,0.000000000000000000e+00,9.874266000078526986e+02,3.995121969149189681e+04,0.000000000000000000e+00,1.456653403320535167e+00,-1.440094523809828941e-01,0.000000000000000000e+00,9.874266000087495740e+02,3.995121969149853976e+04,0.000000000000000000e+00,1.456653403320707030e+00,-1.440094523810708516e-01,0.000000000000000000e+00
6.540000000000000000e+04,1.133064395988316392e+03,3.993575666364899371e+04,0.000000000000000000e+00,1.456089608965570825e+00,-1.652497341851244528e-01,0.000000000000000000e+00,1.133064395987431681e+03,3.993575666364222707e+04,0.000000000000000000e+00,1.456089608965398519e+00,-1.652497341850374113e-01,0.000000000000000000e+00,1.133064395988333445e+03,3.993575666364886274e+04,0.000000000000000000e+00,1.456089608965570825e+00,-1.652497341851260904e-01,0.000000000000000000e+00
6.550000000000000000e+04,1.278641940860994509e+03,3.991817003756901249e+04,0.000000000000000000e+00,1.455448386521556614e+00,-1.864812287751096420e-01,0.000000000000000000e+00,1.278641940860062050e+03,3.991817003756254417e+04,0.000000000000000000e+00,1.455448386521384530e+00,-1.864812287750175490e-01,0.000000000000000000e+00,1.278641940860986324e+03,3.991817003756917256e+04,0.000000000000000000e+00,1.455448386521557058e+00,-1.864812287751095587e-01,0.000000000000000000e+00
6.560000000000000000e+04,1.424151493488359847e+03,3.989846074843476526e+04,0.000000000000000000e+00,1.454729770085900320e+00,-2.077028071586539681e-01,0.000000000000000000e+00,1.424151493487414655e+03,3.989846074842802045e+04,0.000000000000000000e+00,1.454729770085727569e+00,-2.077028071585591273e-01,0.000000000000000000e+00,1.424151493488361666e+03,3.989846074843464157e+04,0.000000000000000000e+00,1.454729770085900320e+00,-2.077028071586544400e-01,0.000000000000000000e+00
6.570000000000000000e+04,1.569585316347613116e+03,3.987662984429392964e+04,0.000000000000000000e+00,1.453933797871288292e+00,-2.289133408706920392e-01,0.000000000000000000e+00,1.569585316346672244e+03,3.987662984428719938e+04,0.000000000000000000e+00,1.453933797871114875e+00,-2.289133408705957828e-01,0.000000000000000000e+00,1.569585316347624257e+03,3.987662984429380595e+04,0.000000000000000000e+00,1.453933797871287847e+00,-2.289133408706918449e-01,0.000000000000000000e+00
6.580000000000000000e+04,1.714935675942950184e+03,3.985267848601285368e+04,0.000000000000000000e+00,1.453060512203828480e+00,-2.501117020334655550e-01,0.000000000000000000e+00,1.714935675941975205e+03,3.985267848600626166e+04,0.000000000000000000e+00,1.453060512203655730e+00,-2.501117020333655239e-01,0.000000000000000000e+00,1.714935675942949501e+03,3.985267848601286096e+04,0.000000000000000000e+00,1.453060512203828702e+00,-2.501117020334649443e-01,0.000000000000000000e+00
6.590000000000000000e+04,1.860194843216639129e+03,3.982660794721392449e+04,0.000000000000000000e+00,1.452109959520803351e+00,-2.712967634164895614e-01,0.000000000000000000e+00,1.860194843215653009e+03,3.982660794720729609e+04,0.000000000000000000e+00,1.452109959520629490e+00,-2.712967634163860886e-01,0.000000000000000000e+00,1.860194843216650042e+03,3.982660794721389539e+04,0.000000000000000000e+00,1.452109959520802684e+00,-2.712967634164888397e-01,0.000000000000000000e+00
6.600000000000000000e+04,2.005355093960228260e+03,3.979841961420734879e+04,0.000000000000000000e+00,1.451082190368190084e+00,-2.924673984964991647e-01,0.000000000000000000e+00,2.005355093959219630e+03,3.979841961420060397e+04,0.000000000000000000e+00,1.451082190368017111e+00,-2.924673984963958029e-01,0.000000000000000000e+00,2.005355093960221666e+03,3.979841961420718872e+04,0.000000000000000000e+00,1.451082190368190306e+00,-2.924673984964992757e-01,0.000000000000000000e+00
6.610000000000000000e+04,2.150408709225142957e+03,3.976811498591746204e+04,0.000000000000000000e+00,1.449977259397986273e+00,-3.136224815173633829e-01,0.000000000000000000e+00,2.150408709224111590e+03,3.976811498591091367e+04,0.000000000000000000e+00,1.449977259397813079e+00,-3.136224815172567459e-01,0.000000000000000000e+00,2.150408709225136136e+03,3.976811498591748386e+04,0.000000000000000000e+00,1.449977259397986273e+00,-3.136224815173636049e-01,0.000000000000000000e+00
6.620000000000000000e+04,2.295347975733180647e+03,3.973569567380426452e+04,0.000000000000000000e+00,1.448795225365292261e+00,-3.347608875499279435e-01,0.000000000000000000e+00,2.295347975732144732e+03,3.973569567379775253e+04,0.000000000000000000e+00,1.448795225365119288e+00,-3.347608875498174208e-01,0.000000000000000000e+00,2.295347975733191561e+03,3.973569567380430817e+04,0.000000000000000000e+00,1.448795225365292483e+00,-3.347608875499276104e-01,0.000000000000000000e+00
6.630000000000000000e+04,2.440165186286743847e+03,3.970116340177622624e+04,0.000000000000000000e+00,1.447536151125193626e+00,-3.558814925518438699e-01,0.000000000000000000e+00,2.440165186285670643e+03,3.970116340176969970e+04,0.000000000000000000e+00,1.447536151125020876e+00,-3.558814925517311822e-01,0.000000000000000000e+00,2.440165186286740209e+03,3.970116340177623351e+04,0.000000000000000000e+00,1.447536151125193848e+00,-3.558814925518447025e-01,0.000000000000000000e+00
6.640000000000000000e+04,2.584852640178491129e+03,3.966452000609936658e+04,0.000000000000000000e+00,1.446200103629416311e+00,-3.769831734273418888e-01,0.000000000000000000e+00,2.584852640177411558e+03,3.966452000609274546e+04,0.000000000000000000e+00,1.446200103629243339e+00,-3.769831734272275359e-01,0.000000000000000000e+00,2.584852640178486581e+03,3.966452000609927200e+04,0.000000000000000000e+00,1.446200103629416533e+00,-3.769831734273418888e-01,0.000000000000000000e+00
6.650000000000000000e+04,2.729402643601060845e+03,3.962576743529899977e+04,0.000000000000000000e+00,1.444787153922766798e+00,-3.980648080869508831e-01,0.000000000000000000e+00,2.729402643599946714e+03,3.962576743529264058e+04,0.000000000000000000e+00,1.444787153922593159e+00,-3.980648080868333105e-01,0.000000000000000000e+00,2.729402643601043565e+03,3.962576743529914529e+04,0.000000000000000000e+00,1.444787153922766354e+00,-3.980648080869509386e-01,0.000000000000000000e+00
6.660000000000000000e+04,2.873807510055950843e+03,3.958490775005775504e+04,0.000000000000000000e+00,1.443297377139352022e+00,-4.191252755071603886e-01,0.000000000000000000e+00,2.873807510054833074e+03,3.958490775005127944e+04,0.000000000000000000e+00,1.443297377139179272e+00,-4.191252755070400404e-01,0.000000000000000000e+00,2.873807510055952207e+03,3.958490775005777687e+04,0.000000000000000000e+00,1.443297377139352466e+00,-4.191252755071609992e-01,0.000000000000000000e+00
6.670000000000000000e+04,3.018059560762456385e+03,3.954194312310358509e+04,0.000000000000000000e+00,1.441730852498591453e+00,-4.401634557900369060e-01,0.000000000000000000e+00,3.018059560761337707e+03,3.954194312309712404e+04,0.000000000000000000e+00,1.441730852498418258e+00,-4.401634557899147815e-01,0.000000000000000000e+00,3.018059560762461842e+03,3.954194312310361420e+04,0.000000000000000000e+00,1.441730852498591453e+00,-4.401634557900364619e-01,0.000000000000000000e+00
6.680000000000000000e+04,3.162151125065909582e+03,3.949687583909626119e+04,0.000000000000000000e+00,1.440087663300994691e+00,-4.611782302227762642e-01,0.000000000000000000e+00,3.162151125064759981e+03,3.949687583908967645e+04,0.000000000000000000e+00,1.440087663300821497e+00,-4.611782302226511421e-01,0.000000000000000000e+00,3.162151125065906854e+03,3.949687583909615932e+04,0.000000000000000000e+00,1.440087663300994913e+00,-4.611782302227762087e-01,0.000000000000000000e+00
6.690000000000000000e+04,3.306074540845482261e+03,3.944970829450455494e+04,0.000000000000000000e+00,1.438367896923739231e+00,-4.821684813371849287e-01,0.000000000000000000e+00,3.306074540844322200e+03,3.944970829449798475e+04,0.000000000000000000e+00,1.438367896923566036e+00,-4.821684813370573086e-01,0.000000000000000000e+00,3.306074540845491811e+03,3.944970829450444580e+04,0.000000000000000000e+00,1.438367896923739231e+00,-4.821684813371856504e-01,0.000000000000000000e+00
6.700000000000000000e+04,3.449822154921770561e+03,3.940044299747969490e+04,0.000000000000000000e+00,1.436571644816020843e+00,-5.031330929691071319e-01,0.000000000000000000e+00,3.449822154920605499e+03,3.940044299747319747e+04,0.000000000000000000e+00,1.436571644815847426e+00,-5.031330929689776799e-01,0.000000000000000000e+00,3.449822154921780111e+03,3.940044299747965124e+04,0.000000000000000000e+00,1.436571644816020843e+00,-5.031330929691067988e-01,0.000000000000000000e+00
6.710000000000000000e+04,3.593386323463710141e+03,3.934908256772160530e+04,0.000000000000000000e+00,1.434699002494191689e+00,-5.240709503177773954e-01,0.000000000000000000e+00,3.593386323462508699e+03,3.934908256771521701e+04,0.000000000000000000e+00,1.434699002494018050e+00,-5.240709503176453898e-01,0.000000000000000000e+00,3.593386323463705139e+03,3.934908256772165623e+04,0.000000000000000000e+00,1.434699002494191467e+00,-5.240709503177778394e-01,0.000000000000000000e+00
6.720000000000000000e+04,3.736759412394923856e+03,3.929562973633978982e+04,0.000000000000000000e+00,1.432750069536680826e+00,-5.449809400050975583e-01,0.000000000000000000e+00,3.736759412393712864e+03,3.929562973633336514e+04,0.000000000000000000e+00,1.432750069536506965e+00,-5.449809400049622221e-01,0.000000000000000000e+00,3.736759412394932042e+03,3.929562973633978254e+04,0.000000000000000000e+00,1.432750069536680382e+00,-5.449809400050980024e-01,0.000000000000000000e+00
6.730000000000000000e+04,3.879933797799843887e+03,3.924008734570769593e+04,0.000000000000000000e+00,1.430724949578699778e+00,-5.658619501348400860e-01,0.000000000000000000e+00,3.879933797798626529e+03,3.924008734570119123e+04,0.000000000000000000e+00,1.430724949578525695e+00,-5.658619501347028624e-01,0.000000000000000000e+00,3.879933797799851163e+03,3.924008734570760134e+04,0.000000000000000000e+00,1.430724949578699334e+00,-5.658619501348393088e-01,0.000000000000000000e+00
6.740000000000000000e+04,4.022901866329033510e+03,3.918245834931172431e+04,0.000000000000000000e+00,1.428623750306730500e+00,-5.867128703517803245e-01,0.000000000000000000e+00,4.022901866327790231e+03,3.918245834930529963e+04,0.000000000000000000e+00,1.428623750306556639e+00,-5.867128703516403254e-01,0.000000000000000000e+00,4.022901866329037603e+03,3.918245834931168793e+04,0.000000000000000000e+00,1.428623750306730056e+00,-5.867128703517801025e-01,0.000000000000000000e+00
6.750000000000000000e+04,4.165656015603984997e+03,3.912274581159465015e+04,0.000000000000000000e+00,1.426446583452801065e+00,-6.075325919007337205e-01,0.000000000000000000e+00,4.165656015602718071e+03,3.912274581158830551e+04,0.000000000000000000e+00,1.426446583452626982e+00,-6.075325919005896136e-01,0.000000000000000000e+00,4.165656015603987726e+03,3.912274581159467925e+04,0.000000000000000000e+00,1.426446583452800398e+00,-6.075325919007328324e-01,0.000000000000000000e+00
6.760000000000000000e+04,4.308188654621430032e+03,3.906095290779240895e+04,0.000000000000000000e+00,1.424193564788541089e+00,-6.283200076855095517e-01,0.000000000000000000e+00,4.308188654620156740e+03,3.906095290778589697e+04,0.000000000000000000e+00,1.424193564788367672e+00,-6.283200076853662219e-01,0.000000000000000000e+00,4.308188654621431851e+03,3.906095290779226343e+04,0.000000000000000000e+00,1.424193564788541089e+00,-6.283200076855101068e-01,0.000000000000000000e+00
6.770000000000000000e+04,4.450492204157038941e+03,3.899708292376436293e+04,0.000000000000000000e+00,1.421864814119030207e+00,-6.490740123278033735e-01,0.000000000000000000e+00,4.450492204155742002e+03,3.899708292375796009e+04,0.000000000000000000e+00,1.421864814118856568e+00,-6.490740123276562690e-01,0.000000000000000000e+00,4.450492204157039851e+03,3.899708292376430472e+04,0.000000000000000000e+00,1.421864814119029985e+00,-6.490740123278034845e-01,0.000000000000000000e+00
6.780000000000000000e+04,4.592559097168341395e+03,3.893113925582030788e+04,0.000000000000000000e+00,1.419460455276421840e+00,-6.697935022259455806e-01,0.000000000000000000e+00,4.592559097167025357e+03,3.893113925581388321e+04,0.000000000000000000e+00,1.419460455276249089e+00,-6.697935022257951454e-01,0.000000000000000000e+00,4.592559097168345033e+03,3.893113925582020602e+04,0.000000000000000000e+00,1.419460455276422284e+00,-6.697935022259456916e-01,0.000000000000000000e+00
6.790000000000000000e+04,4.734381779197203286e+03,3.886312541053828318e+04,0.000000000000000000e+00,1.416980616113364455e+00,-6.904773756136064478e-01,0.000000000000000000e+00,4.734381779195850868e+03,3.886312541053193127e+04,0.000000000000000000e+00,1.416980616113191260e+00,-6.904773756134524598e-01,0.000000000000000000e+00,4.734381779197193282e+03,3.886312541053823225e+04,0.000000000000000000e+00,1.416980616113364233e+00,-6.904773756136064478e-01,0.000000000000000000e+00
6.800000000000000000e+04,4.875952708771423204e+03,3.879304500457912218e+04,0.000000000000000000e+00,1.414425428496196346e+00,-7.111245326183732729e-01,0.000000000000000000e+00,4.875952708770074423e+03,3.879304500457279937e+04,0.000000000000000000e+00,1.414425428496022930e+00,-7.111245326182186188e-01,0.000000000000000000e+00,4.875952708771422294e+03,3.879304500457908580e+04,0.000000000000000000e+00,1.414425428496195902e+00,-7.111245326183732729e-01,0.000000000000000000e+00
6.810000000000000000e+04,5.017264357805950567e+03,3.872090176449366845e+04,0.000000000000000000e+00,1.411795028297937016e+00,-7.317338753202484725e-01,0.000000000000000000e+00,5.017264357804575411e+03,3.872090176448728744e+04,0.000000000000000000e+00,1.411795028297764931e+00,-7.317338753200905987e-01,0.000000000000000000e+00,5.017264357805946020e+03,3.872090176449355931e+04,0.000000000000000000e+00,1.411795028297937682e+00,-7.317338753202485835e-01,0.000000000000000000e+00
6.820000000000000000e+04,5.158309212002961431e+03,3.864669952652428765e+04,0.000000000000000000e+00,1.409089555391067172e+00,-7.523043078100162262e-01,0.000000000000000000e+00,5.158309212001571723e+03,3.864669952651814674e+04,0.000000000000000000e+00,1.409089555390894422e+00,-7.523043078098546887e-01,0.000000000000000000e+00,5.158309212002965069e+03,3.864669952652440406e+04,0.000000000000000000e+00,1.409089555391067172e+00,-7.523043078100161152e-01,0.000000000000000000e+00
6.830000000000000000e+04,5.299079771251599595e+03,3.857044223640242126e+04,0.000000000000000000e+00,1.406309153640079579e+00,-7.728347362475238569e-01,0.000000000000000000e+00,5.299079771250190788e+03,3.857044223639608390e+04,0.000000000000000000e+00,1.406309153639906606e+00,-7.728347362473618753e-01,0.000000000000000000e+00,5.299079771251588681e+03,3.857044223640233395e+04,0.000000000000000000e+00,1.406309153640079801e+00,-7.728347362475240789e-01,0.000000000000000000e+00
6.840000000000000000e+04,5.439568550026713638e+03,3.849213394913612865e+04,0.000000000000000000e+00,1.403453970893838942e+00,-7.933240689198566287e-01,0.000000000000000000e+00,5.439568550025293916e+03,3.849213394912994409e+04,0.000000000000000000e+00,1.403453970893665304e+00,-7.933240689196928708e-01,0.000000000000000000e+00,5.439568550026713638e+03,3.849213394913616503e+04,0.000000000000000000e+00,1.403453970893838276e+00,-7.933240689198581830e-01,0.000000000000000000e+00
6.850000000000000000e+04,5.579768077786968206e+03,3.841177882879739627e+04,0.000000000000000000e+00,1.400524158977712652e+00,-8.137712162993784304e-01,0.000000000000000000e+00,5.579768077785519381e+03,3.841177882879106619e+04,0.000000000000000000e+00,1.400524158977540123e+00,-8.137712162992103426e-01,0.000000000000000000e+00,5.579768077786961840e+03,3.841177882879727258e+04,0.000000000000000000e+00,1.400524158977712652e+00,-8.137712162993790965e-01,0.000000000000000000e+00
6.860000000000000000e+04,5.719670899371980340e+03,3.832938114829827100e+04,0.000000000000000000e+00,1.397519873685507008e+00,-8.341750911016649894e-01,0.000000000000000000e+00,5.719670899370533334e+03,3.832938114829189726e+04,0.000000000000000000e+00,1.397519873685333813e+00,-8.341750911014952363e-01,0.000000000000000000e+00,5.719670899371980340e+03,3.832938114829808910e+04,0.000000000000000000e+00,1.397519873685506786e+00,-8.341750911016647674e-01,0.000000000000000000e+00
6.870000000000000000e+04,5.859269575398931920e+03,3.824494528916489799e+04,0.000000000000000000e+00,1.394441274771170747e+00,-8.545346083433358331e-01,0.000000000000000000e+00,5.859269575397459448e+03,3.824494528915874253e+04,0.000000000000000000e+00,1.394441274770997996e+00,-8.545346083431635265e-01,0.000000000000000000e+00,5.859269575398927373e+03,3.824494528916491981e+04,0.000000000000000000e+00,1.394441274771170747e+00,-8.545346083433362772e-01,0.000000000000000000e+00
6.880000000000000000e+04,5.998556682657952479e+03,3.815847574130503926e+04,0.000000000000000000e+00,1.391288525940310272e+00,-8.748486853997361479e-01,0.000000000000000000e+00,5.998556682656469093e+03,3.815847574129879649e+04,0.000000000000000000e+00,1.391288525940137744e+00,-8.748486853995601775e-01,0.000000000000000000e+00,5.998556682657959755e+03,3.815847574130495195e+04,0.000000000000000000e+00,1.391288525940310050e+00,-8.748486853997361479e-01,0.000000000000000000e+00
6.890000000000000000e+04,6.137524814507007250e+03,3.806997710276744328e+04,0.000000000000000000e+00,1.388061794841478402e+00,-8.951162420625058402e-01,0.000000000000000000e+00,6.137524814505518407e+03,3.806997710276137514e+04,0.000000000000000000e+00,1.388061794841306318e+00,-8.951162420623283156e-01,0.000000000000000000e+00,6.137524814507013616e+03,3.806997710276750877e+04,0.000000000000000000e+00,1.388061794841478624e+00,-8.951162420625051741e-01,0.000000000000000000e+00
6.900000000000000000e+04,6.276166581265701097e+03,3.797945407949946821e+04,0.000000000000000000e+00,1.384761253057262387e+00,-9.153362005970304693e-01,0.000000000000000000e+00,6.276166581264192246e+03,3.797945407949342916e+04,0.000000000000000000e+00,1.384761253057090746e+00,-9.153362005968499471e-01,0.000000000000000000e+00,6.276166581265708373e+03,3.797945407949953369e+04,0.000000000000000000e+00,1.384761253057262831e+00,-9.153362005970301363e-01,0.000000000000000000e+00
6.910000000000000000e+04,6.414474610608194780e+03,3.788691148509527557e+04,0.000000000000000000e+00,1.381387076095159649e+00,-9.355074857997376370e-01,0.000000000000000000e+00,6.414474610606657734e+03,3.788691148508928745e+04,0.000000000000000000e+00,1.381387076094988231e+00,-9.355074857995546722e-01,0.000000000000000000e+00,6.414474610608196599e+03,3.788691148509537015e+04,0.000000000000000000e+00,1.381387076095160094e+00,-9.355074857997380811e-01,0.000000000000000000e+00
6.920000000000000000e+04,6.552441547955248097e+03,3.779235424054076429e+04,0.000000000000000000e+00,1.377939443378243922e+00,-9.556290250552814669e-01,0.000000000000000000e+00,6.552441547953691042e+03,3.779235424053470342e+04,0.000000000000000000e+00,1.377939443378072726e+00,-9.556290250550937282e-01,0.000000000000000000e+00,6.552441547955250826e+03,3.779235424054076429e+04,0.000000000000000000e+00,1.377939443378244366e+00,-9.556290250552804677e-01,0.000000000000000000e+00
6.930000000000000000e+04,6.690060056865309889e+03,3.769578737395128701e+04,0.000000000000000000e+00,1.374418538235626208e+00,-9.756997483935645477e-01,0.000000000000000000e+00,6.690060056863754653e+03,3.769578737394518248e+04,0.000000000000000000e+00,1.374418538235454568e+00,-9.756997483933773641e-01,0.000000000000000000e+00,6.690060056865318984e+03,3.769578737395122880e+04,0.000000000000000000e+00,1.374418538235626430e+00,-9.756997483935648807e-01,0.000000000000000000e+00
6.940000000000000000e+04,6.827322819424713089e+03,3.759721602030470967e+04,0.000000000000000000e+00,1.370824547892703471e+00,-9.957185885466612874e-01,0.000000000000000000e+00,6.827322819423120563e+03,3.759721602029859787e+04,0.000000000000000000e+00,1.370824547892531609e+00,-9.957185885464703290e-01,0.000000000000000000e+00,6.827322819424708541e+03,3.759721602030462236e+04,0.000000000000000000e+00,1.370824547892703027e+00,-9.957185885466612874e-01,0.000000000000000000e+00
6.950000000000000000e+04,6.964222536636603763e+03,3.749664542116818484e+04,0.000000000000000000e+00,1.367157663461203931e+00,-1.015684481005537876e+00,0.000000000000000000e+00,6.964222536635002143e+03,3.749664542116215307e+04,0.000000000000000000e+00,1.367157663461033401e+00,-1.015684481005344475e+00,0.000000000000000000e+00,6.964222536636611039e+03,3.749664542116815574e+04,0.000000000000000000e+00,1.367157663461204375e+00,-1.015684481005538542e+00,0.000000000000000000e+00
6.960000000000000000e+04,7.100751928809295350e+03,3.739408092441956978e+04,0.000000000000000000e+00,1.363418079929030746e+00,-1.035596364076678100e+00,0.000000000000000000e+00,7.100751928807677359e+03,3.739408092441364715e+04,0.000000000000000000e+00,1.363418079928858884e+00,-1.035596364076484255e+00,0.000000000000000000e+00,7.100751928809291712e+03,3.739408092441963527e+04,0.000000000000000000e+00,1.363418079929030080e+00,-1.035596364076679210e+00,0.000000000000000000e+00
6.970000000000000000e+04,7.236903735943233187e+03,3.728952798396314029e+04,0.000000000000000000e+00,1.359605996149879203e+00,-1.055453178938541292e+00,0.000000000000000000e+00,7.236903735941592458e+03,3.728952798395709397e+04,0.000000000000000000e+00,1.359605996149708229e+00,-1.055453178938342784e+00,0.000000000000000000e+00,7.236903735943227730e+03,3.728952798396305298e+04,0.000000000000000000e+00,1.359605996149878981e+00,-1.055453178938540848e+00,0.000000000000000000e+00
6.980000000000000000e+04,7.372670718117064098e+03,3.718299215943866875e+04,0.000000000000000000e+00,1.355721614832678057e+00,-1.075253869697847087e+00,0.000000000000000000e+00,7.372670718115413365e+03,3.718299215943270974e+04,0.000000000000000000e+00,1.355721614832507749e+00,-1.075253869697645026e+00,0.000000000000000000e+00,7.372670718117070464e+03,3.718299215943865420e+04,0.000000000000000000e+00,1.355721614832678057e+00,-1.075253869697846421e+00,0.000000000000000000e+00
6.990000000000000000e+04,7.508045655872680072e+03,3.707447911592724267e+04,0.000000000000000000e+00,1.351765142530801711e+00,-1.094997383445736716e+00,0.000000000000000000e+00,7.508045655871012968e+03,3.707447911592132004e+04,0.000000000000000000e+00,1.351765142530631625e+00,-1.094997383445535322e+00,0.000000000000000000e+00,7.508045655872674615e+03,3.707447911592724995e+04,0.000000000000000000e+00,1.351765142530801933e+00,-1.094997383445737604e+00,0.000000000000000000e+00
7.000000000000000000e+04,7.643021350599046855e+03,3.696399462364916690e+04,0.000000000000000000e+00,1.347736789631088783e+00,-1.114682670313772661e+00,0.000000000000000000e+00,7.643021350597366109e+03,3.696399462364304054e+04,0.000000000000000000e+00,1.347736789630918253e+00,-1.114682670313566160e+00,0.000000000000000000e+00,7.643021350599049583e+03,3.696399462364894862e+04,0.000000000000000000e+00,1.347736789631088339e+00,-1.114682670313771773e+00,0.000000000000000000e+00
7.010000000000000000e+04,7.777590624915050284e+03,3.685154455765627790e+04,0.000000000000000000e+00,1.343636770342651943e+00,-1.134308683529734019e+00,0.000000000000000000e+00,7.777590624913339525e+03,3.685154455765050807e+04,0.000000000000000000e+00,1.343636770342482523e+00,-1.134308683529525297e+00,0.000000000000000000e+00,7.777590624915044828e+03,3.685154455765639432e+04,0.000000000000000000e+00,1.343636770342652165e+00,-1.134308683529734241e+00,0.000000000000000000e+00
7.020000000000000000e+04,7.911746323051069339e+03,3.673713489752227906e+04,0.000000000000000000e+00,1.339465302685494130e+00,-1.153874379473307954e+00,0.000000000000000000e+00,7.911746323049352213e+03,3.673713489751644374e+04,0.000000000000000000e+00,1.339465302685325376e+00,-1.153874379473098122e+00,0.000000000000000000e+00,7.911746323051062063e+03,3.673713489752231544e+04,0.000000000000000000e+00,1.339465302685494796e+00,-1.153874379473307954e+00,0.000000000000000000e+00
7.030000000000000000e+04,8.045481311229603307e+03,3.662077172702155076e+04,0.000000000000000000e+00,1.335222608478908946e+00,-1.173378717731575982e+00,0.000000000000000000e+00,8.045481311227884362e+03,3.662077172701569361e+04,0.000000000000000000e+00,1.335222608478740414e+00,-1.173378717731363041e+00,0.000000000000000000e+00,8.045481311229615130e+03,3.662077172702153621e+04,0.000000000000000000e+00,1.335222608478909390e+00,-1.173378717731576204e+00,0.000000000000000000e+00
7.040000000000000000e+04,8.178788478044574731e+03,3.650246123380749486e+04,0.000000000000000000e+00,1.330908913329687415e+00,-1.192820661154330608e+00,0.000000000000000000e+00,8.178788478042819406e+03,3.650246123380171048e+04,0.000000000000000000e+00,1.330908913329518661e+00,-1.192820661154115447e+00,0.000000000000000000e+00,8.178788478044571093e+03,3.650246123380753124e+04,0.000000000000000000e+00,1.330908913329686971e+00,-1.192820661154331718e+00,0.000000000000000000e+00
7.050000000000000000e+04,8.311660734839351790e+03,3.638220970908342861e+04,0.000000000000000000e+00,1.326524446620120035e+00,-1.212199175909234317e+00,0.000000000000000000e+00,8.311660734837596465e+03,3.638220970907754236e+04,0.000000000000000000e+00,1.326524446619951725e+00,-1.212199175909018045e+00,0.000000000000000000e+00,8.311660734839353609e+03,3.638220970908334857e+04,0.000000000000000000e+00,1.326524446620119813e+00,-1.212199175909234983e+00,0.000000000000000000e+00
7.060000000000000000e+04,8.444091016083933937e+03,3.626002354726707563e+04,0.000000000000000000e+00,1.322069441495801634e+00,-1.231513231536796038e+00,0.000000000000000000e+00,8.444091016082151327e+03,3.626002354726129852e+04,0.000000000000000000e+00,1.322069441495634434e+00,-1.231513231536575992e+00,0.000000000000000000e+00,8.444091016083930299e+03,3.626002354726707563e+04,0.000000000000000000e+00,1.322069441495801856e+00,-1.231513231536796260e+00,0.000000000000000000e+00
7.070000000000000000e+04,8.576072279750427697e+03,3.613590924565179739e+04,0.000000000000000000e+00,1.317544134853234628e+00,-1.250761801005154883e+00,0.000000000000000000e+00,8.576072279748628716e+03,3.613590924564607849e+04,0.000000000000000000e+00,1.317544134853067206e+00,-1.250761801004931950e+00,0.000000000000000000e+00,8.576072279750427697e+03,3.613590924565182650e+04,0.000000000000000000e+00,1.317544134853234183e+00,-1.250761801005155549e+00,0.000000000000000000e+00
7.080000000000000000e+04,8.707597507687671168e+03,3.600987340406014118e+04,0.000000000000000000e+00,1.312948767327225763e+00,-1.269943860764705335e+00,0.000000000000000000e+00,8.707597507685846722e+03,3.600987340405453870e+04,0.000000000000000000e+00,1.312948767327059008e+00,-1.269943860764478849e+00,0.000000000000000000e+00,8.707597507687665711e+03,3.600987340406025760e+04,0.000000000000000000e+00,1.312948767327225541e+00,-1.269943860764705335e+00,0.000000000000000000e+00
7.090000000000000000e+04,8.838659705994301476e+03,3.588192272449366283e+04,0.000000000000000000e+00,1.308283583278098572e+00,-1.289058390802513721e+00,0.000000000000000000e+00,8.838659705992482486e+03,3.588192272448790027e+04,0.000000000000000000e+00,1.308283583277931816e+00,-1.289058390802286791e+00,0.000000000000000000e+00,8.838659705994305114e+03,3.588192272449360462e+04,0.000000000000000000e+00,1.308283583278098350e+00,-1.289058390802513943e+00,0.000000000000000000e+00
7.100000000000000000e+04,8.969251905390825414e+03,3.575206401077529881e+04,0.000000000000000000e+00,1.303548830778691769e+00,-1.308104374696573480e+00,0.000000000000000000e+00,8.969251905388982777e+03,3.575206401076959446e+04,0.000000000000000000e+00,1.303548830778525902e+00,-1.308104374696343219e+00,0.000000000000000000e+00,8.969251905390825414e+03,3.575206401077526971e+04,0.000000000000000000e+00,1.303548830778691547e+00,-1.308104374696573480e+00,0.000000000000000000e+00
7.110000000000000000e+04,9.099367161590016622e+03,3.562030416818906087e+04,0.000000000000000000e+00,1.298744761601174247e+00,-1.327080799669835276e+00,0.000000000000000000e+00,9.099367161588155795e+03,3.562030416818344384e+04,0.000000000000000000e+00,1.298744761601008824e+00,-1.327080799669601685e+00,0.000000000000000000e+00,9.099367161590020260e+03,3.562030416818908270e+04,0.000000000000000000e+00,1.298744761601174025e+00,-1.327080799669835054e+00,0.000000000000000000e+00
7.120000000000000000e+04,9.228998555666308675e+03,3.548665020311204717e+04,0.000000000000000000e+00,1.293871631203652672e+00,-1.345986656644070578e+00,0.000000000000000000e+00,9.228998555664438754e+03,3.548665020310648833e+04,0.000000000000000000e+00,1.293871631203487693e+00,-1.345986656643836099e+00,0.000000000000000000e+00,9.228998555666308675e+03,3.548665020311211265e+04,0.000000000000000000e+00,1.293871631203652894e+00,-1.345986656644070356e+00,0.000000000000000000e+00
7.130000000000000000e+04,9.358139194423696608e+03,3.535110922264191322e+04,0.000000000000000000e+00,1.288929698716589467e+00,-1.364820940293536733e+00,0.000000000000000000e+00,9.358139194421806678e+03,3.535110922263640532e+04,0.000000000000000000e+00,1.288929698716425154e+00,-1.364820940293299367e+00,0.000000000000000000e+00,9.358139194423696608e+03,3.535110922264199326e+04,0.000000000000000000e+00,1.288929698716589689e+00,-1.364820940293536955e+00,0.000000000000000000e+00
7.140000000000000000e+04,9.486782210762241448e+03,3.521368843421910424e+04,0.000000000000000000e+00,1.283919226929023605e+00,-1.383582649098421324e+00,0.000000000000000000e+00,9.486782210760326052e+03,3.521368843421360361e+04,0.000000000000000000e+00,1.283919226928859070e+00,-1.383582649098181738e+00,0.000000000000000000e+00,9.486782210762235991e+03,3.521368843421916245e+04,0.000000000000000000e+00,1.283919226929023161e+00,-1.383582649098422435e+00,0.000000000000000000e+00
7.150000000000000000e+04,9.614920764043221425e+03,3.507439514524338301e+04,0.000000000000000000e+00,1.278840482274593349e+00,-1.402270785398108899e+00,0.000000000000000000e+00,9.614920764041318762e+03,3.507439514523795515e+04,0.000000000000000000e+00,1.278840482274429702e+00,-1.402270785397866870e+00,0.000000000000000000e+00,9.614920764043232339e+03,3.507439514524350670e+04,0.000000000000000000e+00,1.278840482274593793e+00,-1.402270785398108455e+00,0.000000000000000000e+00
7.160000000000000000e+04,9.742548040453046269e+03,3.493323676268570125e+04,0.000000000000000000e+00,1.273693734817375134e+00,-1.420884355444226532e+00,0.000000000000000000e+00,9.742548040451105408e+03,3.493323676268021518e+04,0.000000000000000000e+00,1.273693734817211487e+00,-1.420884355443982505e+00,0.000000000000000000e+00,9.742548040453037174e+03,3.493323676268574491e+04,0.000000000000000000e+00,1.273693734817374912e+00,-1.420884355444226976e+00,0.000000000000000000e+00
7.170000000000000000e+04,9.869657253365294309e+03,3.479022079269355163e+04,0.000000000000000000e+00,1.268479258237515506e+00,-1.439422369453491779e+00,0.000000000000000000e+00,9.869657253363340715e+03,3.479022079268817470e+04,0.000000000000000000e+00,1.268479258237352303e+00,-1.439422369453244199e+00,0.000000000000000000e+00,9.869657253365294309e+03,3.479022079269367532e+04,0.000000000000000000e+00,1.268479258237515062e+00,-1.439422369453491779e+00,0.000000000000000000e+00
7.180000000000000000e+04,9.996241643701847352e+03,3.464535484019271098e+04,0.000000000000000000e+00,1.263197329816683201e+00,-1.457883841660335023e+00,0.000000000000000000e+00,9.996241643699893757e+03,3.464535484018750140e+04,0.000000000000000000e+00,1.263197329816520442e+00,-1.457883841660086777e+00,0.000000000000000000e+00,9.996241643701850990e+03,3.464535484019298747e+04,0.000000000000000000e+00,1.263197329816683201e+00,-1.457883841660335023e+00,0.000000000000000000e+00
7.190000000000000000e+04,1.012229448029223568e+04,3.449864660848269705e+04,0.000000000000000000e+00,1.257848230423322278e+00,-1.476267790369333976e+00,0.000000000000000000e+00,1.012229448029026207e+04,3.449864660847733467e+04,0.000000000000000000e+00,1.257848230423160407e+00,-1.476267790369082844e+00,0.000000000000000000e+00,1.012229448029223749e+04,3.449864660848279163e+04,0.000000000000000000e+00,1.257848230423322278e+00,-1.476267790369334199e+00,0.000000000000000000e+00
7.200000000000000000e+04,1.024780906023149873e+04,3.435010389882617164e+04,0.000000000000000000e+00,1.252432244497718727e+00,-1.494573238007399496e+00,0.000000000000000000e+00,1.024780906022950148e+04,3.435010389882068557e+04,0.000000000000000000e+00,1.252432244497556635e+00,-1.494573238007145033e+00,0.000000000000000000e+00,1.024780906023149873e+04,3.435010389882611344e+04,0.000000000000000000e+00,1.252432244497718061e+00,-1.494573238007399718e+00,0.000000000000000000e+00
7.210000000000000000e+04,1.037277870923667069e+04,3.419973461003520060e+04,0.000000000000000000e+00,1.246949660036870799e+00,-1.512799211175763325e+00,0.000000000000000000e+00,1.037277870923466617e+04,3.419973461002959084e+04,0.000000000000000000e+00,1.246949660036710039e+00,-1.512799211175508640e+00,0.000000000000000000e+00,1.037277870923666524e+04,3.419973461003500415e+04,0.000000000000000000e+00,1.246949660036871244e+00,-1.512799211175763991e+00,0.000000000000000000e+00
7.220000000000000000e+04,1.049719678200171620e+04,3.404754673805041239e+04,0.000000000000000000e+00,1.241400768579182579e+00,-1.530944740701750906e+00,0.000000000000000000e+00,1.049719678199970076e+04,3.404754673804508639e+04,0.000000000000000000e+00,1.241400768579021596e+00,-1.530944740701492668e+00,0.000000000000000000e+00,1.049719678200172166e+04,3.404754673805046332e+04,0.000000000000000000e+00,1.241400768579182357e+00,-1.530944740701751128e+00,0.000000000000000000e+00
7.230000000000000000e+04,1.062105666255085816e+04,3.389354837551736273e+04,0.000000000000000000e+00,1.235785865188951949e+00,-1.549008861690296612e+00,0.000000000000000000e+00,1.062105666254881908e+04,3.389354837551202218e+04,0.000000000000000000e+00,1.235785865188791410e+00,-1.549008861690035488e+00,0.000000000000000000e+00,1.062105666255085998e+04,3.389354837551737000e+04,0.000000000000000000e+00,1.235785865188951504e+00,-1.549008861690296834e+00,0.000000000000000000e+00
7.240000000000000000e+04,1.074435176459037029e+04,3.373774771135405172e+04,0.000000000000000000e+00,1.230105248440686694e+00,-1.566990613575268032e+00,0.000000000000000000e+00,1.074435176458830938e+04,3.373774771134873299e+04,0.000000000000000000e+00,1.230105248440527488e+00,-1.566990613575003799e+00,0.000000000000000000e+00,1.074435176459037029e+04,3.373774771135404444e+04,0.000000000000000000e+00,1.230105248440686694e+00,-1.566990613575268032e+00,0.000000000000000000e+00
7.250000000000000000e+04,1.086707553185881989e+04,3.358015303031692747e+04,0.000000000000000000e+00,1.224359220403228310e+00,-1.584889040170536223e+00,0.000000000000000000e+00,1.086707553185675351e+04,3.358015303031160147e+04,0.000000000000000000e+00,1.224359220403069548e+00,-1.584889040170270880e+00,0.000000000000000000e+00,1.086707553185882171e+04,3.358015303031689837e+04,0.000000000000000000e+00,1.224359220403228532e+00,-1.584889040170536001e+00,0.000000000000000000e+00
7.260000000000000000e+04,1.098922143847576081e+04,3.342077271255978849e+04,0.000000000000000000e+00,1.218548086623683968e+00,-1.602703189720831034e+00,0.000000000000000000e+00,1.098922143847367443e+04,3.342077271255449159e+04,0.000000000000000000e+00,1.218548086623525650e+00,-1.602703189720562582e+00,0.000000000000000000e+00,1.098922143847576081e+04,3.342077271255975938e+04,0.000000000000000000e+00,1.218548086623683968e+00,-1.602703189720830590e+00,0.000000000000000000e+00
7.270000000000000000e+04,1.111078298928863660e+04,3.325961523318837862e+04,0.000000000000000000e+00,1.212672156111183508e+00,-1.620432114952337965e+00,0.000000000000000000e+00,1.111078298928653385e+04,3.325961523318315449e+04,0.000000000000000000e+00,1.212672156111025634e+00,-1.620432114952066627e+00,0.000000000000000000e+00,1.111078298928863842e+04,3.325961523318838590e+04,0.000000000000000000e+00,1.212672156111183286e+00,-1.620432114952337743e+00,0.000000000000000000e+00
7.280000000000000000e+04,1.123175372021823569e+04,3.309668916180985980e+04,0.000000000000000000e+00,1.206731741320446361e+00,-1.638074873123076980e+00,0.000000000000000000e+00,1.123175372021612930e+04,3.309668916180453380e+04,0.000000000000000000e+00,1.206731741320288487e+00,-1.638074873122804975e+00,0.000000000000000000e+00,1.123175372021824114e+04,3.309668916180975066e+04,0.000000000000000000e+00,1.206731741320446138e+00,-1.638074873123077202e+00,0.000000000000000000e+00
7.290000000000000000e+04,1.135212719860244397e+04,3.293200316207634751e+04,0.000000000000000000e+00,1.200727158135165951e+00,-1.655630526073038844e+00,0.000000000000000000e+00,1.135212719860031757e+04,3.293200316207110154e+04,0.000000000000000000e+00,1.200727158135008743e+00,-1.655630526072763731e+00,0.000000000000000000e+00,1.135212719860244579e+04,3.293200316207628202e+04,0.000000000000000000e+00,1.200727158135165507e+00,-1.655630526073038622e+00,0.000000000000000000e+00
7.300000000000000000e+04,1.147189702353822213e+04,3.276556599122530315e+04,0.000000000000000000e+00,1.194658725851212910e+00,-1.673098140274058121e+00,0.000000000000000000e+00,1.147189702353607208e+04,3.276556599122015177e+04,0.000000000000000000e+00,1.194658725851057257e+00,-1.673098140273780565e+00,0.000000000000000000e+00,1.147189702353822031e+04,3.276556599122529587e+04,0.000000000000000000e+00,1.194658725851213132e+00,-1.673098140274058565e+00,0.000000000000000000e+00
7.310000000000000000e+04,1.159105682622200402e+04,3.259738649961340707e+04,0.000000000000000000e+00,1.188526767159659769e+00,-1.690476786879463900e+00,0.000000000000000000e+00,1.159105682621985761e+04,3.259738649960812472e+04,0.000000000000000000e+00,1.188526767159504560e+00,-1.690476786879185234e+00,0.000000000000000000e+00,1.159105682622201130e+04,3.259738649961325791e+04,0.000000000000000000e+00,1.188526767159660213e+00,-1.690476786879463900e+00,0.000000000000000000e+00
7.320000000000000000e+04,1.170960027028845070e+04,3.242747363024507649e+04,0.000000000000000000e+00,1.182331608129614686e+00,-1.707765541773472728e+00,0.000000000000000000e+00,1.170960027028629338e+04,3.242747363024000515e+04,0.000000000000000000e+00,1.182331608129460143e+00,-1.707765541773191398e+00,0.000000000000000000e+00,1.170960027028846343e+04,3.242747363024510196e+04,0.000000000000000000e+00,1.182331608129614908e+00,-1.707765541773472950e+00,0.000000000000000000e+00
7.330000000000000000e+04,1.182752105214727271e+04,3.225583641829877160e+04,0.000000000000000000e+00,1.176073578190889535e+00,-1.724963485620321091e+00,0.000000000000000000e+00,1.182752105214508265e+04,3.225583641829375847e+04,0.000000000000000000e+00,1.176073578190734770e+00,-1.724963485620036652e+00,0.000000000000000000e+00,1.182752105214727089e+04,3.225583641829881890e+04,0.000000000000000000e+00,1.176073578190888869e+00,-1.724963485620321091e+00,0.000000000000000000e+00
7.340000000000000000e+04,1.194481290131841524e+04,3.208248399064503610e+04,0.000000000000000000e+00,1.169753010116476144e+00,-1.742069703913154299e+00,0.000000000000000000e+00,1.194481290131622336e+04,3.208248399063988472e+04,0.000000000000000000e+00,1.169753010116322045e+00,-1.742069703912869194e+00,0.000000000000000000e+00,1.194481290131841706e+04,3.208248399064493060e+04,0.000000000000000000e+00,1.169753010116475922e+00,-1.742069703913154521e+00,0.000000000000000000e+00
7.350000000000000000e+04,1.206146958076563897e+04,3.190742556536116172e+04,0.000000000000000000e+00,1.163370240004856448e+00,-1.759083287022664699e+00,0.000000000000000000e+00,1.206146958076343253e+04,3.190742556535609765e+04,0.000000000000000000e+00,1.163370240004703460e+00,-1.759083287022376041e+00,0.000000000000000000e+00,1.206146958076564624e+04,3.190742556536111078e+04,0.000000000000000000e+00,1.163370240004856448e+00,-1.759083287022664255e+00,0.000000000000000000e+00
7.360000000000000000e+04,1.217748488722803449e+04,3.173067045124224387e+04,0.000000000000000000e+00,1.156925607262128786e+00,-1.776003330245444767e+00,0.000000000000000000e+00,1.217748488722580805e+04,3.173067045123715434e+04,0.000000000000000000e+00,1.156925607261976685e+00,-1.776003330245153666e+00,0.000000000000000000e+00,1.217748488722803813e+04,3.173067045124213837e+04,0.000000000000000000e+00,1.156925607262128564e+00,-1.776003330245444767e+00,0.000000000000000000e+00
7.370000000000000000e+04,1.229285265154992157e+04,3.155222804730478674e+04,0.000000000000000000e+00,1.150419454583957890e+00,-1.792828933852107731e+00,0.000000000000000000e+00,1.229285265154768240e+04,3.155222804729985000e+04,0.000000000000000000e+00,1.150419454583806234e+00,-1.792828933851815743e+00,0.000000000000000000e+00,1.229285265154991612e+04,3.155222804730481585e+04,0.000000000000000000e+00,1.150419454583957890e+00,-1.792828933852107731e+00,0.000000000000000000e+00
7.380000000000000000e+04,1.240756673900893293e+04,3.137210784228821285e+04,0.000000000000000000e+00,1.143852127937352137e+00,-1.809559203135131522e+00,0.000000000000000000e+00,1.240756673900667738e+04,3.137210784228321427e+04,0.000000000000000000e+00,1.143852127937201812e+00,-1.809559203134836203e+00,0.000000000000000000e+00,1.240756673900893111e+04,3.137210784228814373e+04,0.000000000000000000e+00,1.143852127937352581e+00,-1.809559203135131300e+00,0.000000000000000000e+00
7.390000000000000000e+04,1.252162104964218815e+04,3.119031941414892208e+04,0.000000000000000000e+00,1.137223976542270698e+00,-1.826193248456424501e+00,0.000000000000000000e+00,1.252162104963991442e+04,3.119031941414395624e+04,0.000000000000000000e+00,1.137223976542121040e+00,-1.826193248456126517e+00,0.000000000000000000e+00,1.252162104964218634e+04,3.119031941414885296e+04,0.000000000000000000e+00,1.137223976542270920e+00,-1.826193248456424278e+00,0.000000000000000000e+00
7.400000000000000000e+04,1.263500951857067776e+04,3.100687242955225520e+04,0.000000000000000000e+00,1.130535352853048181e+00,-1.842730185294641609e+00,0.000000000000000000e+00,1.263500951856839129e+04,3.100687242954715839e+04,0.000000000000000000e+00,1.130535352852899189e+00,-1.842730185294341183e+00,0.000000000000000000e+00,1.263500951857068139e+04,3.100687242955201873e+04,0.000000000000000000e+00,1.130535352853048181e+00,-1.842730185294641831e+00,0.000000000000000000e+00
7.410000000000000000e+04,1.274772611632176631e+04,3.082177664335700683e+04,0.000000000000000000e+00,1.123786612539656726e+00,-1.859169134292215420e+00,0.000000000000000000e+00,1.274772611631947257e+04,3.082177664335223017e+04,0.000000000000000000e+00,1.123786612539507734e+00,-1.859169134291913883e+00,0.000000000000000000e+00,1.274772611632176631e+04,3.082177664335707595e+04,0.000000000000000000e+00,1.123786612539656504e+00,-1.859169134292215420e+00,0.000000000000000000e+00
7.420000000000000000e+04,1.285976484914982939e+04,3.063504189809912350e+04,0.000000000000000000e+00,1.116978114468788696e+00,-1.875509221302120721e+00,0.000000000000000000e+00,1.285976484914751563e+04,3.063504189809420131e+04,0.000000000000000000e+00,1.116978114468640815e+00,-1.875509221301816742e+00,0.000000000000000000e+00,1.285976484914982757e+04,3.063504189809901072e+04,0.000000000000000000e+00,1.116978114468788696e+00,-1.875509221302120944e+00,0.000000000000000000e+00
7.430000000000000000e+04,1.297111975935491864e+04,3.044667812346504070e+04,0.000000000000000000e+00,1.110110220684780824e+00,-1.891749577434350460e+00,0.000000000000000000e+00,1.297111975935258852e+04,3.044667812346034771e+04,0.000000000000000000e+00,1.110110220684633386e+00,-1.891749577434043372e+00,0.000000000000000000e+00,1.297111975935491864e+04,3.044667812346511710e+04,0.000000000000000000e+00,1.110110220684780380e+00,-1.891749577434350238e+00,0.000000000000000000e+00
7.440000000000000000e+04,1.308178492559961160e+04,3.025669533576688264e+04,0.000000000000000000e+00,1.103183296390355839e+00,-1.907889339102120774e+00,0.000000000000000000e+00,1.308178492559727601e+04,3.025669533576215326e+04,0.000000000000000000e+00,1.103183296390208623e+00,-1.907889339101813020e+00,0.000000000000000000e+00,1.308178492559961160e+04,3.025669533576691174e+04,0.000000000000000000e+00,1.103183296390355395e+00,-1.907889339102120774e+00,0.000000000000000000e+00
7.450000000000000000e+04,1.319175446322388962e+04,3.006510363740753382e+04,0.000000000000000000e+00,1.096197709927204222e+00,-1.923927648067802032e+00,0.000000000000000000e+00,1.319175446322154312e+04,3.006510363740271714e+04,0.000000000000000000e+00,1.096197709927058117e+00,-1.923927648067491836e+00,0.000000000000000000e+00,1.319175446322389507e+04,3.006510363740743196e+04,0.000000000000000000e+00,1.096197709927203778e+00,-1.923927648067802254e+00,0.000000000000000000e+00
7.460000000000000000e+04,1.330102252455802955e+04,2.987191321634419728e+04,0.000000000000000000e+00,1.089153832756399876e+00,-1.939863651488543006e+00,0.000000000000000000e+00,1.330102252455565758e+04,2.987191321633953339e+04,0.000000000000000000e+00,1.089153832756255769e+00,-1.939863651488229701e+00,0.000000000000000000e+00,1.330102252455802773e+04,2.987191321634421183e+04,0.000000000000000000e+00,1.089153832756400098e+00,-1.939863651488543006e+00,0.000000000000000000e+00
7.470000000000000000e+04,1.340958329923351266e+04,2.967713434554752894e+04,0.000000000000000000e+00,1.082052039438648805e+00,-1.955696501961624811e+00,0.000000000000000000e+00,1.340958329923114252e+04,2.967713434554275591e+04,0.000000000000000000e+00,1.082052039438504254e+00,-1.955696501961310618e+00,0.000000000000000000e+00,1.340958329923351630e+04,2.967713434554741616e+04,0.000000000000000000e+00,1.082052039438648583e+00,-1.955696501961624589e+00,0.000000000000000000e+00
7.480000000000000000e+04,1.351743101449213646e+04,2.948077738245367073e+04,0.000000000000000000e+00,1.074892707614362397e+00,-1.971425357569530634e+00,0.000000000000000000e+00,1.351743101448974448e+04,2.948077738244891952e+04,0.000000000000000000e+00,1.074892707614218734e+00,-1.971425357569213999e+00,0.000000000000000000e+00,1.351743101449213464e+04,2.948077738245354703e+04,0.000000000000000000e+00,1.074892707614362175e+00,-1.971425357569530634e+00,0.000000000000000000e+00
7.490000000000000000e+04,1.362455993549280902e+04,2.928285276841477025e+04,0.000000000000000000e+00,1.067676217983588138e+00,-1.987049381924702596e+00,0.000000000000000000e+00,1.362455993549039704e+04,2.928285276841019368e+04,0.000000000000000000e+00,1.067676217983444920e+00,-1.987049381924383296e+00,0.000000000000000000e+00,1.362455993549280356e+04,2.928285276841478480e+04,0.000000000000000000e+00,1.067676217983587472e+00,-1.987049381924702596e+00,0.000000000000000000e+00
7.500000000000000000e+04,1.373096436561658993e+04,2.908337102814391255e+04,0.000000000000000000e+00,1.060402954285758259e+00,-2.002567744214021950e+00,0.000000000000000000e+00,1.373096436561417977e+04,2.908337102813914680e+04,0.000000000000000000e+00,1.060402954285615706e+00,-2.002567744213701761e+00,0.000000000000000000e+00,1.373096436561659175e+04,2.908337102814371974e+04,0.000000000000000000e+00,1.060402954285758037e+00,-2.002567744214021950e+00,0.000000000000000000e+00
7.510000000000000000e+04,1.383663864676966477e+04,2.888234276915376540e+04,0.000000000000000000e+00,1.053073303279286943e+00,-2.017979619242993294e+00,0.000000000000000000e+00,1.383663864676723642e+04,2.888234276914909424e+04,0.000000000000000000e+00,1.053073303279145279e+00,-2.017979619242670886e+00,0.000000000000000000e+00,1.383663864676966296e+04,2.888234276915362352e+04,0.000000000000000000e+00,1.053073303279286499e+00,-2.017979619242993738e+00,0.000000000000000000e+00
7.520000000000000000e+04,1.394157715968408957e+04,2.867977868119452614e+04,0.000000000000000000e+00,1.045687654721003668e+00,-2.033284187479615923e+00,0.000000000000000000e+00,1.394157715968164302e+04,2.867977868119003324e+04,0.000000000000000000e+00,1.045687654720862891e+00,-2.033284187479290850e+00,0.000000000000000000e+00,1.394157715968408593e+04,2.867977868119452614e+04,0.000000000000000000e+00,1.045687654721003224e+00,-2.033284187479615923e+00,0.000000000000000000e+00
7.530000000000000000e+04,1.404577432421667982e+04,2.847568953568476718e+04,0.000000000000000000e+00,1.038246401345427561e+00,-2.048480635097966740e+00,0.000000000000000000e+00,1.404577432421421690e+04,2.847568953568023426e+04,0.000000000000000000e+00,1.038246401345288339e+00,-2.048480635097638558e+00,0.000000000000000000e+00,1.404577432421667800e+04,2.847568953568468351e+04,0.000000000000000000e+00,1.038246401345427561e+00,-2.048480635097966296e+00,0.000000000000000000e+00
7.540000000000000000e+04,1.414922459964570226e+04,2.827008618513785768e+04,0.000000000000000000e+00,1.030749938843886770e+00,-2.063568154021472534e+00,0.000000000000000000e+00,1.414922459964324480e+04,2.827008618513343754e+04,0.000000000000000000e+00,1.030749938843747326e+00,-2.063568154021143908e+00,0.000000000000000000e+00,1.414922459964570589e+04,2.827008618513787223e+04,0.000000000000000000e+00,1.030749938843886326e+00,-2.063568154021472534e+00,0.000000000000000000e+00
7.550000000000000000e+04,1.425192248496558022e+04,2.806297956258617342e+04,0.000000000000000000e+00,1.023198665843468635e+00,-2.078545941965890709e+00,0.000000000000000000e+00,1.425192248496310276e+04,2.806297956258179329e+04,0.000000000000000000e+00,1.023198665843330746e+00,-2.078545941965559862e+00,0.000000000000000000e+00,1.425192248496558204e+04,2.806297956258618433e+04,0.000000000000000000e+00,1.023198665843468413e+00,-2.078545941965891153e+00,0.000000000000000000e+00
7.560000000000000000e+04,1.435386251917928166e+04,2.785438068099878728e+04,0.000000000000000000e+00,1.015592983885833966e+00,-2.093413202481957391e+00,0.000000000000000000e+00,1.435386251917678965e+04,2.785438068099446900e+04,0.000000000000000000e+00,1.015592983885697187e+00,-2.093413202481622992e+00,0.000000000000000000e+00,1.435386251917928712e+04,2.785438068099881639e+04,0.000000000000000000e+00,1.015592983885833744e+00,-2.093413202481957391e+00,0.000000000000000000e+00
7.570000000000000000e+04,1.445503928158880444e+04,2.764430063269648235e+04,0.000000000000000000e+00,1.007933297405858131e+00,-2.108169144997740663e+00,0.000000000000000000e+00,1.445503928158630697e+04,2.764430063269205493e+04,0.000000000000000000e+00,1.007933297405721573e+00,-2.108169144997406264e+00,0.000000000000000000e+00,1.445503928158880808e+04,2.764430063269638777e+04,0.000000000000000000e+00,1.007933297405858131e+00,-2.108169144997741107e+00,0.000000000000000000e+00
7.580000000000000000e+04,1.455544739208342435e+04,2.743275058876106050e+04,0.000000000000000000e+00,1.000220013710123812e+00,-2.122812984860693586e+00,0.000000000000000000e+00,1.455544739208090868e+04,2.743275058875670584e+04,0.000000000000000000e+00,1.000220013709988365e+00,-2.122812984860356522e+00,0.000000000000000000e+00,1.455544739208342799e+04,2.743275058876099502e+04,0.000000000000000000e+00,1.000220013710123812e+00,-2.122812984860693586e+00,0.000000000000000000e+00
7.590000000000000000e+04,1.465508151142572387e+04,2.721974179844255559e+04,0.000000000000000000e+00,9.924535429552676646e-01,-2.137343943379360400e+00,0.000000000000000000e+00,1.465508151142319184e+04,2.721974179843813181e+04,0.000000000000000000e+00,9.924535429551336607e-01,-2.137343943379020228e+00,0.000000000000000000e+00,1.465508151142572751e+04,2.721974179844237733e+04,0.000000000000000000e+00,9.924535429552678867e-01,-2.137343943379359956e+00,0.000000000000000000e+00
7.600000000000000000e+04,1.475393634153555104e+04,2.700528558855992742e+04,0.000000000000000000e+00,9.846342981261684280e-01,-2.151761247864790505e+00,0.000000000000000000e+00,1.475393634153301173e+04,2.700528558855539450e+04,0.000000000000000000e+00,9.846342981260344240e-01,-2.151761247864449889e+00,0.000000000000000000e+00,1.475393634153555104e+04,2.700528558855962547e+04,0.000000000000000000e+00,9.846342981261684280e-01,-2.151761247864790505e+00,0.000000000000000000e+00
7.610000000000000000e+04,1.485200662577176263e+04,2.678939336289896164e+04,0.000000000000000000e+00,9.767626950139809416e-01,-2.166064131671634918e+00,0.000000000000000000e+00,1.485200662576920513e+04,2.678939336289462153e+04,0.000000000000000000e+00,9.767626950138474928e-01,-2.166064131671292081e+00,0.000000000000000000e+00,1.485200662577176081e+04,2.678939336289880885e+04,0.000000000000000000e+00,9.767626950139803865e-01,-2.166064131671634918e+00,0.000000000000000000e+00
7.620000000000000000e+04,1.494928714921169012e+04,2.657207660160679370e+04,0.000000000000000000e+00,9.688391521940324935e-01,-2.180251834238898567e+00,0.000000000000000000e+00,1.494928714920912353e+04,2.657207660160259547e+04,0.000000000000000000e+00,9.688391521939010431e-01,-2.180251834238553510e+00,0.000000000000000000e+00,1.494928714921169376e+04,2.657207660160674277e+04,0.000000000000000000e+00,9.688391521940327156e-01,-2.180251834238898567e+00,0.000000000000000000e+00
7.630000000000000000e+04,1.504577273892849553e+04,2.635334686058049556e+04,0.000000000000000000e+00,9.608640910035668448e-01,-2.194323601130391044e+00,0.000000000000000000e+00,1.504577273892592893e+04,2.635334686057628642e+04,0.000000000000000000e+00,9.608640910034352833e-01,-2.194323601130045542e+00,0.000000000000000000e+00,1.504577273892850280e+04,2.635334686058041916e+04,0.000000000000000000e+00,9.608640910035666227e-01,-2.194323601130391488e+00,0.000000000000000000e+00
7.640000000000000000e+04,1.514145826426625717e+04,2.613321577085263561e+04,0.000000000000000000e+00,9.528379355193288269e-01,-2.208278684074848286e+00,0.000000000000000000e+00,1.514145826426367057e+04,2.613321577084838282e+04,0.000000000000000000e+00,9.528379355191987088e-01,-2.208278684074500120e+00,0.000000000000000000e+00,1.514145826426625899e+04,2.613321577085246827e+04,0.000000000000000000e+00,9.528379355193287159e-01,-2.208278684074848286e+00,0.000000000000000000e+00
7.650000000000000000e+04,1.523633863711271624e+04,2.591169503797288053e+04,0.000000000000000000e+00,9.447611125350259265e-01,-2.222116341005711426e+00,0.000000000000000000e+00,1.523633863711011145e+04,2.591169503796877689e+04,0.000000000000000000e+00,9.447611125348970296e-01,-2.222116341005361040e+00,0.000000000000000000e+00,1.523633863711271260e+04,2.591169503797282232e+04,0.000000000000000000e+00,9.447611125350258154e-01,-2.222116341005711426e+00,0.000000000000000000e+00
7.660000000000000000e+04,1.533040881216988782e+04,2.568879644138622098e+04,0.000000000000000000e+00,9.366340515386273324e-01,-2.235835836100592555e+00,0.000000000000000000e+00,1.533040881216728303e+04,2.568879644138215372e+04,0.000000000000000000e+00,9.366340515384985466e-01,-2.235835836100241725e+00,0.000000000000000000e+00,1.533040881216988600e+04,2.568879644138618460e+04,0.000000000000000000e+00,9.366340515386269994e-01,-2.235835836100592555e+00,0.000000000000000000e+00
7.670000000000000000e+04,1.542366378722239824e+04,2.546453183380549308e+04,0.000000000000000000e+00,9.284571846895230962e-01,-2.249436439820406974e+00,0.000000000000000000e+00,1.542366378721978072e+04,2.546453183380158589e+04,0.000000000000000000e+00,9.284571846893959757e-01,-2.249436439820053923e+00,0.000000000000000000e+00,1.542366378722240006e+04,2.546453183380557311e+04,0.000000000000000000e+00,9.284571846895232072e-01,-2.249436439820406974e+00,0.000000000000000000e+00
7.680000000000000000e+04,1.551609860340338491e+04,2.523891314058238640e+04,0.000000000000000000e+00,9.202309467955518407e-01,-2.262917428948156839e+00,0.000000000000000000e+00,1.551609860340075284e+04,2.523891314057827913e+04,0.000000000000000000e+00,9.202309467954261635e-01,-2.262917428947801568e+00,0.000000000000000000e+00,1.551609860340338491e+04,2.523891314058221906e+04,0.000000000000000000e+00,9.202309467955520628e-01,-2.262917428948156839e+00,0.000000000000000000e+00
7.690000000000000000e+04,1.560770834545823163e+04,2.501195235907123424e+04,0.000000000000000000e+00,9.119557752898739267e-01,-2.276278086627394170e+00,0.000000000000000000e+00,1.560770834545558864e+04,2.501195235906741800e+04,0.000000000000000000e+00,9.119557752897491376e-01,-2.276278086627036679e+00,0.000000000000000000e+00,1.560770834545823527e+04,2.501195235907131791e+04,0.000000000000000000e+00,9.119557752898737046e-01,-2.276278086627394170e+00,0.000000000000000000e+00
7.700000000000000000e+04,1.569848814200594279e+04,2.478366155799396802e+04,0.000000000000000000e+00,9.036321102077113920e-01,-2.289517702400337917e+00,0.000000000000000000e+00,1.569848814200329070e+04,2.478366155799023181e+04,0.000000000000000000e+00,9.036321102075870471e-01,-2.289517702399979981e+00,0.000000000000000000e+00,1.569848814200594279e+04,2.478366155799411354e+04,0.000000000000000000e+00,9.036321102077115031e-01,-2.289517702400337917e+00,0.000000000000000000e+00
7.710000000000000000e+04,1.578843316579818202e+04,2.455405287679610774e+04,0.000000000000000000e+00,8.952603941629493356e-01,-2.302635572245659290e+00,0.000000000000000000e+00,1.578843316579551720e+04,2.455405287679220419e+04,0.000000000000000000e+00,8.952603941628257678e-01,-2.302635572245298690e+00,0.000000000000000000e+00,1.578843316579818202e+04,2.455405287679604589e+04,0.000000000000000000e+00,8.952603941629491136e-01,-2.302635572245659290e+00,0.000000000000000000e+00
7.720000000000000000e+04,1.587753863397594614e+04,2.432313852500123903e+04,0.000000000000000000e+00,8.868410723246000771e-01,-2.315630998615906933e+00,0.000000000000000000e+00,1.587753863397326131e+04,2.432313852499757559e+04,0.000000000000000000e+00,8.868410723244782856e-01,-2.315630998615544112e+00,0.000000000000000000e+00,1.587753863397594068e+04,2.432313852500137000e+04,0.000000000000000000e+00,8.868410723246001881e-01,-2.315630998615906933e+00,0.000000000000000000e+00
7.730000000000000000e+04,1.596579980832387992e+04,2.409093078156409319e+04,0.000000000000000000e+00,8.783745923931345345e-01,-2.328503290474607024e+00,0.000000000000000000e+00,1.596579980832119145e+04,2.409093078156008778e+04,0.000000000000000000e+00,8.783745923930126320e-01,-2.328503290474243315e+00,0.000000000000000000e+00,1.596579980832387446e+04,2.409093078156386764e+04,0.000000000000000000e+00,8.783745923931342015e-01,-2.328503290474607024e+00,0.000000000000000000e+00
7.740000000000000000e+04,1.605321199552230792e+04,2.385744199421384837e+04,0.000000000000000000e+00,8.698614045766661640e-01,-2.341251763333010771e+00,0.000000000000000000e+00,1.605321199551960490e+04,2.385744199421005396e+04,0.000000000000000000e+00,8.698614045765454827e-01,-2.341251763332644842e+00,0.000000000000000000e+00,1.605321199552230246e+04,2.385744199421378289e+04,0.000000000000000000e+00,8.698614045766657199e-01,-2.341251763333010327e+00,0.000000000000000000e+00
7.750000000000000000e+04,1.613977054739670530e+04,2.362268457880150527e+04,0.000000000000000000e+00,8.613019615670207685e-01,-2.353875739286484858e+00,0.000000000000000000e+00,1.613977054739399864e+04,2.362268457879774724e+04,0.000000000000000000e+00,8.613019615669021967e-01,-2.353875739286117152e+00,0.000000000000000000e+00,1.613977054739670712e+04,2.362268457880142887e+04,0.000000000000000000e+00,8.613019615670209905e-01,-2.353875739286484858e+00,0.000000000000000000e+00
7.760000000000000000e+04,1.622547086116494575e+04,2.338667101863678545e+04,0.000000000000000000e+00,8.526967185156628659e-01,-2.366374547050565713e+00,0.000000000000000000e+00,1.622547086116222818e+04,2.338667101863320568e+04,0.000000000000000000e+00,8.526967185155446272e-01,-2.366374547050197119e+00,0.000000000000000000e+00,1.622547086116494029e+04,2.338667101863687276e+04,0.000000000000000000e+00,8.526967185156630880e-01,-2.366374547050565713e+00,0.000000000000000000e+00
7.770000000000000000e+04,1.631030837968199739e+04,2.314941386382596102e+04,0.000000000000000000e+00,8.440461330094852777e-01,-2.378747521996654513e+00,0.000000000000000000e+00,1.631030837967927255e+04,2.314941386382241035e+04,0.000000000000000000e+00,8.440461330093682601e-01,-2.378747521996284142e+00,0.000000000000000000e+00,1.631030837968199739e+04,2.314941386382603014e+04,0.000000000000000000e+00,8.440461330094852777e-01,-2.378747521996654957e+00,0.000000000000000000e+00
7.780000000000000000e+04,1.639427859168229406e+04,2.291092573060363065e+04,0.000000000000000000e+00,8.353506650464854744e-01,-2.390994006187356913e+00,0.000000000000000000e+00,1.639427859167955830e+04,2.291092573059993447e+04,0.000000000000000000e+00,8.353506650463699001e-01,-2.390994006186983878e+00,0.000000000000000000e+00,1.639427859168229770e+04,2.291092573060351060e+04,0.000000000000000000e+00,8.353506650464856964e-01,-2.390994006187356913e+00,0.000000000000000000e+00
7.790000000000000000e+04,1.647737703201959084e+04,2.267121930066170171e+04,0.000000000000000000e+00,8.266107770113029218e-01,-2.403113348411466177e+00,0.000000000000000000e+00,1.647737703201685144e+04,2.267121930065807828e+04,0.000000000000000000e+00,8.266107770111874586e-01,-2.403113348411092698e+00,0.000000000000000000e+00,1.647737703201959448e+04,2.267121930066163623e+04,0.000000000000000000e+00,8.266107770113029218e-01,-2.403113348411466621e+00,0.000000000000000000e+00
7.800000000000000000e+04,1.655959928190444043e+04,2.243030732047616038e+04,0.000000000000000000e+00,8.178269336506258647e-01,-2.415104904218603465e+00,0.000000000000000000e+00,1.655959928190168648e+04,2.243030732047249694e+04,0.000000000000000000e+00,8.178269336505117337e-01,-2.415104904218227322e+00,0.000000000000000000e+00,1.655959928190444043e+04,2.243030732047600759e+04,0.000000000000000000e+00,8.178269336506257536e-01,-2.415104904218603465e+00,0.000000000000000000e+00
7.810000000000000000e+04,1.664094096913910107e+04,2.218820260062790476e+04,0.000000000000000000e+00,8.089996020484866435e-01,-2.426968035953471325e+00,0.000000000000000000e+00,1.664094096913633985e+04,2.218820260062442685e+04,0.000000000000000000e+00,8.089996020483740669e-01,-2.426968035953092961e+00,0.000000000000000000e+00,1.664094096913910471e+04,2.218820260062789021e+04,0.000000000000000000e+00,8.089996020484866435e-01,-2.426968035953471325e+00,0.000000000000000000e+00
7.820000000000000000e+04,1.672139776835009252e+04,2.194491801512299571e+04,0.000000000000000000e+00,8.001292516014206768e-01,-2.438702112789770560e+00,0.000000000000000000e+00,1.672139776834732766e+04,2.194491801511945596e+04,0.000000000000000000e+00,8.001292516013085443e-01,-2.438702112789391308e+00,0.000000000000000000e+00,1.672139776835009616e+04,2.194491801512290476e+04,0.000000000000000000e+00,8.001292516014208989e-01,-2.438702112789770560e+00,0.000000000000000000e+00
7.830000000000000000e+04,1.680096540121818180e+04,2.170046650070638862e+04,0.000000000000000000e+00,7.912163539935028744e-01,-2.450306510763745393e+00,0.000000000000000000e+00,1.680096540121539874e+04,2.170046650070295436e+04,0.000000000000000000e+00,7.912163539933918521e-01,-2.450306510763364365e+00,0.000000000000000000e+00,1.680096540121817816e+04,2.170046650070635587e+04,0.000000000000000000e+00,7.912163539935028744e-01,-2.450306510763745393e+00,0.000000000000000000e+00
7.840000000000000000e+04,1.687963963670584053e+04,2.145486105617554858e+04,0.000000000000000000e+00,7.822613831712708077e-01,-2.461780612807357826e+00,0.000000000000000000e+00,1.687963963670304656e+04,2.145486105617216162e+04,0.000000000000000000e+00,7.822613831711614507e-01,-2.461780612806974133e+00,0.000000000000000000e+00,1.687963963670584053e+04,2.145486105617551220e+04,0.000000000000000000e+00,7.822613831712708077e-01,-2.461780612807357826e+00,0.000000000000000000e+00
7.850000000000000000e+04,1.695741629128229397e+04,2.120811474168836139e+04,0.000000000000000000e+00,7.732648153185208706e-01,-2.473123808781101829e+00,0.000000000000000000e+00,1.695741629127949636e+04,2.120811474168495988e+04,0.000000000000000000e+00,7.732648153184127349e-01,-2.473123808780716359e+00,0.000000000000000000e+00,1.695741629128229761e+04,2.120811474168826317e+04,0.000000000000000000e+00,7.732648153185206485e-01,-2.473123808781102273e+00,0.000000000000000000e+00
7.860000000000000000e+04,1.703429122914595064e+04,2.096024067806871608e+04,0.000000000000000000e+00,7.642271288309863131e-01,-2.484335495506450275e+00,0.000000000000000000e+00,1.703429122914314939e+04,2.096024067806540188e+04,0.000000000000000000e+00,7.642271288308785104e-01,-2.484335495506063474e+00,0.000000000000000000e+00,1.703429122914595064e+04,2.096024067806869061e+04,0.000000000000000000e+00,7.642271288309860910e-01,-2.484335495506450275e+00,0.000000000000000000e+00
7.870000000000000000e+04,1.711026036244433635e+04,2.071125204610941000e+04,0.000000000000000000e+00,7.551488042908953702e-01,-2.495415076797929288e+00,0.000000000000000000e+00,1.711026036244152419e+04,2.071125204610601213e+04,0.000000000000000000e+00,7.551488042907894549e-01,-2.495415076797540266e+00,0.000000000000000000e+00,1.711026036244433999e+04,2.071125204610924993e+04,0.000000000000000000e+00,7.551488042908953702e-01,-2.495415076797928844e+00,0.000000000000000000e+00
7.880000000000000000e+04,1.718531965149144889e+04,2.046116208586993162e+04,0.000000000000000000e+00,7.460303244414241419e-01,-2.506361963494814660e+00,0.000000000000000000e+00,1.718531965148862218e+04,2.046116208586688663e+04,0.000000000000000000e+00,7.460303244413195589e-01,-2.506361963494424305e+00,0.000000000000000000e+00,1.718531965149145253e+04,2.046116208587007714e+04,0.000000000000000000e+00,7.460303244414240309e-01,-2.506361963494815104e+00,0.000000000000000000e+00
7.890000000000000000e+04,1.725946510498257703e+04,2.020998409597482532e+04,0.000000000000000000e+00,7.368721741610197995e-01,-2.517175573492468121e+00,0.000000000000000000e+00,1.725946510497974305e+04,2.020998409597164573e+04,0.000000000000000000e+00,7.368721741609158826e-01,-2.517175573492076879e+00,0.000000000000000000e+00,1.725946510498257703e+04,2.020998409597481805e+04,0.000000000000000000e+00,7.368721741610199105e-01,-2.517175573492468121e+00,0.000000000000000000e+00
7.900000000000000000e+04,1.733269278020656930e+04,1.995773143290344160e+04,0.000000000000000000e+00,7.276748404376172097e-01,-2.527855331773288583e+00,0.000000000000000000e+00,1.733269278020372440e+04,1.995773143290027656e+04,0.000000000000000000e+00,7.276748404375145141e-01,-2.527855331772895564e+00,0.000000000000000000e+00,1.733269278020656930e+04,1.995773143290339794e+04,0.000000000000000000e+00,7.276748404376170987e-01,-2.527855331773288583e+00,0.000000000000000000e+00
7.910000000000000000e+04,1.740499878325543614e+04,1.970441751028201543e+04,0.000000000000000000e+00,7.184388123427467576e-01,-2.538400670437286344e+00,0.000000000000000000e+00,1.740499878325258032e+04,1.970441751027890132e+04,0.000000000000000000e+00,7.184388123426458383e-01,-2.538400670436890660e+00,0.000000000000000000e+00,1.740499878325543978e+04,1.970441751028197541e+04,0.000000000000000000e+00,7.184388123427468686e-01,-2.538400670437286344e+00,0.000000000000000000e+00
7.920000000000000000e+04,1.747637926923144551e+04,1.945005579816957470e+04,0.000000000000000000e+00,7.091645810055275945e-01,-2.548811028732281159e+00,0.000000000000000000e+00,1.747637926922858605e+04,1.945005579816650425e+04,0.000000000000000000e+00,7.091645810054268972e-01,-2.548811028731885031e+00,0.000000000000000000e+00,1.747637926923144551e+04,1.945005579816956015e+04,0.000000000000000000e+00,7.091645810055274834e-01,-2.548811028732280715e+00,0.000000000000000000e+00
7.930000000000000000e+04,1.754683044245158453e+04,1.919465982234163675e+04,0.000000000000000000e+00,6.998526395865454219e-01,-2.559085853083727713e+00,0.000000000000000000e+00,1.754683044244871417e+04,1.919465982233864997e+04,0.000000000000000000e+00,6.998526395864461680e-01,-2.559085853083330253e+00,0.000000000000000000e+00,1.754683044245158817e+04,1.919465982234165858e+04,0.000000000000000000e+00,6.998526395865451999e-01,-2.559085853083727713e+00,0.000000000000000000e+00
7.940000000000000000e+04,1.761634855664936185e+04,1.893824316357111093e+04,0.000000000000000000e+00,6.905034832516365739e-01,-2.569224597124143639e+00,0.000000000000000000e+00,1.761634855664648421e+04,1.893824316356824420e+04,0.000000000000000000e+00,6.905034832515389853e-01,-2.569224597123744402e+00,0.000000000000000000e+00,1.761634855664936549e+04,1.893824316357120551e+04,0.000000000000000000e+00,6.905034832516364629e-01,-2.569224597124143639e+00,0.000000000000000000e+00
7.950000000000000000e+04,1.768492991517403425e+04,1.868081945690640714e+04,0.000000000000000000e+00,6.811176091455548587e-01,-2.579226721722164495e+00,0.000000000000000000e+00,1.768492991517115297e+04,1.868081945690338398e+04,0.000000000000000000e+00,6.811176091454573811e-01,-2.579226721721764815e+00,0.000000000000000000e+00,1.768492991517403425e+04,1.868081945690632710e+04,0.000000000000000000e+00,6.811176091455545256e-01,-2.579226721722164495e+00,0.000000000000000000e+00
7.960000000000000000e+04,1.775257087118720301e+04,1.842240239094523713e+04,0.000000000000000000e+00,6.716955163655295991e-01,-2.589091695011219052e+00,0.000000000000000000e+00,1.775257087118430718e+04,1.842240239094229401e+04,0.000000000000000000e+00,6.716955163654343419e-01,-2.589091695010817595e+00,0.000000000000000000e+00,1.775257087118719937e+04,1.842240239094518620e+04,0.000000000000000000e+00,6.716955163655298211e-01,-2.589091695011219052e+00,0.000000000000000000e+00
7.970000000000000000e+04,1.781926782785667820e+04,1.816300570710829925e+04,0.000000000000000000e+00,6.622377059347372974e-01,-2.598818992417800899e+00,0.000000000000000000e+00,1.781926782785377509e+04,1.816300570710543616e+04,0.000000000000000000e+00,6.622377059346434836e-01,-2.598818992417398110e+00,0.000000000000000000e+00,1.781926782785667820e+04,1.816300570710828106e+04,0.000000000000000000e+00,6.622377059347374084e-01,-2.598818992417801343e+00,0.000000000000000000e+00
7.980000000000000000e+04,1.788501723854779993e+04,1.790264319890772458e+04,0.000000000000000000e+00,6.527446807756498437e-01,-2.608408096689371458e+00,0.000000000000000000e+00,1.788501723854488591e+04,1.790264319890481056e+04,0.000000000000000000e+00,6.527446807755574731e-01,-2.608408096688966893e+00,0.000000000000000000e+00,1.788501723854779630e+04,1.790264319890760453e+04,0.000000000000000000e+00,6.527446807756498437e-01,-2.608408096689371458e+00,0.000000000000000000e+00
7.990000000000000000e+04,1.794981560701197304e+04,1.764132871121331118e+04,0.000000000000000000e+00,6.432169456832967924e-01,-2.617858497921859318e+00,0.000000000000000000e+00,1.794981560700906630e+04,1.764132871121047356e+04,0.000000000000000000e+00,6.432169456832050880e-01,-2.617858497921453864e+00,0.000000000000000000e+00,1.794981560701198032e+04,1.764132871121324570e+04,0.000000000000000000e+00,6.432169456832969034e-01,-2.617858497921859318e+00,0.000000000000000000e+00
8.000000000000000000e+04,1.801365948757268052e+04,1.737907613951712847e+04,0.000000000000000000e+00,6.336550072984179494e-01,-2.627169693586779875e+00,0.000000000000000000e+00,1.801365948756975558e+04,1.737907613951433086e+04,0.000000000000000000e+00,6.336550072983279103e-01,-2.627169693586373533e+00,0.000000000000000000e+00,1.801365948757268052e+04,1.737907613951705207e+04,0.000000000000000000e+00,6.336550072984180604e-01,-2.627169693586779875e+00,0.000000000000000000e+00
8.010000000000000000e+04,1.807654548530857573e+04,1.711589942919393070e+04,0.000000000000000000e+00,6.240593740805284728e-01,-2.636341188557953963e+00,0.000000000000000000e+00,1.807654548530563989e+04,1.711589942919124587e+04,0.000000000000000000e+00,6.240593740804400991e-01,-2.636341188557545845e+00,0.000000000000000000e+00,1.807654548530857573e+04,1.711589942919391615e+04,0.000000000000000000e+00,6.240593740805285838e-01,-2.636341188557953963e+00,0.000000000000000000e+00
8.020000000000000000e+04,1.813847025623410082e+04,1.685181257476017345e+04,0.000000000000000000e+00,6.144305562808782817e-01,-2.645372495137834346e+00,0.000000000000000000e+00,1.813847025623116133e+04,1.685181257475748134e+04,0.000000000000000000e+00,6.144305562807905741e-01,-2.645372495137425783e+00,0.000000000000000000e+00,1.813847025623409718e+04,1.685181257476013343e+04,0.000000000000000000e+00,6.144305562808785037e-01,-2.645372495137834346e+00,0.000000000000000000e+00
8.030000000000000000e+04,1.819943050747729285e+04,1.658682961912918836e+04,0.000000000000000000e+00,6.047690659153168724e-01,-2.654263133083445858e+00,0.000000000000000000e+00,1.819943050747433881e+04,1.658682961912654719e+04,0.000000000000000000e+00,6.047690659152303860e-01,-2.654263133083035964e+00,0.000000000000000000e+00,1.819943050747728921e+04,1.658682961912914834e+04,0.000000000000000000e+00,6.047690659153167614e-01,-2.654263133083445858e+00,0.000000000000000000e+00
8.040000000000000000e+04,1.825942299745483979e+04,1.632096465286496095e+04,0.000000000000000000e+00,5.950754167370710945e-01,-2.663012629631916539e+00,0.000000000000000000e+00,1.825942299745188575e+04,1.632096465286245075e+04,0.000000000000000000e+00,5.950754167369861625e-01,-2.663012629631504868e+00,0.000000000000000000e+00,1.825942299745484343e+04,1.632096465286500279e+04,0.000000000000000000e+00,5.950754167370709835e-01,-2.663012629631916539e+00,0.000000000000000000e+00
8.050000000000000000e+04,1.831844453604452065e+04,1.605423181343288161e+04,0.000000000000000000e+00,5.853501242094254486e-01,-2.671620519525617965e+00,0.000000000000000000e+00,1.831844453604155933e+04,1.605423181343043689e+04,0.000000000000000000e+00,5.853501242093408496e-01,-2.671620519525205406e+00,0.000000000000000000e+00,1.831844453604451701e+04,1.605423181343297074e+04,0.000000000000000000e+00,5.853501242094252266e-01,-2.671620519525617965e+00,0.000000000000000000e+00
8.060000000000000000e+04,1.837649198475476805e+04,1.578664528444781899e+04,0.000000000000000000e+00,5.755937054783064610e-01,-2.680086345036909456e+00,0.000000000000000000e+00,1.837649198475180674e+04,1.578664528444521420e+04,0.000000000000000000e+00,5.755937054782239715e-01,-2.680086345036495565e+00,0.000000000000000000e+00,1.837649198475477169e+04,1.578664528444770076e+04,0.000000000000000000e+00,5.755937054783065721e-01,-2.680086345036909456e+00,0.000000000000000000e+00
8.070000000000000000e+04,1.843356225689162602e+04,1.551821929491928313e+04,0.000000000000000000e+00,5.658066793447928955e-01,-2.688409655992472835e+00,0.000000000000000000e+00,1.843356225688865743e+04,1.551821929491674746e+04,0.000000000000000000e+00,5.658066793447118492e-01,-2.688409655992057168e+00,0.000000000000000000e+00,1.843356225689162602e+04,1.551821929491917945e+04,0.000000000000000000e+00,5.658066793447927845e-01,-2.688409655992472835e+00,0.000000000000000000e+00
8.080000000000000000e+04,1.848965231772281913e+04,1.524896811849600635e+04,0.000000000000000000e+00,5.559895662375216041e-01,-2.696590009797251497e+00,0.000000000000000000e+00,1.848965231771985054e+04,1.524896811849360893e+04,0.000000000000000000e+00,5.559895662374407799e-01,-2.696590009796835830e+00,0.000000000000000000e+00,1.848965231772282277e+04,1.524896811849602273e+04,0.000000000000000000e+00,5.559895662375212710e-01,-2.696590009797251497e+00,0.000000000000000000e+00
8.090000000000000000e+04,1.854475918463920607e+04,1.497890607270656619e+04,0.000000000000000000e+00,5.461428881850114436e-01,-2.704626971457991580e+00,0.000000000000000000e+00,1.854475918463622656e+04,1.497890607270398687e+04,0.000000000000000000e+00,5.461428881849326178e-01,-2.704626971457574136e+00,0.000000000000000000e+00,1.854475918463920971e+04,1.497890607270634791e+04,0.000000000000000000e+00,5.461428881850113326e-01,-2.704626971457991580e+00,0.000000000000000000e+00
8.100000000000000000e+04,1.859887992731329723e+04,1.470804751819663215e+04,0.000000000000000000e+00,5.362671687879125848e-01,-2.712520113606363026e+00,0.000000000000000000e+00,1.859887992731030681e+04,1.470804751819433659e+04,0.000000000000000000e+00,5.362671687878356463e-01,-2.712520113605943806e+00,0.000000000000000000e+00,1.859887992731329359e+04,1.470804751819664671e+04,0.000000000000000000e+00,5.362671687879125848e-01,-2.712520113606363026e+00,0.000000000000000000e+00
8.110000000000000000e+04,1.865201166785511668e+04,1.443640685796819162e+04,0.000000000000000000e+00,5.263629331911587883e-01,-2.720269016521690730e+00,0.000000000000000000e+00,1.865201166785212627e+04,1.443640685796575417e+04,0.000000000000000000e+00,5.263629331910821829e-01,-2.720269016521271510e+00,0.000000000000000000e+00,1.865201166785511305e+04,1.443640685796804428e+04,0.000000000000000000e+00,5.263629331911586773e-01,-2.720269016521691174e+00,0.000000000000000000e+00
8.120000000000000000e+04,1.870415158096525556e+04,1.416399853661039378e+04,0.000000000000000000e+00,5.164307080560386343e-01,-2.727873268153278019e+00,0.000000000000000000e+00,1.870415158096226151e+04,1.416399853660808731e+04,0.000000000000000000e+00,5.164307080559639163e-01,-2.727873268152856578e+00,0.000000000000000000e+00,1.870415158096525920e+04,1.416399853661032466e+04,0.000000000000000000e+00,5.164307080560386343e-01,-2.727873268153277575e+00,0.000000000000000000e+00
8.130000000000000000e+04,1.875529689408507693e+04,1.389083703953411896e+04,0.000000000000000000e+00,5.064710215321992504e-01,-2.735332464142304687e+00,0.000000000000000000e+00,1.875529689408207560e+04,1.389083703953183795e+04,0.000000000000000000e+00,5.064710215321260867e-01,-2.735332464141881914e+00,0.000000000000000000e+00,1.875529689408507693e+04,1.389083703953402437e+04,0.000000000000000000e+00,5.064710215321991393e-01,-2.735332464142304687e+00,0.000000000000000000e+00
8.140000000000000000e+04,1.880544488754415215e+04,1.361693689220002852e+04,0.000000000000000000e+00,4.964844032295545606e-01,-2.742646207843341788e+00,0.000000000000000000e+00,1.880544488754113991e+04,1.361693689219790213e+04,0.000000000000000000e+00,4.964844032294832288e-01,-2.742646207842917683e+00,0.000000000000000000e+00,1.880544488754414851e+04,1.361693689220003762e+04,0.000000000000000000e+00,4.964844032295544496e-01,-2.742646207843341788e+00,0.000000000000000000e+00
8.150000000000000000e+04,1.885459289470486692e+04,1.334231265934719704e+04,0.000000000000000000e+00,4.864713841901273650e-01,-2.749814110345434770e+00,0.000000000000000000e+00,1.885459289470185831e+04,1.334231265934516887e+04,0.000000000000000000e+00,4.864713841900568658e-01,-2.749814110345010221e+00,0.000000000000000000e+00,1.885459289470487056e+04,1.334231265934728435e+04,0.000000000000000000e+00,4.864713841901275315e-01,-2.749814110345434770e+00,0.000000000000000000e+00
8.160000000000000000e+04,1.890273830210428059e+04,1.306697894421813544e+04,0.000000000000000000e+00,4.764324968598063759e-01,-2.756835790492790927e+00,0.000000000000000000e+00,1.890273830210126107e+04,1.306697894421603087e+04,0.000000000000000000e+00,4.764324968597372645e-01,-2.756835790492365046e+00,0.000000000000000000e+00,1.890273830210428059e+04,1.306697894421809542e+04,0.000000000000000000e+00,4.764324968598062648e-01,-2.756835790492790927e+00,0.000000000000000000e+00
8.170000000000000000e+04,1.894987854959302058e+04,1.279095038778195158e+04,0.000000000000000000e+00,4.663682750600375293e-01,-2.763710874905041859e+00,0.000000000000000000e+00,1.894987854958999378e+04,1.279095038777986156e+04,0.000000000000000000e+00,4.663682750599704163e-01,-2.763710874904614201e+00,0.000000000000000000e+00,1.894987854959302058e+04,1.279095038778186972e+04,0.000000000000000000e+00,4.663682750600375293e-01,-2.763710874905041859e+00,0.000000000000000000e+00
8.180000000000000000e+04,1.899601113047145191e+04,1.251424166795646306e+04,0.000000000000000000e+00,4.562792539594382468e-01,-2.770438997997097808e+00,0.000000000000000000e+00,1.899601113046842875e+04,1.251424166795446581e+04,0.000000000000000000e+00,4.562792539593716334e-01,-2.770438997996670150e+00,0.000000000000000000e+00,1.899601113047145918e+04,1.251424166795645397e+04,0.000000000000000000e+00,4.562792539594381913e-01,-2.770438997997097808e+00,0.000000000000000000e+00
8.190000000000000000e+04,1.904113359162302368e+04,1.223686749882739969e+04,0.000000000000000000e+00,4.461659700453328714e-01,-2.777019801998595216e+00,0.000000000000000000e+00,1.904113359161998233e+04,1.223686749882558615e+04,0.000000000000000000e+00,4.461659700452682009e-01,-2.777019801998166226e+00,0.000000000000000000e+00,1.904113359162302368e+04,1.223686749882751974e+04,0.000000000000000000e+00,4.461659700453329824e-01,-2.777019801998595216e+00,0.000000000000000000e+00
8.200000000000000000e+04,1.908524353364459603e+04,1.195884262986644171e+04,0.000000000000000000e+00,4.360289610952341466e-01,-2.783452936972912628e+00,0.000000000000000000e+00,1.908524353364154740e+04,1.195884262986446447e+04,0.000000000000000000e+00,4.360289610951710859e-01,-2.783452936972482306e+00,0.000000000000000000e+00,1.908524353364459603e+04,1.195884262986634712e+04,0.000000000000000000e+00,4.360289610952341466e-01,-2.783452936972912628e+00,0.000000000000000000e+00
8.210000000000000000e+04,1.912833861097412955e+04,1.168018184514541645e+04,0.000000000000000000e+00,4.258687661482412068e-01,-2.789738060835782019e+00,0.000000000000000000e+00,1.912833861097108820e+04,1.168018184514355016e+04,0.000000000000000000e+00,4.258687661481787012e-01,-2.789738060835351252e+00,0.000000000000000000e+00,1.912833861097413319e+04,1.168018184514540917e+04,0.000000000000000000e+00,4.258687661482410958e-01,-2.789738060835781575e+00,0.000000000000000000e+00
8.220000000000000000e+04,1.917041653201541340e+04,1.140089996255200822e+04,0.000000000000000000e+00,4.156859254763738409e-01,-2.795874839373482246e+00,0.000000000000000000e+00,1.917041653201235385e+04,1.140089996255033111e+04,0.000000000000000000e+00,4.156859254763131117e-01,-2.795874839373050147e+00,0.000000000000000000e+00,1.917041653201540976e+04,1.140089996255214101e+04,0.000000000000000000e+00,4.156859254763737299e-01,-2.795874839373481802e+00,0.000000000000000000e+00
8.230000000000000000e+04,1.921147505925981386e+04,1.112101183300127741e+04,0.000000000000000000e+00,4.054809805558499125e-01,-2.801862946260604836e+00,0.000000000000000000e+00,1.921147505925675796e+04,1.112101183299940931e+04,0.000000000000000000e+00,4.054809805557909042e-01,-2.801862946260171849e+00,0.000000000000000000e+00,1.921147505925981750e+04,1.112101183300116281e+04,0.000000000000000000e+00,4.054809805558496905e-01,-2.801862946260604392e+00,0.000000000000000000e+00
8.240000000000000000e+04,1.925151200940540002e+04,1.084053233964450192e+04,0.000000000000000000e+00,3.952544740382881727e-01,-2.807702063077411658e+00,0.000000000000000000e+00,1.925151200940234048e+04,1.084053233964277570e+04,0.000000000000000000e+00,3.952544740382301636e-01,-2.807702063076978227e+00,0.000000000000000000e+00,1.925151200940540002e+04,1.084053233964451101e+04,0.000000000000000000e+00,3.952544740382883393e-01,-2.807702063077411658e+00,0.000000000000000000e+00
8.250000000000000000e+04,1.929052525347292976e+04,1.055947639708011411e+04,0.000000000000000000e+00,3.850069497218508996e-01,-2.813391879326766265e+00,0.000000000000000000e+00,1.929052525346987022e+04,1.055947639707841518e+04,0.000000000000000000e+00,3.850069497217945558e-01,-2.813391879326331502e+00,0.000000000000000000e+00,1.929052525347293704e+04,1.055947639708009592e+04,0.000000000000000000e+00,3.850069497218509551e-01,-2.813391879326766265e+00,0.000000000000000000e+00
8.260000000000000000e+04,1.932851271691912916e+04,1.027785895055893343e+04,0.000000000000000000e+00,3.747389525223314699e-01,-2.818932092450641580e+00,0.000000000000000000e+00,1.932851271691605507e+04,1.027785895055719993e+04,0.000000000000000000e+00,3.747389525222768469e-01,-2.818932092450205928e+00,0.000000000000000000e+00,1.932851271691912916e+04,1.027785895055882429e+04,0.000000000000000000e+00,3.747389525223314144e-01,-2.818932092450641580e+00,0.000000000000000000e+00
8.270000000000000000e+04,1.936547237974693053e+04,9.995694975189748220e+03,0.000000000000000000e+00,3.644510284441766501e-01,-2.824322407846210581e+00,0.000000000000000000e+00,1.936547237974386371e+04,9.995694975188174794e+03,0.000000000000000000e+00,3.644510284441226933e-01,-2.824322407845774485e+00,0.000000000000000000e+00,1.936547237974693417e+04,9.995694975189780962e+03,0.000000000000000000e+00,3.644510284441766501e-01,-2.824322407846210581e+00,0.000000000000000000e+00
8.280000000000000000e+04,1.940140227661300014e+04,9.712999475143733434e+03,0.000000000000000000e+00,3.541437245514487131e-01,-2.829562538881513767e+00,0.000000000000000000e+00,1.940140227660991877e+04,9.712999475142260053e+03,0.000000000000000000e+00,3.541437245513966436e-01,-2.829562538881076783e+00,0.000000000000000000e+00,1.940140227661299650e+04,9.712999475143811651e+03,0.000000000000000000e+00,3.541437245514487686e-01,-2.829562538881514211e+00,0.000000000000000000e+00
8.290000000000000000e+04,1.943630049693212277e+04,9.429787482855957933e+03,0.000000000000000000e+00,3.438175889387422579e-01,-2.834652206910697636e+00,0.000000000000000000e+00,1.943630049692903413e+04,9.429787482854388145e+03,0.000000000000000000e+00,3.438175889386919648e-01,-2.834652206910259764e+00,0.000000000000000000e+00,1.943630049693211549e+04,9.429787482855883354e+03,0.000000000000000000e+00,3.438175889387421469e-01,-2.834652206910697636e+00,0.000000000000000000e+00
8.300000000000000000e+04,1.947016518497886864e+04,9.146074058225611225e+03,0.000000000000000000e+00,3.334731707020335278e-01,-2.839591141288833498e+00,0.000000000000000000e+00,1.947016518497578363e+04,9.146074058224150576e+03,0.000000000000000000e+00,3.334731707019852887e-01,-2.839591141288394294e+00,0.000000000000000000e+00,1.947016518497886864e+04,9.146074058225591216e+03,0.000000000000000000e+00,3.334731707020335834e-01,-2.839591141288833498e+00,0.000000000000000000e+00
8.310000000000000000e+04,1.950299453998628451e+04,8.861874287816346623e+03,0.000000000000000000e+00,3.231110199094859858e-01,-2.844379079386306852e+00,0.000000000000000000e+00,1.950299453998319586e+04,8.861874287814987838e+03,0.000000000000000000e+00,3.231110199094384128e-01,-2.844379079385868092e+00,0.000000000000000000e+00,1.950299453998627723e+04,8.861874287816406650e+03,0.000000000000000000e+00,3.231110199094860413e-01,-2.844379079386307296e+00,0.000000000000000000e+00
8.320000000000000000e+04,1.953478681624159435e+04,8.577203284053364769e+03,0.000000000000000000e+00,3.127316875721939393e-01,-2.849015766602789768e+00,0.000000000000000000e+00,1.953478681623850571e+04,8.577203284051947776e+03,0.000000000000000000e+00,3.127316875721480871e-01,-2.849015766602349675e+00,0.000000000000000000e+00,1.953478681624159071e+04,8.577203284053313837e+03,0.000000000000000000e+00,3.127316875721939393e-01,-2.849015766602789768e+00,0.000000000000000000e+00
8.330000000000000000e+04,1.956554032317907331e+04,8.292076184419449419e+03,0.000000000000000000e+00,3.023357256148900829e-01,-2.853500956380769171e+00,0.000000000000000000e+00,1.956554032317598103e+04,8.292076184418085177e+03,0.000000000000000000e+00,3.023357256148461181e-01,-2.853500956380327747e+00,0.000000000000000000e+00,1.956554032317906967e+04,8.292076184419394849e+03,0.000000000000000000e+00,3.023357256148900829e-01,-2.853500956380768727e+00,0.000000000000000000e+00
8.340000000000000000e+04,1.959525342546992033e+04,8.006508150650886819e+03,0.000000000000000000e+00,2.919236868465933110e-01,-2.857834410218663912e+00,0.000000000000000000e+00,1.959525342546683169e+04,8.006508150649517120e+03,0.000000000000000000e+00,2.919236868465501233e-01,-2.857834410218222487e+00,0.000000000000000000e+00,1.959525342546991669e+04,8.006508150650805874e+03,0.000000000000000000e+00,2.919236868465934220e-01,-2.857834410218663912e+00,0.000000000000000000e+00
8.350000000000000000e+04,1.962392454310923495e+04,7.720514367930358276e+03,0.000000000000000000e+00,2.814961249312094571e-01,-2.862015897683508836e+00,0.000000000000000000e+00,1.962392454310614630e+04,7.720514367929188666e+03,0.000000000000000000e+00,2.814961249311680458e-01,-2.862015897683066967e+00,0.000000000000000000e+00,1.962392454310923495e+04,7.720514367930423759e+03,0.000000000000000000e+00,2.814961249312094571e-01,-2.862015897683508836e+00,0.000000000000000000e+00
8.360000000000000000e+04,1.965155215150001823e+04,7.434110044080414809e+03,0.000000000000000000e+00,2.710535943580960616e-01,-2.866045196423203212e+00,0.000000000000000000e+00,1.965155215149692958e+04,7.434110044079401632e+03,0.000000000000000000e+00,2.710535943580566487e-01,-2.866045196422760455e+00,0.000000000000000000e+00,1.965155215150002186e+04,7.434110044080579428e+03,0.000000000000000000e+00,2.710535943580961171e-01,-2.866045196423203212e+00,0.000000000000000000e+00
8.370000000000000000e+04,1.967813478153425604e+04,7.147310408754274249e+03,0.000000000000000000e+00,2.605966504125755145e-01,-2.869922092178335493e+00,0.000000000000000000e+00,1.967813478153116375e+04,7.147310408753127376e+03,0.000000000000000000e+00,2.605966504125365457e-01,-2.869922092177892736e+00,0.000000000000000000e+00,1.967813478153425240e+04,7.147310408754286073e+03,0.000000000000000000e+00,2.605966504125754590e-01,-2.869922092178335049e+00,0.000000000000000000e+00
8.380000000000000000e+04,1.970367101967102644e+04,6.860130712625337765e+03,0.000000000000000000e+00,2.501258491464015687e-01,-2.873646378793579981e+00,0.000000000000000000e+00,1.970367101966793052e+04,6.860130712624169064e+03,0.000000000000000000e+00,2.501258491463645983e-01,-2.873646378793136780e+00,0.000000000000000000e+00,1.970367101967102644e+04,6.860130712625273190e+03,0.000000000000000000e+00,2.501258491464015687e-01,-2.873646378793580425e+00,0.000000000000000000e+00
8.390000000000000000e+04,1.972815950801168219e+04,6.572586226577172056e+03,0.000000000000000000e+00,2.396417473482006510e-01,-2.877217858228656056e+00,0.000000000000000000e+00,1.972815950800858627e+04,6.572586226576199806e+03,0.000000000000000000e+00,2.396417473481656790e-01,-2.877217858228211966e+00,0.000000000000000000e+00,1.972815950801168219e+04,6.572586226577248453e+03,0.000000000000000000e+00,2.396417473482006788e-01,-2.877217858228656056e+00,0.000000000000000000e+00
8.400000000000000000e+04,1.975159894437203911e+04,6.284692240891861729e+03,0.000000000000000000e+00,2.291449025138595497e-01,-2.880636340568858422e+00,0.000000000000000000e+00,1.975159894436894319e+04,6.284692240890728499e+03,0.000000000000000000e+00,2.291449025138251605e-01,-2.880636340568414333e+00,0.000000000000000000e+00,1.975159894437204275e+04,6.284692240891757137e+03,0.000000000000000000e+00,2.291449025138595497e-01,-2.880636340568858866e+00,0.000000000000000000e+00
8.410000000000000000e+04,1.977398808235165052e+04,5.996464064434985630e+03,0.000000000000000000e+00,2.186358728168765753e-01,-2.883901644035160139e+00,0.000000000000000000e+00,1.977398808234854368e+04,5.996464064434030661e+03,0.000000000000000000e+00,2.186358728168441012e-01,-2.883901644034715606e+00,0.000000000000000000e+00,1.977398808235164688e+04,5.996464064435003820e+03,0.000000000000000000e+00,2.186358728168765475e-01,-2.883901644035160139e+00,0.000000000000000000e+00
8.420000000000000000e+04,1.979532573140001841e+04,5.707917023843969218e+03,0.000000000000000000e+00,2.081152170786884081e-01,-2.887013594993873777e+00,0.000000000000000000e+00,1.979532573139692249e+04,5.707917023843097923e+03,0.000000000000000000e+00,2.081152170786579048e-01,-2.887013594993428356e+00,0.000000000000000000e+00,1.979532573140002569e+04,5.707917023844016512e+03,0.000000000000000000e+00,2.081152170786883804e-01,-2.887013594993873777e+00,0.000000000000000000e+00
8.430000000000000000e+04,1.981561075688000710e+04,5.419066462711663917e+03,0.000000000000000000e+00,1.975834947389506491e-01,-2.889972027965887591e+00,0.000000000000000000e+00,1.981561075687690754e+04,5.419066462710638916e+03,0.000000000000000000e+00,1.975834947389208951e-01,-2.889972027965441281e+00,0.000000000000000000e+00,1.981561075688001074e+04,5.419066462711535678e+03,0.000000000000000000e+00,1.975834947389506768e-01,-2.889972027965887147e+00,0.000000000000000000e+00
8.440000000000000000e+04,1.983484208012807721e+04,5.129927740770159289e+03,0.000000000000000000e+00,1.870412658257858407e-01,-2.892776785635462922e+00,0.000000000000000000e+00,1.983484208012497402e+04,5.129927740769170669e+03,0.000000000000000000e+00,1.870412658257579464e-01,-2.892776785635016612e+00,0.000000000000000000e+00,1.983484208012807721e+04,5.129927740770013770e+03,0.000000000000000000e+00,1.870412658257858129e-01,-2.892776785635462922e+00,0.000000000000000000e+00
8.450000000000000000e+04,1.985301867851169663e+04,4.840516233074944466e+03,0.000000000000000000e+00,1.764890909260106167e-01,-2.895427718858602173e+00,0.000000000000000000e+00,1.985301867850858980e+04,4.840516233074271440e+03,0.000000000000000000e+00,1.764890909259847485e-01,-2.895427718858155863e+00,0.000000000000000000e+00,1.985301867851169300e+04,4.840516233075058153e+03,0.000000000000000000e+00,1.764890909260106444e-01,-2.895427718858602617e+00,0.000000000000000000e+00
8.460000000000000000e+04,1.987013958548369919e+04,4.550847329187789001e+03,0.000000000000000000e+00,1.659275311553223831e-01,-2.897924686670978467e+00,0.000000000000000000e+00,1.987013958548059600e+04,4.550847329186995012e+03,0.000000000000000000e+00,1.659275311552984300e-01,-2.897924686670530825e+00,0.000000000000000000e+00,1.987013958548369556e+04,4.550847329187726245e+03,0.000000000000000000e+00,1.659275311553223553e-01,-2.897924686670978467e+00,0.000000000000000000e+00
8.470000000000000000e+04,1.988620389063370021e+04,4.260936432356364094e+03,0.000000000000000000e+00,1.553571481284632405e-01,-2.900267556295427873e+00,0.000000000000000000e+00,1.988620389063059702e+04,4.260936432355533725e+03,0.000000000000000000e+00,1.553571481284400091e-01,-2.900267556294979787e+00,0.000000000000000000e+00,1.988620389063369657e+04,4.260936432356244950e+03,0.000000000000000000e+00,1.553571481284632405e-01,-2.900267556295427873e+00,0.000000000000000000e+00
8.480000000000000000e+04,1.990121073973648890e+04,3.970798958696774207e+03,0.000000000000000000e+00,1.447785039293514875e-01,-2.902456203149016201e+00,0.000000000000000000e+00,1.990121073973339298e+04,3.970798958696139835e+03,0.000000000000000000e+00,1.447785039293302545e-01,-2.902456203148568115e+00,0.000000000000000000e+00,1.990121073973649254e+04,3.970798958696795125e+03,0.000000000000000000e+00,1.447785039293514875e-01,-2.902456203149016645e+00,0.000000000000000000e+00
8.490000000000000000e+04,1.991515933479748128e+04,3.680450336373876780e+03,0.000000000000000000e+00,1.341921610812000787e-01,-2.904490510849659923e+00,0.000000000000000000e+00,1.991515933479437808e+04,3.680450336373370192e+03,0.000000000000000000e+00,1.341921610811808163e-01,-2.904490510849211393e+00,0.000000000000000000e+00,1.991515933479747764e+04,3.680450336373970003e+03,0.000000000000000000e+00,1.341921610812000787e-01,-2.904490510849659923e+00,0.000000000000000000e+00
8.500000000000000000e+04,1.992804893409509532e+04,3.389906004780321382e+03,0.000000000000000000e+00,1.235986825166003888e-01,-2.906370371222314120e+00,0.000000000000000000e+00,1.992804893409199576e+04,3.389906004779688828e+03,0.000000000000000000e+00,1.235986825165817649e-01,-2.906370371221865589e+00,0.000000000000000000e+00,1.992804893409509532e+04,3.389906004780268177e+03,0.000000000000000000e+00,1.235986825166003195e-01,-2.906370371222314120e+00,0.000000000000000000e+00
8.510000000000000000e+04,1.993987885222025943e+04,3.099181413715006784e+03,0.000000000000000000e+00,1.129986315475839942e-01,-2.908095684304727868e+00,0.000000000000000000e+00,1.993987885221716351e+04,3.099181413714469272e+03,0.000000000000000000e+00,1.129986315475674380e-01,-2.908095684304279338e+00,0.000000000000000000e+00,1.993987885222026307e+04,3.099181413714993141e+03,0.000000000000000000e+00,1.129986315475839803e-01,-2.908095684304727868e+00,0.000000000000000000e+00
8.520000000000000000e+04,1.995064846011282498e+04,2.808292022562935017e+03,0.000000000000000000e+00,1.023925718356766823e-01,-2.909666358352756887e+00,0.000000000000000000e+00,1.995064846010972906e+04,2.808292022562448437e+03,0.000000000000000000e+00,1.023925718356621384e-01,-2.909666358352307913e+00,0.000000000000000000e+00,1.995064846011282862e+04,2.808292022562917282e+03,0.000000000000000000e+00,1.023925718356766823e-01,-2.909666358352756443e+00,0.000000000000000000e+00
8.530000000000000000e+04,1.996035718509501748e+04,2.517253299472038634e+03,0.000000000000000000e+00,9.178106736192109816e-02,-2.911082309845243188e+00,0.000000000000000000e+00,1.996035718509191793e+04,2.517253299471667106e+03,0.000000000000000000e+00,9.178106736190726200e-02,-2.911082309844794214e+00,0.000000000000000000e+00,1.996035718509501385e+04,2.517253299472114577e+03,0.000000000000000000e+00,9.178106736192107040e-02,-2.911082309845243188e+00,0.000000000000000000e+00
8.540000000000000000e+04,1.996900451090187562e+04,2.226080720531404950e+03,0.000000000000000000e+00,8.116468239688318098e-02,-2.912343463488456852e+00,0.000000000000000000e+00,1.996900451089878334e+04,2.226080720530944745e+03,0.000000000000000000e+00,8.116468239687135711e-02,-2.912343463488008322e+00,0.000000000000000000e+00,1.996900451090187926e+04,2.226080720531336738e+03,0.000000000000000000e+00,8.116468239688316710e-02,-2.912343463488456852e+00,0.000000000000000000e+00
8.550000000000000000e+04,1.997658997770876886e+04,1.934789768947171979e+03,0.000000000000000000e+00,7.054398147065465974e-02,-2.913449752220099942e+00,0.000000000000000000e+00,1.997658997770566566e+04,1.934789768946934601e+03,0.000000000000000000e+00,7.054398147064484814e-02,-2.913449752219650968e+00,0.000000000000000000e+00,1.997658997770876522e+04,1.934789768947270659e+03,0.000000000000000000e+00,7.054398147065465974e-02,-2.913449752220099942e+00,0.000000000000000000e+00
8.560000000000000000e+04,1.998311318215574283e+04,1.643395934221218340e+03,0.000000000000000000e+00,5.991952934283006904e-02,-2.914401117212869874e+00,0.000000000000000000e+00,1.998311318215263964e+04,1.643395934220797244e+03,0.000000000000000000e+00,5.991952934282097215e-02,-2.914401117212421344e+00,0.000000000000000000e+00,1.998311318215573556e+04,1.643395934221112611e+03,0.000000000000000000e+00,5.991952934283005516e-02,-2.914401117212869874e+00,0.000000000000000000e+00
8.570000000000000000e+04,1.998857377736905619e+04,1.351914711324730888e+03,0.000000000000000000e+00,4.929189097247152485e-02,-2.915197507877591576e+00,0.000000000000000000e+00,1.998857377736596391e+04,1.351914711324541940e+03,0.000000000000000000e+00,4.929189097246444717e-02,-2.915197507877143046e+00,0.000000000000000000e+00,1.998857377736905619e+04,1.351914711324801374e+03,0.000000000000000000e+00,4.929189097247151791e-02,-2.915197507877591576e+00,0.000000000000000000e+00
8.580000000000000000e+04,1.999297147297960692e+04,1.060361599877243862e+03,0.000000000000000000e+00,3.866163148807465200e-02,-2.915838881865904675e+00,0.000000000000000000e+00,1.999297147297651827e+04,1.060361599877074696e+03,0.000000000000000000e+00,3.866163148806956579e-02,-2.915838881865456145e+00,0.000000000000000000e+00,1.999297147297960692e+04,1.060361599877278422e+03,0.000000000000000000e+00,3.866163148807463812e-02,-2.915838881865905119e+00,0.000000000000000000e+00
8.590000000000000000e+04,1.999630603513834285e+04,7.687521033202065155e+02,0.000000000000000000e+00,2.802931615751239058e-02,-2.916325205072517246e+00,0.000000000000000000e+00,1.999630603513525784e+04,7.687521033200018792e+02,0.000000000000000000e+00,2.802931615750935829e-02,-2.916325205072067828e+00,0.000000000000000000e+00,1.999630603513834649e+04,7.687521033201494447e+02,0.000000000000000000e+00,2.802931615751239752e-02,-2.916325205072516802e+00,0.000000000000000000e+00
8.600000000000000000e+04,1.999857728652872538e+04,4.771017280933447182e+02,0.000000000000000000e+00,1.739551035797945455e-02,-2.916656451637016367e+00,0.000000000000000000e+00,1.999857728652563674e+04,4.771017280932275639e+02,0.000000000000000000e+00,1.739551035797715778e-02,-2.916656451636567393e+00,0.000000000000000000e+00,1.999857728652872538e+04,4.771017280933546090e+02,0.000000000000000000e+00,1.739551035797945455e-02,-2.916656451637016367e+00,0.000000000000000000e+00
8.610000000000000000e+04,1.999978510637613363e+04,1.854259828105568886e+02,0.000000000000000000e+00,6.760779545922794564e-03,-2.916832603945247904e+00,0.000000000000000000e+00,1.999978510637304862e+04,1.854259828103943164e+02,0.000000000000000000e+00,6.760779545922523948e-03,-2.916832603944798930e+00,0.000000000000000000e+00,1.999978510637613726e+04,1.854259828104653991e+02,0.000000000000000000e+00,6.760779545922796299e-03,-2.916832603945247904e+00,0.000000000000000000e+00
8.620000000000000000e+04,1.999992943045432548e+04,-1.062596225658198819e+02,0.000000000000000000e+00,-3.874310773018837042e-03,-2.916853652630249094e+00,0.000000000000000000e+00,1.999992943045124048e+04,-1.062596225657936486e+02,0.000000000000000000e+00,-3.874310773017079768e-03,-2.916853652629800120e+00,0.000000000000000000e+00,1.999992943045432548e+04,-1.062596225657785567e+02,0.000000000000000000e+00,-3.874310773018837910e-03,-2.916853652630249094e+00,0.000000000000000000e+00
